#ifdef __has_include
    #if __has_include("lvgl.h")
        #ifndef LV_LVGL_H_INCLUDE_SIMPLE
            #define LV_LVGL_H_INCLUDE_SIMPLE
        #endif
    #endif
#endif

#if defined(LV_LVGL_H_INCLUDE_SIMPLE)
    #include "lvgl.h"
#else
    #include "lvgl/lvgl.h"
#endif


#ifndef LV_ATTRIBUTE_MEM_ALIGN
#define LV_ATTRIBUTE_MEM_ALIGN
#endif

#ifndef LV_ATTRIBUTE_IMG_UI_IMG_MO_OFF
#define LV_ATTRIBUTE_IMG_UI_IMG_MO_OFF
#endif

const LV_ATTRIBUTE_MEM_ALIGN LV_ATTRIBUTE_LARGE_CONST LV_ATTRIBUTE_IMG_UI_IMG_MO_OFF uint8_t ui_img_mo_off_map[] = {
#if LV_COLOR_DEPTH == 1 || LV_COLOR_DEPTH == 8
  /*Pixel format: Red: 3 bit, Green: 3 bit, Blue: 2 bit*/
  0x00, 0x00, 0x00, 0x20, 0x20, 0x20, 0x20, 0x20, 0x20, 0x20, 0x20, 0x20, 0x20, 0x20, 0x20, 0x00, 0x00, 0x00, 
  0x00, 0x20, 0x20, 0x20, 0x20, 0x20, 0x20, 0x20, 0x20, 0x20, 0x20, 0x20, 0x20, 0x20, 0x20, 0x20, 0x20, 0x00, 
  0x00, 0x20, 0x20, 0x20, 0x20, 0x20, 0x20, 0x20, 0x20, 0x20, 0x20, 0x20, 0x20, 0x20, 0x20, 0x20, 0x20, 0x00, 
  0x20, 0x20, 0x20, 0x20, 0x20, 0x20, 0x20, 0x20, 0x20, 0x20, 0x20, 0x20, 0x20, 0x20, 0x20, 0x20, 0x20, 0x20, 
  0x20, 0x20, 0x20, 0x20, 0x20, 0x20, 0x20, 0x20, 0x20, 0x20, 0x20, 0x20, 0x20, 0x20, 0x20, 0x20, 0x20, 0x20, 
  0x20, 0x20, 0x20, 0x20, 0x20, 0x20, 0x20, 0x20, 0x20, 0x20, 0x20, 0x20, 0x20, 0x20, 0x20, 0x20, 0x20, 0x20, 
  0x20, 0x20, 0x20, 0x20, 0x20, 0x20, 0x20, 0x20, 0x20, 0x20, 0x20, 0x20, 0x20, 0x20, 0x20, 0x20, 0x20, 0x20, 
  0x20, 0x20, 0x20, 0x20, 0x20, 0x20, 0x20, 0x20, 0x20, 0x20, 0x20, 0x20, 0x20, 0x20, 0x20, 0x20, 0x20, 0x20, 
  0x20, 0x20, 0x20, 0x20, 0x20, 0x20, 0x20, 0x20, 0x20, 0x20, 0x20, 0x20, 0x20, 0x20, 0x20, 0x20, 0x20, 0x20, 
  0x20, 0x20, 0x20, 0x20, 0x20, 0x20, 0x20, 0x20, 0x20, 0x20, 0x20, 0x20, 0x20, 0x20, 0x20, 0x20, 0x20, 0x20, 
  0x20, 0x20, 0x20, 0x20, 0x20, 0x20, 0x20, 0x20, 0x20, 0x20, 0x20, 0x20, 0x20, 0x20, 0x20, 0x20, 0x20, 0x20, 
  0x20, 0x20, 0x20, 0x20, 0x20, 0x20, 0x20, 0x20, 0x20, 0x20, 0x20, 0x20, 0x20, 0x20, 0x20, 0x20, 0x20, 0x20, 
  0x20, 0x20, 0x20, 0x20, 0x20, 0x20, 0x20, 0x20, 0x20, 0x20, 0x20, 0x20, 0x20, 0x20, 0x20, 0x20, 0x20, 0x20, 
  0x20, 0x20, 0x20, 0x20, 0x20, 0x20, 0x20, 0x20, 0x20, 0x20, 0x20, 0x20, 0x20, 0x20, 0x20, 0x20, 0x20, 0x20, 
  0x20, 0x20, 0x20, 0x20, 0x20, 0x20, 0x20, 0x20, 0x20, 0x20, 0x20, 0x20, 0x20, 0x20, 0x20, 0x20, 0x20, 0x20, 
  0x20, 0x20, 0x20, 0x20, 0x20, 0x20, 0x20, 0x20, 0x20, 0x20, 0x20, 0x20, 0x20, 0x20, 0x20, 0x20, 0x20, 0x20, 
  0x20, 0x20, 0x20, 0x20, 0x20, 0x20, 0x20, 0x20, 0x20, 0x20, 0x20, 0x20, 0x20, 0x20, 0x20, 0x20, 0x20, 0x20, 
  0x20, 0x20, 0x20, 0x20, 0x20, 0x20, 0x20, 0x20, 0x20, 0x20, 0x20, 0x20, 0x20, 0x20, 0x20, 0x20, 0x20, 0x20, 
  0x20, 0x20, 0x20, 0x20, 0x20, 0x20, 0x20, 0x20, 0x20, 0x20, 0x20, 0x20, 0x20, 0x20, 0x20, 0x20, 0x20, 0x20, 
  0x20, 0x20, 0x20, 0x20, 0x20, 0x20, 0x20, 0x20, 0x20, 0x20, 0x20, 0x20, 0x20, 0x20, 0x20, 0x20, 0x20, 0x20, 
  0x20, 0x20, 0x20, 0x20, 0x20, 0x20, 0x20, 0x20, 0x20, 0x20, 0x20, 0x20, 0x20, 0x20, 0x20, 0x20, 0x20, 0x20, 
  0x20, 0x20, 0x20, 0x20, 0x20, 0x20, 0x20, 0x20, 0x20, 0x20, 0x20, 0x20, 0x20, 0x20, 0x20, 0x20, 0x20, 0x20, 
  0x20, 0x20, 0x20, 0x20, 0x20, 0x20, 0x20, 0x20, 0x20, 0x20, 0x20, 0x20, 0x20, 0x20, 0x20, 0x20, 0x20, 0x20, 
  0x20, 0x20, 0x20, 0x20, 0x20, 0x20, 0x20, 0x20, 0x20, 0x20, 0x20, 0x20, 0x20, 0x20, 0x20, 0x20, 0x20, 0x20, 
  0x20, 0x20, 0x20, 0x20, 0x20, 0x20, 0x20, 0x20, 0x20, 0x20, 0x20, 0x20, 0x20, 0x20, 0x20, 0x20, 0x20, 0x20, 
  0x20, 0x20, 0x20, 0x20, 0x20, 0x20, 0x20, 0x20, 0x20, 0x20, 0x20, 0x20, 0x20, 0x20, 0x20, 0x20, 0x20, 0x20, 
  0x20, 0x20, 0x20, 0x20, 0x20, 0x20, 0x20, 0x20, 0x20, 0x20, 0x20, 0x20, 0x20, 0x20, 0x20, 0x20, 0x20, 0x20, 
  0x20, 0x20, 0x20, 0x20, 0x20, 0x20, 0x20, 0x20, 0x20, 0x20, 0x20, 0x20, 0x20, 0x20, 0x20, 0x20, 0x20, 0x20, 
  0x20, 0x20, 0x20, 0x20, 0x20, 0x20, 0x20, 0x20, 0x20, 0x20, 0x20, 0x20, 0x20, 0x20, 0x20, 0x20, 0x20, 0x20, 
  0x20, 0x20, 0x20, 0x20, 0x20, 0x20, 0x20, 0x20, 0x20, 0x20, 0x20, 0x20, 0x20, 0x20, 0x20, 0x20, 0x20, 0x20, 
  0x20, 0x20, 0x20, 0x20, 0x20, 0x20, 0x20, 0x20, 0x20, 0x20, 0x20, 0x20, 0x20, 0x20, 0x20, 0x20, 0x20, 0x20, 
  0x20, 0x20, 0x20, 0x20, 0x20, 0x20, 0x20, 0x20, 0x20, 0x20, 0x20, 0x20, 0x20, 0x20, 0x20, 0x20, 0x20, 0x20, 
  0x20, 0x20, 0x20, 0x20, 0x20, 0x20, 0x20, 0x20, 0x20, 0x20, 0x20, 0x20, 0x20, 0x20, 0x20, 0x20, 0x20, 0x20, 
  0x20, 0x20, 0x20, 0x20, 0x20, 0x20, 0x20, 0x20, 0x20, 0x20, 0x20, 0x20, 0x20, 0x20, 0x20, 0x20, 0x20, 0x20, 
  0x20, 0x20, 0x20, 0x20, 0x20, 0x20, 0x20, 0x20, 0x20, 0x20, 0x20, 0x20, 0x20, 0x20, 0x20, 0x20, 0x20, 0x20, 
  0x20, 0x20, 0x20, 0x20, 0x20, 0x20, 0x20, 0x20, 0x20, 0x20, 0x20, 0x20, 0x20, 0x20, 0x20, 0x20, 0x20, 0x20, 
  0x20, 0x20, 0x20, 0x20, 0x20, 0x20, 0x20, 0x20, 0x20, 0x20, 0x20, 0x20, 0x20, 0x20, 0x20, 0x20, 0x20, 0x20, 
  0x20, 0x20, 0x20, 0x20, 0x20, 0x20, 0x20, 0x20, 0x20, 0x20, 0x20, 0x20, 0x20, 0x20, 0x20, 0x20, 0x20, 0x20, 
  0x20, 0x20, 0x20, 0x20, 0x20, 0x20, 0x20, 0x20, 0x20, 0x20, 0x20, 0x20, 0x20, 0x20, 0x20, 0x20, 0x20, 0x20, 
  0x24, 0x24, 0x24, 0x24, 0x24, 0x24, 0x24, 0x24, 0x24, 0x24, 0x24, 0x24, 0x24, 0x24, 0x24, 0x24, 0x24, 0x24, 
  0x24, 0x24, 0x24, 0x24, 0x24, 0x24, 0x24, 0x24, 0x24, 0x24, 0x24, 0x24, 0x24, 0x24, 0x24, 0x24, 0x24, 0x24, 
  0x24, 0x24, 0x24, 0x24, 0x24, 0x24, 0x24, 0x24, 0x24, 0x24, 0x24, 0x24, 0x24, 0x24, 0x24, 0x24, 0x24, 0x24, 
  0x24, 0x24, 0x24, 0x24, 0x24, 0x24, 0x24, 0x24, 0x24, 0x24, 0x24, 0x24, 0x24, 0x24, 0x24, 0x24, 0x24, 0x24, 
  0x24, 0x24, 0x24, 0x24, 0x24, 0x24, 0x24, 0x24, 0x24, 0x24, 0x24, 0x24, 0x24, 0x24, 0x24, 0x24, 0x24, 0x24, 
  0x24, 0x24, 0x24, 0x24, 0x24, 0x24, 0x24, 0x24, 0x24, 0x24, 0x24, 0x24, 0x24, 0x24, 0x24, 0x24, 0x24, 0x24, 
  0x24, 0x24, 0x24, 0x24, 0x24, 0x24, 0x24, 0x24, 0x24, 0x24, 0x24, 0x24, 0x24, 0x24, 0x24, 0x24, 0x24, 0x24, 
  0x24, 0x24, 0x24, 0x24, 0x24, 0x24, 0x24, 0x24, 0x24, 0x24, 0x24, 0x24, 0x24, 0x24, 0x24, 0x24, 0x24, 0x24, 
  0x24, 0x24, 0x24, 0x24, 0x24, 0x24, 0x24, 0x24, 0x24, 0x24, 0x24, 0x24, 0x24, 0x24, 0x24, 0x24, 0x24, 0x24, 
  0x24, 0x24, 0x24, 0x24, 0x24, 0x24, 0x24, 0x24, 0x24, 0x24, 0x24, 0x24, 0x24, 0x24, 0x24, 0x24, 0x24, 0x24, 
  0x24, 0x24, 0x24, 0x24, 0x24, 0x24, 0x24, 0x24, 0x24, 0x24, 0x24, 0x24, 0x24, 0x24, 0x24, 0x24, 0x24, 0x24, 
  0x24, 0x24, 0x24, 0x24, 0x24, 0x24, 0x24, 0x24, 0x24, 0x24, 0x24, 0x24, 0x24, 0x24, 0x24, 0x24, 0x24, 0x24, 
  0x24, 0x24, 0x24, 0x24, 0x24, 0x24, 0x24, 0x24, 0x24, 0x24, 0x24, 0x24, 0x24, 0x24, 0x24, 0x24, 0x24, 0x24, 
  0x24, 0x24, 0x24, 0x24, 0x24, 0x24, 0x24, 0x24, 0x24, 0x24, 0x24, 0x24, 0x24, 0x24, 0x24, 0x24, 0x24, 0x24, 
  0x24, 0x24, 0x24, 0x24, 0x24, 0x24, 0x24, 0x24, 0x24, 0x24, 0x24, 0x24, 0x24, 0x24, 0x24, 0x24, 0x24, 0x24, 
  0x24, 0x24, 0x24, 0x24, 0x24, 0x24, 0x24, 0x24, 0x24, 0x24, 0x24, 0x24, 0x24, 0x24, 0x24, 0x24, 0x24, 0x24, 
  0x24, 0x24, 0x24, 0x24, 0x24, 0x24, 0x24, 0x24, 0x24, 0x24, 0x24, 0x24, 0x24, 0x24, 0x24, 0x24, 0x24, 0x24, 
  0x24, 0x24, 0x24, 0x24, 0x24, 0x24, 0x24, 0x24, 0x24, 0x24, 0x24, 0x24, 0x24, 0x24, 0x24, 0x24, 0x24, 0x24, 
  0x24, 0x24, 0x24, 0x24, 0x24, 0x24, 0x24, 0x24, 0x24, 0x24, 0x24, 0x24, 0x24, 0x24, 0x24, 0x24, 0x24, 0x24, 
  0x24, 0x24, 0x24, 0x24, 0x24, 0x24, 0x24, 0x24, 0x24, 0x24, 0x24, 0x24, 0x24, 0x24, 0x24, 0x24, 0x24, 0x24, 
  0x24, 0x24, 0x24, 0x24, 0x24, 0x24, 0x24, 0x24, 0x24, 0x24, 0x24, 0x24, 0x24, 0x24, 0x24, 0x24, 0x24, 0x24, 
  0x24, 0x24, 0x24, 0x24, 0x24, 0x24, 0x24, 0x24, 0x24, 0x24, 0x24, 0x24, 0x24, 0x24, 0x24, 0x24, 0x24, 0x24, 
  0x24, 0x24, 0x24, 0x24, 0x24, 0x24, 0x24, 0x24, 0x24, 0x24, 0x24, 0x24, 0x24, 0x24, 0x24, 0x24, 0x24, 0x24, 
  0x24, 0x24, 0x24, 0x24, 0x24, 0x24, 0x24, 0x24, 0x24, 0x24, 0x24, 0x24, 0x24, 0x24, 0x24, 0x24, 0x24, 0x24, 
  0x24, 0x24, 0x24, 0x24, 0x24, 0x24, 0x24, 0x24, 0x24, 0x24, 0x24, 0x24, 0x24, 0x24, 0x24, 0x24, 0x24, 0x24, 
  0x24, 0x24, 0x24, 0x24, 0x24, 0x24, 0x24, 0x24, 0x24, 0x24, 0x24, 0x24, 0x24, 0x24, 0x24, 0x24, 0x24, 0x24, 
  0x24, 0x24, 0x24, 0x24, 0x24, 0x24, 0x24, 0x24, 0x24, 0x24, 0x24, 0x24, 0x24, 0x24, 0x24, 0x24, 0x24, 0x24, 
  0x24, 0x24, 0x24, 0x24, 0x24, 0x24, 0x24, 0x24, 0x24, 0x24, 0x24, 0x24, 0x24, 0x24, 0x24, 0x24, 0x24, 0x24, 
  0x24, 0x24, 0x24, 0x24, 0x24, 0x24, 0x24, 0x24, 0x24, 0x24, 0x24, 0x24, 0x24, 0x24, 0x24, 0x24, 0x24, 0x24, 
  0x24, 0x24, 0x24, 0x24, 0x24, 0x24, 0x24, 0x24, 0x24, 0x24, 0x24, 0x24, 0x24, 0x24, 0x24, 0x24, 0x24, 0x24, 
  0x24, 0x24, 0x24, 0x24, 0x24, 0x24, 0x24, 0x24, 0x24, 0x24, 0x24, 0x24, 0x24, 0x24, 0x24, 0x24, 0x24, 0x24, 
  0x24, 0x24, 0x24, 0x24, 0x24, 0x24, 0x24, 0x24, 0x24, 0x24, 0x24, 0x24, 0x24, 0x24, 0x24, 0x24, 0x24, 0x24, 
  0x24, 0x24, 0x24, 0x24, 0x24, 0x24, 0x24, 0x24, 0x24, 0x24, 0x24, 0x24, 0x24, 0x24, 0x24, 0x24, 0x24, 0x24, 
  0x24, 0x24, 0x24, 0x24, 0x24, 0x24, 0x24, 0x24, 0x24, 0x24, 0x24, 0x24, 0x24, 0x24, 0x24, 0x24, 0x24, 0x24, 
  0x24, 0x24, 0x24, 0x24, 0x24, 0x24, 0x24, 0x24, 0x24, 0x24, 0x24, 0x24, 0x24, 0x24, 0x24, 0x24, 0x24, 0x24, 
  0x24, 0x24, 0x24, 0x24, 0x24, 0x24, 0x24, 0x24, 0x24, 0x24, 0x24, 0x24, 0x24, 0x24, 0x24, 0x24, 0x24, 0x24, 
  0x24, 0x24, 0x24, 0x24, 0x24, 0x24, 0x24, 0x24, 0x24, 0x24, 0x24, 0x24, 0x24, 0x24, 0x24, 0x24, 0x24, 0x24, 
  0x24, 0x24, 0x24, 0x24, 0x24, 0x24, 0x24, 0x24, 0x24, 0x24, 0x24, 0x24, 0x24, 0x24, 0x24, 0x24, 0x24, 0x24, 
  0x24, 0x24, 0x24, 0x24, 0x24, 0x24, 0x24, 0x24, 0x24, 0x24, 0x24, 0x24, 0x24, 0x24, 0x24, 0x24, 0x24, 0x24, 
  0x24, 0x24, 0x24, 0x24, 0x24, 0x24, 0x24, 0x24, 0x24, 0x24, 0x24, 0x24, 0x24, 0x24, 0x24, 0x24, 0x24, 0x24, 
  0x24, 0x24, 0x24, 0x24, 0x24, 0x24, 0x24, 0x24, 0x24, 0x24, 0x24, 0x24, 0x24, 0x24, 0x24, 0x24, 0x24, 0x24, 
  0x24, 0x24, 0x24, 0x24, 0x24, 0x24, 0x24, 0x24, 0x24, 0x24, 0x24, 0x24, 0x24, 0x24, 0x24, 0x24, 0x24, 0x24, 
  0x24, 0x24, 0x24, 0x24, 0x24, 0x24, 0x24, 0x24, 0x24, 0x24, 0x24, 0x24, 0x24, 0x24, 0x24, 0x24, 0x24, 0x24, 
  0x24, 0x24, 0x24, 0x24, 0x24, 0x24, 0x24, 0x24, 0x24, 0x24, 0x24, 0x24, 0x24, 0x24, 0x24, 0x24, 0x24, 0x24, 
  0x24, 0x24, 0x24, 0x24, 0x24, 0x24, 0x24, 0x24, 0x24, 0x24, 0x24, 0x24, 0x24, 0x24, 0x24, 0x24, 0x24, 0x24, 
  0x24, 0x24, 0x24, 0x24, 0x24, 0x24, 0x24, 0x24, 0x24, 0x24, 0x24, 0x24, 0x24, 0x24, 0x24, 0x24, 0x24, 0x24, 
  0x24, 0x24, 0x24, 0x24, 0x24, 0x24, 0x24, 0x24, 0x24, 0x24, 0x24, 0x24, 0x24, 0x24, 0x24, 0x24, 0x24, 0x24, 
  0x24, 0x24, 0x24, 0x24, 0x24, 0x24, 0x24, 0x24, 0x24, 0x24, 0x24, 0x24, 0x24, 0x24, 0x24, 0x24, 0x24, 0x24, 
  0x24, 0x24, 0x24, 0x24, 0x24, 0x24, 0x24, 0x24, 0x24, 0x24, 0x24, 0x24, 0x24, 0x24, 0x24, 0x24, 0x24, 0x24, 
  0x24, 0x24, 0x24, 0x24, 0x24, 0x24, 0x24, 0x24, 0x24, 0x24, 0x24, 0x24, 0x24, 0x24, 0x24, 0x24, 0x24, 0x24, 
  0x24, 0x24, 0x24, 0x24, 0x24, 0x24, 0x24, 0x24, 0x24, 0x24, 0x24, 0x24, 0x24, 0x24, 0x24, 0x24, 0x24, 0x24, 
  0x24, 0x24, 0x24, 0x24, 0x24, 0x24, 0x24, 0x24, 0x24, 0x24, 0x24, 0x24, 0x24, 0x24, 0x24, 0x24, 0x24, 0x24, 
  0x24, 0x24, 0x24, 0x24, 0x24, 0x24, 0x24, 0x24, 0x24, 0x24, 0x24, 0x24, 0x24, 0x24, 0x24, 0x24, 0x24, 0x24, 
  0x24, 0x24, 0x24, 0x24, 0x24, 0x24, 0x24, 0x24, 0x24, 0x24, 0x24, 0x24, 0x24, 0x24, 0x24, 0x24, 0x24, 0x24, 
  0x24, 0x24, 0x24, 0x24, 0x24, 0x24, 0x24, 0x24, 0x24, 0x24, 0x24, 0x24, 0x24, 0x24, 0x24, 0x24, 0x24, 0x24, 
  0x24, 0x24, 0x24, 0x24, 0x24, 0x24, 0x24, 0x24, 0x24, 0x24, 0x24, 0x24, 0x24, 0x24, 0x24, 0x24, 0x24, 0x24, 
  0x24, 0x24, 0x24, 0x24, 0x24, 0x24, 0x24, 0x24, 0x24, 0x24, 0x24, 0x24, 0x24, 0x24, 0x24, 0x24, 0x24, 0x24, 
  0x24, 0x24, 0x24, 0x24, 0x24, 0x24, 0x24, 0x24, 0x24, 0x24, 0x24, 0x24, 0x24, 0x24, 0x24, 0x24, 0x24, 0x24, 
  0x24, 0x24, 0x24, 0x24, 0x24, 0x24, 0x24, 0x24, 0x24, 0x24, 0x24, 0x24, 0x24, 0x24, 0x24, 0x24, 0x24, 0x24, 
  0x24, 0x24, 0x24, 0x24, 0x24, 0x24, 0x24, 0x24, 0x24, 0x24, 0x24, 0x24, 0x24, 0x24, 0x24, 0x24, 0x24, 0x24, 
  0x24, 0x24, 0x24, 0x24, 0x24, 0x24, 0x24, 0x24, 0x24, 0x24, 0x24, 0x24, 0x24, 0x24, 0x24, 0x24, 0x24, 0x24, 
  0x24, 0x24, 0x24, 0x24, 0x24, 0x24, 0x24, 0x24, 0x24, 0x24, 0x24, 0x24, 0x24, 0x24, 0x24, 0x24, 0x24, 0x24, 
  0x24, 0x24, 0x24, 0x24, 0x24, 0x24, 0x24, 0x24, 0x24, 0x24, 0x24, 0x24, 0x24, 0x24, 0x24, 0x24, 0x24, 0x24, 
  0x24, 0x24, 0x24, 0x24, 0x24, 0x24, 0x24, 0x24, 0x24, 0x24, 0x24, 0x24, 0x24, 0x24, 0x24, 0x24, 0x24, 0x24, 
  0x24, 0x24, 0x24, 0x24, 0x24, 0x24, 0x24, 0x24, 0x24, 0x24, 0x24, 0x24, 0x24, 0x24, 0x24, 0x24, 0x24, 0x24, 
  0x24, 0x24, 0x24, 0x24, 0x24, 0x24, 0x24, 0x24, 0x24, 0x24, 0x24, 0x24, 0x24, 0x24, 0x24, 0x24, 0x24, 0x24, 
  0x24, 0x24, 0x24, 0x24, 0x24, 0x24, 0x24, 0x24, 0x24, 0x24, 0x24, 0x24, 0x24, 0x24, 0x24, 0x24, 0x24, 0x24, 
  0x24, 0x24, 0x24, 0x24, 0x24, 0x24, 0x24, 0x24, 0x24, 0x24, 0x24, 0x24, 0x24, 0x24, 0x24, 0x24, 0x24, 0x24, 
  0x24, 0x24, 0x24, 0x24, 0x24, 0x24, 0x24, 0x24, 0x24, 0x24, 0x24, 0x24, 0x24, 0x24, 0x24, 0x24, 0x24, 0x24, 
  0x24, 0x24, 0x24, 0x24, 0x24, 0x24, 0x24, 0x24, 0x24, 0x24, 0x24, 0x24, 0x24, 0x24, 0x24, 0x24, 0x24, 0x24, 
  0x24, 0x24, 0x24, 0x24, 0x24, 0x24, 0x24, 0x24, 0x24, 0x24, 0x24, 0x24, 0x24, 0x24, 0x24, 0x24, 0x24, 0x24, 
  0x24, 0x24, 0x24, 0x24, 0x24, 0x24, 0x24, 0x24, 0x24, 0x24, 0x24, 0x24, 0x24, 0x24, 0x24, 0x24, 0x24, 0x24, 
  0x24, 0x24, 0x24, 0x24, 0x24, 0x24, 0x24, 0x24, 0x24, 0x24, 0x24, 0x24, 0x24, 0x24, 0x24, 0x24, 0x24, 0x24, 
  0x24, 0x24, 0x24, 0x24, 0x24, 0x24, 0x24, 0x24, 0x24, 0x24, 0x24, 0x24, 0x24, 0x24, 0x24, 0x24, 0x24, 0x24, 
  0x24, 0x24, 0x24, 0x24, 0x24, 0x24, 0x24, 0x24, 0x24, 0x24, 0x24, 0x24, 0x24, 0x24, 0x24, 0x24, 0x24, 0x24, 
  0x24, 0x24, 0x24, 0x24, 0x24, 0x24, 0x24, 0x24, 0x24, 0x24, 0x24, 0x24, 0x24, 0x24, 0x24, 0x24, 0x24, 0x24, 
  0x24, 0x24, 0x24, 0x24, 0x24, 0x24, 0x24, 0x24, 0x24, 0x24, 0x24, 0x24, 0x24, 0x24, 0x24, 0x24, 0x24, 0x24, 
  0x24, 0x24, 0x24, 0x24, 0x24, 0x24, 0x24, 0x24, 0x24, 0x24, 0x24, 0x24, 0x24, 0x24, 0x24, 0x24, 0x24, 0x24, 
  0x24, 0x24, 0x24, 0x24, 0x24, 0x24, 0x24, 0x24, 0x24, 0x24, 0x24, 0x24, 0x24, 0x24, 0x24, 0x24, 0x24, 0x24, 
  0x24, 0x24, 0x24, 0x24, 0x24, 0x24, 0x24, 0x24, 0x24, 0x24, 0x24, 0x24, 0x24, 0x24, 0x24, 0x24, 0x24, 0x24, 
  0x24, 0x24, 0x24, 0x24, 0x24, 0x24, 0x24, 0x24, 0x24, 0x24, 0x24, 0x24, 0x24, 0x24, 0x24, 0x24, 0x24, 0x24, 
  0x24, 0x24, 0x24, 0x24, 0x24, 0x24, 0x24, 0x24, 0x24, 0x24, 0x24, 0x24, 0x24, 0x24, 0x24, 0x24, 0x24, 0x24, 
  0x24, 0x24, 0x24, 0x24, 0x24, 0x24, 0x24, 0x24, 0x24, 0x24, 0x24, 0x24, 0x24, 0x24, 0x24, 0x24, 0x24, 0x24, 
  0x24, 0x24, 0x24, 0x24, 0x24, 0x24, 0x24, 0x24, 0x24, 0x24, 0x24, 0x24, 0x24, 0x24, 0x24, 0x24, 0x24, 0x24, 
  0x24, 0x24, 0x24, 0x24, 0x24, 0x24, 0x24, 0x24, 0x24, 0x24, 0x24, 0x24, 0x24, 0x24, 0x24, 0x24, 0x24, 0x24, 
  0x24, 0x24, 0x24, 0x24, 0x24, 0x24, 0x24, 0x24, 0x24, 0x24, 0x24, 0x24, 0x24, 0x24, 0x24, 0x24, 0x24, 0x24, 
  0x24, 0x24, 0x24, 0x24, 0x24, 0x24, 0x24, 0x24, 0x24, 0x24, 0x24, 0x24, 0x24, 0x24, 0x24, 0x24, 0x24, 0x24, 
  0x24, 0x24, 0x24, 0x24, 0x24, 0x24, 0x24, 0x24, 0x24, 0x24, 0x24, 0x24, 0x24, 0x24, 0x24, 0x24, 0x24, 0x24, 
  0x24, 0x24, 0x24, 0x24, 0x24, 0x24, 0x24, 0x24, 0x24, 0x24, 0x24, 0x24, 0x24, 0x24, 0x24, 0x24, 0x24, 0x24, 
  0x24, 0x24, 0x24, 0x24, 0x24, 0x24, 0x24, 0x24, 0x24, 0x24, 0x24, 0x24, 0x24, 0x24, 0x24, 0x24, 0x24, 0x24, 
  0x24, 0x24, 0x24, 0x24, 0x24, 0x24, 0x24, 0x24, 0x24, 0x24, 0x24, 0x24, 0x24, 0x24, 0x24, 0x24, 0x24, 0x24, 
  0x24, 0x24, 0x24, 0x24, 0x24, 0x24, 0x24, 0x24, 0x24, 0x24, 0x24, 0x24, 0x24, 0x24, 0x24, 0x24, 0x24, 0x24, 
  0x24, 0x24, 0x24, 0x24, 0x24, 0x24, 0x24, 0x24, 0x24, 0x24, 0x24, 0x24, 0x24, 0x24, 0x24, 0x24, 0x24, 0x24, 
  0x24, 0x24, 0x24, 0x24, 0x24, 0x24, 0x24, 0x24, 0x24, 0x24, 0x24, 0x24, 0x24, 0x24, 0x24, 0x24, 0x24, 0x24, 
  0x24, 0x24, 0x24, 0x24, 0x24, 0x24, 0x24, 0x24, 0x24, 0x24, 0x24, 0x24, 0x24, 0x24, 0x24, 0x24, 0x24, 0x24, 
  0x24, 0x24, 0x24, 0x24, 0x24, 0x24, 0x24, 0x24, 0x24, 0x24, 0x24, 0x24, 0x24, 0x24, 0x24, 0x24, 0x24, 0x24, 
  0x24, 0x24, 0x24, 0x24, 0x24, 0x24, 0x24, 0x24, 0x24, 0x24, 0x24, 0x24, 0x24, 0x24, 0x24, 0x24, 0x24, 0x24, 
  0x24, 0x24, 0x24, 0x24, 0x24, 0x24, 0x24, 0x24, 0x24, 0x24, 0x24, 0x24, 0x24, 0x24, 0x24, 0x24, 0x24, 0x24, 
  0x24, 0x24, 0x24, 0x24, 0x24, 0x24, 0x24, 0x24, 0x24, 0x24, 0x24, 0x24, 0x24, 0x24, 0x24, 0x24, 0x24, 0x24, 
  0x24, 0x24, 0x24, 0x24, 0x24, 0x24, 0x24, 0x24, 0x24, 0x24, 0x24, 0x24, 0x24, 0x24, 0x24, 0x24, 0x24, 0x24, 
  0x24, 0x24, 0x24, 0x24, 0x24, 0x24, 0x24, 0x24, 0x24, 0x24, 0x24, 0x24, 0x24, 0x24, 0x24, 0x24, 0x24, 0x24, 
  0x24, 0x24, 0x24, 0x24, 0x24, 0x24, 0x24, 0x24, 0x24, 0x24, 0x24, 0x24, 0x24, 0x24, 0x24, 0x24, 0x24, 0x24, 
  0x24, 0x24, 0x24, 0x24, 0x24, 0x24, 0x24, 0x24, 0x24, 0x24, 0x24, 0x24, 0x24, 0x24, 0x24, 0x24, 0x24, 0x24, 
  0x24, 0x24, 0x24, 0x24, 0x24, 0x24, 0x24, 0x24, 0x24, 0x24, 0x24, 0x24, 0x24, 0x24, 0x24, 0x24, 0x24, 0x24, 
  0x24, 0x24, 0x24, 0x24, 0x24, 0x24, 0x24, 0x24, 0x24, 0x24, 0x24, 0x24, 0x24, 0x24, 0x24, 0x24, 0x24, 0x24, 
  0x24, 0x24, 0x24, 0x24, 0x24, 0x24, 0x24, 0x24, 0x24, 0x24, 0x24, 0x24, 0x24, 0x24, 0x24, 0x24, 0x24, 0x24, 
  0x24, 0x24, 0x24, 0x24, 0x24, 0x24, 0x24, 0x24, 0x24, 0x24, 0x24, 0x24, 0x24, 0x24, 0x24, 0x24, 0x24, 0x24, 
  0x24, 0x24, 0x24, 0x24, 0x24, 0x24, 0x24, 0x24, 0x24, 0x24, 0x24, 0x24, 0x24, 0x24, 0x24, 0x24, 0x24, 0x24, 
  0x24, 0x24, 0x24, 0x24, 0x24, 0x24, 0x24, 0x24, 0x24, 0x24, 0x24, 0x24, 0x24, 0x24, 0x24, 0x24, 0x24, 0x24, 
  0x24, 0x24, 0x24, 0x24, 0x24, 0x24, 0x24, 0x24, 0x24, 0x24, 0x24, 0x24, 0x24, 0x24, 0x24, 0x24, 0x24, 0x24, 
  0x24, 0x24, 0x24, 0x24, 0x24, 0x24, 0x24, 0x24, 0x24, 0x24, 0x24, 0x24, 0x24, 0x24, 0x24, 0x24, 0x24, 0x24, 
  0x24, 0x24, 0x24, 0x24, 0x24, 0x24, 0x24, 0x24, 0x24, 0x24, 0x24, 0x24, 0x24, 0x24, 0x24, 0x24, 0x24, 0x24, 
  0x24, 0x24, 0x24, 0x24, 0x24, 0x24, 0x24, 0x24, 0x24, 0x24, 0x24, 0x24, 0x24, 0x24, 0x24, 0x24, 0x24, 0x24, 
  0x24, 0x24, 0x24, 0x24, 0x24, 0x24, 0x24, 0x24, 0x24, 0x24, 0x24, 0x24, 0x24, 0x24, 0x24, 0x24, 0x24, 0x24, 
  0x24, 0x24, 0x24, 0x24, 0x24, 0x24, 0x24, 0x24, 0x24, 0x24, 0x24, 0x24, 0x24, 0x24, 0x24, 0x24, 0x24, 0x24, 
  0x24, 0x24, 0x24, 0x24, 0x24, 0x24, 0x24, 0x24, 0x24, 0x24, 0x24, 0x24, 0x24, 0x24, 0x24, 0x24, 0x24, 0x24, 
  0x24, 0x24, 0x24, 0x24, 0x24, 0x24, 0x24, 0x24, 0x24, 0x24, 0x24, 0x24, 0x24, 0x24, 0x24, 0x24, 0x24, 0x24, 
  0x24, 0x24, 0x24, 0x24, 0x24, 0x24, 0x24, 0x24, 0x24, 0x24, 0x24, 0x24, 0x24, 0x24, 0x24, 0x24, 0x24, 0x24, 
  0x24, 0x24, 0x24, 0x24, 0x24, 0x24, 0x24, 0x24, 0x24, 0x24, 0x24, 0x24, 0x24, 0x24, 0x24, 0x24, 0x24, 0x24, 
  0x24, 0x24, 0x24, 0x24, 0x24, 0x24, 0x24, 0x24, 0x24, 0x24, 0x24, 0x24, 0x24, 0x24, 0x24, 0x24, 0x24, 0x24, 
  0x24, 0x24, 0x24, 0x24, 0x24, 0x24, 0x24, 0x24, 0x24, 0x24, 0x24, 0x24, 0x24, 0x24, 0x24, 0x24, 0x24, 0x24, 
  0x24, 0x24, 0x24, 0x24, 0x24, 0x24, 0x24, 0x24, 0x24, 0x24, 0x24, 0x24, 0x24, 0x24, 0x24, 0x24, 0x24, 0x24, 
  0x24, 0x24, 0x24, 0x24, 0x24, 0x24, 0x24, 0x24, 0x24, 0x24, 0x24, 0x24, 0x24, 0x24, 0x24, 0x24, 0x24, 0x24, 
  0x24, 0x24, 0x24, 0x24, 0x24, 0x24, 0x24, 0x24, 0x24, 0x24, 0x24, 0x24, 0x24, 0x24, 0x24, 0x24, 0x24, 0x24, 
  0x24, 0x24, 0x24, 0x24, 0x24, 0x24, 0x24, 0x24, 0x24, 0x24, 0x24, 0x24, 0x24, 0x24, 0x24, 0x24, 0x24, 0x24, 
  0x24, 0x24, 0x24, 0x24, 0x24, 0x24, 0x24, 0x24, 0x24, 0x24, 0x24, 0x24, 0x24, 0x24, 0x24, 0x24, 0x24, 0x24, 
  0x24, 0x24, 0x24, 0x24, 0x24, 0x24, 0x24, 0x24, 0x24, 0x24, 0x24, 0x24, 0x24, 0x24, 0x24, 0x24, 0x24, 0x24, 
  0x24, 0x24, 0x24, 0x24, 0x24, 0x24, 0x24, 0x24, 0x24, 0x24, 0x24, 0x24, 0x24, 0x24, 0x24, 0x24, 0x24, 0x24, 
  0x24, 0x24, 0x24, 0x24, 0x24, 0x24, 0x24, 0x24, 0x24, 0x24, 0x24, 0x24, 0x24, 0x24, 0x24, 0x24, 0x24, 0x24, 
  0x24, 0x24, 0x24, 0x24, 0x24, 0x24, 0x24, 0x24, 0x24, 0x24, 0x24, 0x24, 0x24, 0x24, 0x24, 0x24, 0x24, 0x24, 
  0x24, 0x24, 0x24, 0x24, 0x24, 0x24, 0x24, 0x24, 0x24, 0x24, 0x24, 0x24, 0x24, 0x24, 0x24, 0x24, 0x24, 0x24, 
  0x24, 0x24, 0x24, 0x24, 0x24, 0x24, 0x24, 0x24, 0x24, 0x24, 0x24, 0x24, 0x24, 0x24, 0x24, 0x24, 0x24, 0x24, 
  0x04, 0x04, 0x04, 0x04, 0x04, 0x04, 0x04, 0x04, 0x04, 0x04, 0x04, 0x04, 0x04, 0x04, 0x04, 0x04, 0x04, 0x04, 
  0x04, 0x04, 0x04, 0x04, 0x04, 0x04, 0x04, 0x04, 0x04, 0x04, 0x04, 0x04, 0x04, 0x04, 0x04, 0x04, 0x04, 0x04, 
  0x04, 0x04, 0x04, 0x04, 0x04, 0x04, 0x04, 0x04, 0x04, 0x04, 0x04, 0x04, 0x04, 0x04, 0x04, 0x04, 0x04, 0x04, 
  0x04, 0x04, 0x04, 0x04, 0x04, 0x04, 0x04, 0x04, 0x04, 0x04, 0x04, 0x04, 0x04, 0x04, 0x04, 0x04, 0x04, 0x04, 
  0x04, 0x04, 0x04, 0x04, 0x04, 0x04, 0x04, 0x04, 0x04, 0x04, 0x04, 0x04, 0x04, 0x04, 0x04, 0x04, 0x04, 0x04, 
  0x04, 0x04, 0x04, 0x04, 0x04, 0x04, 0x04, 0x04, 0x04, 0x04, 0x04, 0x04, 0x04, 0x04, 0x04, 0x04, 0x04, 0x04, 
  0x04, 0x04, 0x04, 0x04, 0x04, 0x04, 0x04, 0x04, 0x04, 0x04, 0x04, 0x04, 0x04, 0x04, 0x04, 0x04, 0x04, 0x04, 
  0x04, 0x04, 0x04, 0x04, 0x04, 0x04, 0x04, 0x04, 0x04, 0x04, 0x04, 0x04, 0x04, 0x04, 0x04, 0x04, 0x04, 0x04, 
  0x04, 0x04, 0x04, 0x04, 0x04, 0x04, 0x04, 0x04, 0x04, 0x04, 0x04, 0x04, 0x04, 0x04, 0x04, 0x04, 0x04, 0x04, 
  0x04, 0x04, 0x04, 0x04, 0x04, 0x04, 0x04, 0x04, 0x04, 0x04, 0x04, 0x04, 0x04, 0x04, 0x04, 0x04, 0x04, 0x04, 
  0x04, 0x04, 0x04, 0x04, 0x04, 0x04, 0x04, 0x04, 0x04, 0x04, 0x04, 0x04, 0x04, 0x04, 0x04, 0x04, 0x04, 0x04, 
  0x04, 0x04, 0x04, 0x04, 0x04, 0x04, 0x04, 0x04, 0x04, 0x04, 0x04, 0x04, 0x04, 0x04, 0x04, 0x04, 0x04, 0x04, 
  0x04, 0x04, 0x04, 0x04, 0x04, 0x04, 0x04, 0x04, 0x04, 0x04, 0x04, 0x04, 0x04, 0x04, 0x04, 0x04, 0x04, 0x04, 
  0x04, 0x04, 0x04, 0x04, 0x04, 0x04, 0x04, 0x04, 0x04, 0x04, 0x04, 0x04, 0x04, 0x04, 0x04, 0x04, 0x04, 0x04, 
  0x04, 0x04, 0x04, 0x04, 0x04, 0x04, 0x04, 0x04, 0x04, 0x04, 0x04, 0x04, 0x04, 0x04, 0x04, 0x04, 0x04, 0x04, 
  0x04, 0x04, 0x04, 0x04, 0x04, 0x04, 0x04, 0x04, 0x04, 0x04, 0x04, 0x04, 0x04, 0x04, 0x04, 0x04, 0x04, 0x04, 
  0x04, 0x04, 0x04, 0x04, 0x04, 0x04, 0x04, 0x04, 0x04, 0x04, 0x04, 0x04, 0x04, 0x04, 0x04, 0x04, 0x04, 0x04, 
  0x04, 0x04, 0x04, 0x04, 0x04, 0x04, 0x04, 0x04, 0x04, 0x04, 0x04, 0x04, 0x04, 0x04, 0x04, 0x04, 0x04, 0x04, 
  0x04, 0x04, 0x04, 0x04, 0x04, 0x04, 0x04, 0x04, 0x04, 0x04, 0x04, 0x04, 0x04, 0x04, 0x04, 0x04, 0x04, 0x04, 
  0x04, 0x04, 0x04, 0x04, 0x04, 0x04, 0x04, 0x04, 0x04, 0x04, 0x04, 0x04, 0x04, 0x04, 0x04, 0x04, 0x04, 0x04, 
  0x04, 0x04, 0x04, 0x04, 0x04, 0x04, 0x04, 0x04, 0x04, 0x04, 0x04, 0x04, 0x04, 0x04, 0x04, 0x04, 0x04, 0x04, 
  0x04, 0x04, 0x04, 0x04, 0x04, 0x04, 0x04, 0x04, 0x04, 0x04, 0x04, 0x04, 0x04, 0x04, 0x04, 0x04, 0x04, 0x04, 
  0x04, 0x04, 0x04, 0x04, 0x04, 0x04, 0x04, 0x04, 0x04, 0x04, 0x04, 0x04, 0x04, 0x04, 0x04, 0x04, 0x04, 0x04, 
  0x04, 0x04, 0x04, 0x04, 0x04, 0x04, 0x04, 0x04, 0x04, 0x04, 0x04, 0x04, 0x04, 0x04, 0x04, 0x04, 0x04, 0x04, 
  0x04, 0x04, 0x04, 0x04, 0x04, 0x04, 0x04, 0x04, 0x04, 0x04, 0x04, 0x04, 0x04, 0x04, 0x04, 0x04, 0x04, 0x04, 
  0x04, 0x04, 0x04, 0x04, 0x04, 0x04, 0x04, 0x04, 0x04, 0x04, 0x04, 0x04, 0x04, 0x04, 0x04, 0x04, 0x04, 0x04, 
  0x04, 0x04, 0x04, 0x04, 0x04, 0x04, 0x04, 0x04, 0x04, 0x04, 0x04, 0x04, 0x04, 0x04, 0x04, 0x04, 0x04, 0x04, 
  0x04, 0x04, 0x04, 0x04, 0x04, 0x04, 0x04, 0x04, 0x04, 0x04, 0x04, 0x04, 0x04, 0x04, 0x04, 0x04, 0x04, 0x04, 
  0x04, 0x04, 0x04, 0x04, 0x04, 0x04, 0x04, 0x04, 0x04, 0x04, 0x04, 0x04, 0x04, 0x04, 0x04, 0x04, 0x04, 0x04, 
  0x04, 0x04, 0x04, 0x04, 0x04, 0x04, 0x04, 0x04, 0x04, 0x04, 0x04, 0x04, 0x04, 0x04, 0x04, 0x04, 0x04, 0x04, 
  0x04, 0x04, 0x04, 0x04, 0x04, 0x04, 0x04, 0x04, 0x04, 0x04, 0x04, 0x04, 0x04, 0x04, 0x04, 0x04, 0x04, 0x04, 
  0x04, 0x04, 0x04, 0x04, 0x04, 0x04, 0x04, 0x04, 0x04, 0x04, 0x04, 0x04, 0x04, 0x04, 0x04, 0x04, 0x04, 0x04, 
  0x04, 0x04, 0x04, 0x04, 0x04, 0x04, 0x04, 0x04, 0x04, 0x04, 0x04, 0x04, 0x04, 0x04, 0x04, 0x04, 0x04, 0x04, 
  0x04, 0x04, 0x04, 0x04, 0x04, 0x04, 0x04, 0x04, 0x04, 0x04, 0x04, 0x04, 0x04, 0x04, 0x04, 0x04, 0x04, 0x04, 
  0x04, 0x04, 0x04, 0x04, 0x04, 0x04, 0x04, 0x04, 0x04, 0x04, 0x04, 0x04, 0x04, 0x04, 0x04, 0x04, 0x04, 0x04, 
  0x04, 0x04, 0x04, 0x04, 0x04, 0x04, 0x04, 0x04, 0x04, 0x04, 0x04, 0x04, 0x04, 0x04, 0x04, 0x04, 0x04, 0x04, 
  0x04, 0x04, 0x04, 0x04, 0x04, 0x04, 0x04, 0x04, 0x04, 0x04, 0x04, 0x04, 0x04, 0x04, 0x04, 0x04, 0x04, 0x04, 
  0x04, 0x04, 0x04, 0x04, 0x04, 0x04, 0x04, 0x04, 0x04, 0x04, 0x04, 0x04, 0x04, 0x04, 0x04, 0x04, 0x04, 0x04, 
  0x04, 0x04, 0x04, 0x04, 0x04, 0x04, 0x04, 0x04, 0x04, 0x04, 0x04, 0x04, 0x04, 0x04, 0x04, 0x04, 0x04, 0x04, 
  0x04, 0x04, 0x04, 0x04, 0x04, 0x04, 0x04, 0x04, 0x04, 0x04, 0x04, 0x04, 0x04, 0x04, 0x04, 0x04, 0x04, 0x04, 
  0x04, 0x04, 0x04, 0x04, 0x04, 0x04, 0x04, 0x04, 0x04, 0x04, 0x04, 0x04, 0x04, 0x04, 0x04, 0x04, 0x04, 0x04, 
  0x04, 0x04, 0x04, 0x04, 0x04, 0x04, 0x04, 0x04, 0x04, 0x04, 0x04, 0x04, 0x04, 0x04, 0x04, 0x04, 0x04, 0x04, 
  0x04, 0x04, 0x04, 0x04, 0x04, 0x04, 0x04, 0x04, 0x04, 0x04, 0x04, 0x04, 0x04, 0x04, 0x04, 0x04, 0x04, 0x04, 
  0x04, 0x04, 0x04, 0x04, 0x04, 0x04, 0x04, 0x04, 0x04, 0x04, 0x04, 0x04, 0x04, 0x04, 0x04, 0x04, 0x04, 0x04, 
  0x04, 0x04, 0x04, 0x04, 0x04, 0x04, 0x04, 0x04, 0x04, 0x04, 0x04, 0x04, 0x04, 0x04, 0x04, 0x04, 0x04, 0x04, 
  0x04, 0x04, 0x04, 0x04, 0x04, 0x04, 0x04, 0x04, 0x04, 0x04, 0x04, 0x04, 0x04, 0x04, 0x04, 0x04, 0x04, 0x04, 
  0x04, 0x04, 0x04, 0x04, 0x04, 0x04, 0x04, 0x04, 0x04, 0x04, 0x04, 0x04, 0x04, 0x04, 0x04, 0x04, 0x04, 0x04, 
  0x04, 0x04, 0x04, 0x04, 0x04, 0x04, 0x04, 0x04, 0x04, 0x04, 0x04, 0x04, 0x04, 0x04, 0x04, 0x04, 0x04, 0x04, 
  0x04, 0x04, 0x04, 0x04, 0x04, 0x04, 0x04, 0x04, 0x04, 0x04, 0x04, 0x04, 0x04, 0x04, 0x04, 0x04, 0x04, 0x04, 
  0x04, 0x04, 0x04, 0x04, 0x04, 0x04, 0x04, 0x04, 0x04, 0x04, 0x04, 0x04, 0x04, 0x04, 0x04, 0x04, 0x04, 0x04, 
  0x04, 0x04, 0x04, 0x04, 0x04, 0x04, 0x04, 0x04, 0x04, 0x04, 0x04, 0x04, 0x04, 0x04, 0x04, 0x04, 0x04, 0x04, 
  0x04, 0x04, 0x04, 0x04, 0x04, 0x04, 0x04, 0x04, 0x04, 0x04, 0x04, 0x04, 0x04, 0x04, 0x04, 0x04, 0x04, 0x04, 
  0x04, 0x04, 0x04, 0x04, 0x04, 0x04, 0x04, 0x04, 0x04, 0x04, 0x04, 0x04, 0x04, 0x04, 0x04, 0x04, 0x04, 0x04, 
  0x04, 0x04, 0x04, 0x04, 0x04, 0x04, 0x04, 0x04, 0x04, 0x04, 0x04, 0x04, 0x04, 0x04, 0x04, 0x04, 0x04, 0x04, 
  0x04, 0x04, 0x04, 0x04, 0x04, 0x04, 0x04, 0x04, 0x04, 0x04, 0x04, 0x04, 0x04, 0x04, 0x04, 0x04, 0x04, 0x04, 
  0x04, 0x04, 0x04, 0x04, 0x04, 0x04, 0x04, 0x04, 0x04, 0x04, 0x04, 0x04, 0x04, 0x04, 0x04, 0x04, 0x04, 0x04, 
  0x04, 0x04, 0x04, 0x04, 0x04, 0x04, 0x04, 0x04, 0x04, 0x04, 0x04, 0x04, 0x04, 0x04, 0x04, 0x04, 0x04, 0x04, 
  0x04, 0x04, 0x04, 0x04, 0x04, 0x04, 0x04, 0x04, 0x04, 0x04, 0x04, 0x04, 0x04, 0x04, 0x04, 0x04, 0x04, 0x04, 
  0x04, 0x04, 0x04, 0x04, 0x04, 0x04, 0x04, 0x04, 0x04, 0x04, 0x04, 0x04, 0x04, 0x04, 0x04, 0x04, 0x04, 0x04, 
  0x04, 0x04, 0x04, 0x04, 0x04, 0x04, 0x04, 0x04, 0x04, 0x04, 0x04, 0x04, 0x04, 0x04, 0x04, 0x04, 0x04, 0x04, 
  0x04, 0x04, 0x04, 0x04, 0x04, 0x04, 0x04, 0x04, 0x04, 0x04, 0x04, 0x04, 0x04, 0x04, 0x04, 0x04, 0x04, 0x04, 
  0x04, 0x04, 0x04, 0x04, 0x04, 0x04, 0x04, 0x04, 0x04, 0x04, 0x04, 0x04, 0x04, 0x04, 0x04, 0x04, 0x04, 0x04, 
  0x04, 0x04, 0x04, 0x04, 0x04, 0x04, 0x04, 0x04, 0x04, 0x04, 0x04, 0x04, 0x04, 0x04, 0x04, 0x04, 0x04, 0x04, 
  0x04, 0x04, 0x04, 0x04, 0x04, 0x04, 0x04, 0x04, 0x04, 0x04, 0x04, 0x04, 0x04, 0x04, 0x04, 0x04, 0x04, 0x04, 
  0x04, 0x04, 0x04, 0x04, 0x04, 0x04, 0x04, 0x04, 0x04, 0x04, 0x04, 0x04, 0x04, 0x04, 0x04, 0x04, 0x04, 0x04, 
  0x04, 0x04, 0x04, 0x04, 0x04, 0x04, 0x04, 0x04, 0x04, 0x04, 0x04, 0x04, 0x04, 0x04, 0x04, 0x04, 0x04, 0x04, 
  0x04, 0x04, 0x04, 0x04, 0x04, 0x04, 0x04, 0x04, 0x04, 0x04, 0x04, 0x04, 0x04, 0x04, 0x04, 0x04, 0x04, 0x04, 
  0x04, 0x04, 0x04, 0x04, 0x04, 0x04, 0x04, 0x04, 0x04, 0x04, 0x04, 0x04, 0x04, 0x04, 0x04, 0x04, 0x04, 0x04, 
  0x04, 0x04, 0x04, 0x04, 0x04, 0x04, 0x04, 0x04, 0x04, 0x04, 0x04, 0x04, 0x04, 0x04, 0x04, 0x04, 0x04, 0x04, 
  0x04, 0x04, 0x04, 0x04, 0x04, 0x04, 0x04, 0x04, 0x04, 0x04, 0x04, 0x04, 0x04, 0x04, 0x04, 0x04, 0x04, 0x04, 
  0x04, 0x04, 0x04, 0x04, 0x04, 0x04, 0x04, 0x04, 0x04, 0x04, 0x04, 0x04, 0x04, 0x04, 0x04, 0x04, 0x04, 0x04, 
  0x04, 0x04, 0x04, 0x04, 0x04, 0x04, 0x04, 0x04, 0x04, 0x04, 0x04, 0x04, 0x04, 0x04, 0x04, 0x04, 0x04, 0x04, 
  0x04, 0x04, 0x04, 0x04, 0x04, 0x04, 0x04, 0x04, 0x04, 0x04, 0x04, 0x04, 0x04, 0x04, 0x04, 0x04, 0x04, 0x04, 
  0x04, 0x04, 0x04, 0x04, 0x04, 0x04, 0x04, 0x04, 0x04, 0x04, 0x04, 0x04, 0x04, 0x04, 0x04, 0x04, 0x04, 0x04, 
  0x04, 0x04, 0x04, 0x04, 0x04, 0x04, 0x04, 0x04, 0x04, 0x04, 0x04, 0x04, 0x04, 0x04, 0x04, 0x04, 0x04, 0x04, 
  0x04, 0x04, 0x04, 0x04, 0x04, 0x04, 0x04, 0x04, 0x04, 0x04, 0x04, 0x04, 0x04, 0x04, 0x04, 0x04, 0x04, 0x04, 
  0x04, 0x04, 0x04, 0x04, 0x04, 0x04, 0x04, 0x04, 0x04, 0x04, 0x04, 0x04, 0x04, 0x04, 0x04, 0x04, 0x04, 0x04, 
  0x04, 0x04, 0x04, 0x04, 0x04, 0x04, 0x04, 0x04, 0x04, 0x04, 0x04, 0x04, 0x04, 0x04, 0x04, 0x04, 0x04, 0x04, 
  0x04, 0x04, 0x04, 0x04, 0x04, 0x04, 0x04, 0x04, 0x04, 0x04, 0x04, 0x04, 0x04, 0x04, 0x04, 0x04, 0x04, 0x04, 
  0x04, 0x04, 0x04, 0x04, 0x04, 0x04, 0x04, 0x04, 0x04, 0x04, 0x04, 0x04, 0x04, 0x04, 0x04, 0x04, 0x04, 0x04, 
  0x04, 0x04, 0x04, 0x04, 0x04, 0x04, 0x04, 0x04, 0x04, 0x04, 0x04, 0x04, 0x04, 0x04, 0x04, 0x04, 0x04, 0x04, 
  0x04, 0x04, 0x04, 0x04, 0x04, 0x04, 0x04, 0x04, 0x04, 0x04, 0x04, 0x04, 0x04, 0x04, 0x04, 0x04, 0x04, 0x04, 
  0x04, 0x04, 0x04, 0x04, 0x04, 0x04, 0x04, 0x04, 0x04, 0x04, 0x04, 0x04, 0x04, 0x04, 0x04, 0x04, 0x04, 0x04, 
  0x04, 0x04, 0x04, 0x04, 0x04, 0x04, 0x04, 0x04, 0x04, 0x04, 0x04, 0x04, 0x04, 0x04, 0x04, 0x04, 0x04, 0x04, 
  0x04, 0x04, 0x04, 0x04, 0x04, 0x04, 0x04, 0x04, 0x04, 0x04, 0x04, 0x04, 0x04, 0x04, 0x04, 0x04, 0x04, 0x04, 
  0x04, 0x04, 0x04, 0x04, 0x04, 0x04, 0x04, 0x04, 0x04, 0x04, 0x04, 0x04, 0x04, 0x04, 0x04, 0x04, 0x04, 0x04, 
  0x04, 0x04, 0x04, 0x04, 0x04, 0x04, 0x04, 0x04, 0x04, 0x04, 0x04, 0x04, 0x04, 0x04, 0x04, 0x04, 0x04, 0x04, 
  0x04, 0x04, 0x04, 0x04, 0x04, 0x04, 0x04, 0x04, 0x04, 0x04, 0x04, 0x04, 0x04, 0x04, 0x04, 0x04, 0x04, 0x04, 
  0x04, 0x04, 0x04, 0x04, 0x04, 0x04, 0x04, 0x04, 0x04, 0x04, 0x04, 0x04, 0x04, 0x04, 0x04, 0x04, 0x04, 0x04, 
  0x04, 0x04, 0x04, 0x04, 0x04, 0x04, 0x04, 0x04, 0x04, 0x04, 0x04, 0x04, 0x04, 0x04, 0x04, 0x04, 0x04, 0x04, 
  0x04, 0x04, 0x04, 0x04, 0x04, 0x04, 0x04, 0x04, 0x04, 0x04, 0x04, 0x04, 0x04, 0x04, 0x04, 0x04, 0x04, 0x04, 
  0x04, 0x04, 0x04, 0x04, 0x04, 0x04, 0x04, 0x04, 0x04, 0x04, 0x04, 0x04, 0x04, 0x04, 0x04, 0x04, 0x04, 0x04, 
  0x04, 0x04, 0x04, 0x04, 0x04, 0x04, 0x04, 0x04, 0x04, 0x04, 0x04, 0x04, 0x04, 0x04, 0x04, 0x04, 0x04, 0x04, 
  0x04, 0x04, 0x04, 0x04, 0x04, 0x04, 0x04, 0x04, 0x04, 0x04, 0x04, 0x04, 0x04, 0x04, 0x04, 0x04, 0x04, 0x04, 
  0x04, 0x04, 0x04, 0x04, 0x04, 0x04, 0x04, 0x04, 0x04, 0x04, 0x04, 0x04, 0x04, 0x04, 0x04, 0x04, 0x04, 0x04, 
  0x04, 0x04, 0x04, 0x04, 0x04, 0x04, 0x04, 0x04, 0x04, 0x04, 0x04, 0x04, 0x04, 0x04, 0x04, 0x04, 0x04, 0x04, 
  0x04, 0x04, 0x04, 0x04, 0x04, 0x04, 0x04, 0x04, 0x04, 0x04, 0x04, 0x04, 0x04, 0x04, 0x04, 0x04, 0x04, 0x04, 
  0x04, 0x04, 0x04, 0x04, 0x04, 0x04, 0x04, 0x04, 0x04, 0x04, 0x04, 0x04, 0x04, 0x04, 0x04, 0x04, 0x04, 0x04, 
  0x04, 0x04, 0x04, 0x04, 0x04, 0x04, 0x04, 0x04, 0x04, 0x04, 0x04, 0x04, 0x04, 0x04, 0x04, 0x04, 0x04, 0x04, 
  0x04, 0x04, 0x04, 0x04, 0x04, 0x04, 0x04, 0x04, 0x04, 0x04, 0x04, 0x04, 0x04, 0x04, 0x04, 0x04, 0x04, 0x04, 
  0x04, 0x04, 0x04, 0x04, 0x04, 0x04, 0x04, 0x04, 0x04, 0x04, 0x04, 0x04, 0x04, 0x04, 0x04, 0x04, 0x04, 0x04, 
  0x04, 0x04, 0x04, 0x04, 0x04, 0x04, 0x04, 0x04, 0x04, 0x04, 0x04, 0x04, 0x04, 0x04, 0x04, 0x04, 0x04, 0x04, 
  0x04, 0x04, 0x04, 0x04, 0x04, 0x04, 0x04, 0x04, 0x04, 0x04, 0x04, 0x04, 0x04, 0x04, 0x04, 0x04, 0x04, 0x04, 
  0x04, 0x04, 0x04, 0x04, 0x04, 0x04, 0x04, 0x04, 0x04, 0x04, 0x04, 0x04, 0x04, 0x04, 0x04, 0x04, 0x04, 0x04, 
  0x04, 0x04, 0x04, 0x04, 0x04, 0x04, 0x04, 0x04, 0x04, 0x04, 0x04, 0x04, 0x04, 0x04, 0x04, 0x04, 0x04, 0x04, 
  0x04, 0x04, 0x04, 0x04, 0x04, 0x04, 0x04, 0x04, 0x04, 0x04, 0x04, 0x04, 0x04, 0x04, 0x04, 0x04, 0x04, 0x04, 
  0x04, 0x04, 0x04, 0x04, 0x04, 0x04, 0x04, 0x04, 0x04, 0x04, 0x04, 0x04, 0x04, 0x04, 0x04, 0x04, 0x04, 0x04, 
  0x04, 0x04, 0x04, 0x04, 0x04, 0x04, 0x04, 0x04, 0x04, 0x04, 0x04, 0x04, 0x04, 0x04, 0x04, 0x04, 0x04, 0x04, 
  0x04, 0x04, 0x04, 0x04, 0x04, 0x04, 0x04, 0x04, 0x04, 0x04, 0x04, 0x04, 0x04, 0x04, 0x04, 0x04, 0x04, 0x04, 
  0x04, 0x04, 0x04, 0x04, 0x04, 0x04, 0x04, 0x04, 0x04, 0x04, 0x04, 0x04, 0x04, 0x04, 0x04, 0x04, 0x04, 0x04, 
  0x04, 0x04, 0x04, 0x04, 0x04, 0x04, 0x04, 0x04, 0x04, 0x04, 0x04, 0x04, 0x04, 0x04, 0x04, 0x04, 0x04, 0x04, 
  0x04, 0x04, 0x04, 0x04, 0x04, 0x04, 0x04, 0x04, 0x04, 0x04, 0x04, 0x04, 0x04, 0x04, 0x04, 0x04, 0x04, 0x04, 
  0x04, 0x04, 0x04, 0x04, 0x04, 0x04, 0x04, 0x04, 0x04, 0x04, 0x04, 0x04, 0x04, 0x04, 0x04, 0x04, 0x04, 0x04, 
  0x04, 0x04, 0x04, 0x04, 0x04, 0x04, 0x04, 0x04, 0x04, 0x04, 0x04, 0x04, 0x04, 0x04, 0x04, 0x04, 0x04, 0x04, 
  0x04, 0x04, 0x04, 0x04, 0x04, 0x04, 0x04, 0x04, 0x04, 0x04, 0x04, 0x04, 0x04, 0x04, 0x04, 0x04, 0x04, 0x04, 
  0x04, 0x04, 0x04, 0x04, 0x04, 0x04, 0x04, 0x04, 0x04, 0x04, 0x04, 0x04, 0x04, 0x04, 0x04, 0x04, 0x04, 0x04, 
  0x04, 0x04, 0x04, 0x04, 0x04, 0x04, 0x04, 0x04, 0x04, 0x04, 0x04, 0x04, 0x04, 0x04, 0x04, 0x04, 0x04, 0x04, 
  0x04, 0x04, 0x04, 0x04, 0x04, 0x04, 0x04, 0x04, 0x04, 0x04, 0x04, 0x04, 0x04, 0x04, 0x04, 0x04, 0x04, 0x04, 
  0x04, 0x04, 0x04, 0x04, 0x04, 0x04, 0x04, 0x04, 0x04, 0x04, 0x04, 0x04, 0x04, 0x04, 0x04, 0x04, 0x04, 0x04, 
  0x04, 0x04, 0x04, 0x04, 0x04, 0x04, 0x04, 0x04, 0x04, 0x04, 0x04, 0x04, 0x04, 0x04, 0x04, 0x04, 0x04, 0x04, 
  0x04, 0x04, 0x04, 0x04, 0x04, 0x04, 0x04, 0x04, 0x04, 0x04, 0x04, 0x04, 0x04, 0x04, 0x04, 0x04, 0x04, 0x04, 
  0x04, 0x04, 0x04, 0x04, 0x04, 0x04, 0x04, 0x04, 0x04, 0x04, 0x04, 0x04, 0x04, 0x04, 0x04, 0x04, 0x04, 0x04, 
  0x00, 0x04, 0x04, 0x04, 0x04, 0x04, 0x04, 0x04, 0x04, 0x04, 0x04, 0x04, 0x04, 0x04, 0x04, 0x04, 0x04, 0x00, 
  0x00, 0x04, 0x04, 0x04, 0x04, 0x04, 0x04, 0x04, 0x04, 0x04, 0x04, 0x04, 0x04, 0x04, 0x04, 0x04, 0x04, 0x00, 
  0x00, 0x00, 0x00, 0x04, 0x04, 0x04, 0x04, 0x04, 0x04, 0x04, 0x04, 0x04, 0x04, 0x04, 0x04, 0x00, 0x00, 0x00, 
#endif
#if LV_COLOR_DEPTH == 16 && LV_COLOR_16_SWAP == 0
  /*Pixel format: Red: 5 bit, Green: 6 bit, Blue: 5 bit*/
  0x00, 0x00, 0x00, 0x00, 0x00, 0x08, 0x00, 0x18, 0x00, 0x28, 0x00, 0x28, 0x00, 0x28, 0x00, 0x28, 0x00, 0x28, 0x00, 0x28, 0x00, 0x28, 0x00, 0x28, 0x00, 0x28, 0x00, 0x28, 0x00, 0x18, 0x00, 0x08, 0x00, 0x00, 0x00, 0x00, 
  0x00, 0x00, 0x00, 0x10, 0x00, 0x28, 0x00, 0x28, 0x00, 0x28, 0x00, 0x28, 0x00, 0x28, 0x00, 0x28, 0x00, 0x28, 0x00, 0x28, 0x00, 0x28, 0x00, 0x28, 0x00, 0x28, 0x00, 0x28, 0x00, 0x28, 0x00, 0x28, 0x00, 0x10, 0x00, 0x00, 
  0x00, 0x08, 0x00, 0x28, 0x00, 0x28, 0x00, 0x28, 0x00, 0x28, 0x00, 0x28, 0x00, 0x28, 0x00, 0x28, 0x00, 0x28, 0x00, 0x28, 0x00, 0x28, 0x00, 0x28, 0x00, 0x28, 0x00, 0x28, 0x00, 0x28, 0x00, 0x28, 0x00, 0x28, 0x00, 0x08, 
  0x00, 0x18, 0x00, 0x28, 0x00, 0x28, 0x00, 0x28, 0x00, 0x28, 0x00, 0x28, 0x00, 0x28, 0x00, 0x28, 0x00, 0x28, 0x00, 0x28, 0x00, 0x28, 0x00, 0x28, 0x00, 0x28, 0x00, 0x28, 0x00, 0x28, 0x00, 0x28, 0x00, 0x28, 0x00, 0x18, 
  0x00, 0x28, 0x00, 0x28, 0x00, 0x28, 0x00, 0x28, 0x00, 0x28, 0x00, 0x28, 0x00, 0x28, 0x00, 0x28, 0x00, 0x28, 0x00, 0x28, 0x00, 0x28, 0x00, 0x28, 0x00, 0x28, 0x00, 0x28, 0x00, 0x28, 0x00, 0x28, 0x00, 0x28, 0x00, 0x28, 
  0x00, 0x28, 0x00, 0x28, 0x00, 0x28, 0x00, 0x28, 0x00, 0x28, 0x00, 0x28, 0x00, 0x28, 0x00, 0x28, 0x00, 0x28, 0x00, 0x28, 0x00, 0x28, 0x00, 0x28, 0x00, 0x28, 0x00, 0x28, 0x00, 0x28, 0x00, 0x28, 0x00, 0x28, 0x00, 0x28, 
  0x00, 0x28, 0x00, 0x28, 0x00, 0x28, 0x00, 0x28, 0x00, 0x28, 0x00, 0x28, 0x00, 0x28, 0x00, 0x28, 0x00, 0x28, 0x00, 0x28, 0x00, 0x28, 0x00, 0x28, 0x00, 0x28, 0x00, 0x28, 0x00, 0x28, 0x00, 0x28, 0x00, 0x28, 0x00, 0x28, 
  0x00, 0x28, 0x00, 0x28, 0x00, 0x28, 0x00, 0x28, 0x00, 0x28, 0x00, 0x28, 0x00, 0x28, 0x00, 0x28, 0x00, 0x28, 0x00, 0x28, 0x00, 0x28, 0x00, 0x28, 0x00, 0x28, 0x00, 0x28, 0x00, 0x28, 0x00, 0x28, 0x00, 0x28, 0x00, 0x28, 
  0x00, 0x28, 0x00, 0x28, 0x00, 0x28, 0x00, 0x28, 0x00, 0x28, 0x00, 0x28, 0x00, 0x28, 0x00, 0x28, 0x00, 0x28, 0x00, 0x28, 0x00, 0x28, 0x00, 0x28, 0x00, 0x28, 0x00, 0x28, 0x00, 0x28, 0x00, 0x28, 0x00, 0x28, 0x00, 0x28, 
  0x00, 0x28, 0x00, 0x28, 0x00, 0x28, 0x00, 0x28, 0x00, 0x28, 0x00, 0x28, 0x00, 0x28, 0x00, 0x28, 0x00, 0x28, 0x00, 0x28, 0x00, 0x28, 0x00, 0x28, 0x00, 0x28, 0x00, 0x28, 0x00, 0x28, 0x00, 0x28, 0x00, 0x28, 0x00, 0x28, 
  0x00, 0x28, 0x00, 0x28, 0x00, 0x28, 0x00, 0x28, 0x00, 0x28, 0x00, 0x28, 0x00, 0x28, 0x00, 0x28, 0x00, 0x28, 0x00, 0x28, 0x00, 0x28, 0x00, 0x28, 0x00, 0x28, 0x00, 0x28, 0x00, 0x28, 0x00, 0x28, 0x00, 0x28, 0x00, 0x28, 
  0x00, 0x28, 0x00, 0x28, 0x00, 0x28, 0x00, 0x28, 0x00, 0x28, 0x00, 0x28, 0x00, 0x28, 0x00, 0x28, 0x00, 0x28, 0x00, 0x28, 0x00, 0x28, 0x00, 0x28, 0x00, 0x28, 0x00, 0x28, 0x00, 0x28, 0x00, 0x28, 0x00, 0x28, 0x00, 0x28, 
  0x00, 0x28, 0x00, 0x28, 0x00, 0x28, 0x00, 0x28, 0x00, 0x28, 0x00, 0x28, 0x00, 0x28, 0x00, 0x28, 0x00, 0x28, 0x00, 0x28, 0x00, 0x28, 0x00, 0x28, 0x00, 0x28, 0x00, 0x28, 0x00, 0x28, 0x00, 0x28, 0x00, 0x28, 0x00, 0x28, 
  0x00, 0x28, 0x00, 0x28, 0x00, 0x28, 0x00, 0x28, 0x00, 0x28, 0x00, 0x28, 0x00, 0x28, 0x00, 0x28, 0x00, 0x28, 0x00, 0x28, 0x00, 0x28, 0x00, 0x28, 0x00, 0x28, 0x00, 0x28, 0x00, 0x28, 0x00, 0x28, 0x00, 0x28, 0x00, 0x28, 
  0x00, 0x28, 0x00, 0x28, 0x00, 0x28, 0x00, 0x28, 0x00, 0x28, 0x00, 0x28, 0x00, 0x28, 0x00, 0x28, 0x00, 0x28, 0x00, 0x28, 0x00, 0x28, 0x00, 0x28, 0x00, 0x28, 0x00, 0x28, 0x00, 0x28, 0x00, 0x28, 0x00, 0x28, 0x00, 0x28, 
  0x00, 0x28, 0x00, 0x28, 0x00, 0x28, 0x00, 0x28, 0x00, 0x28, 0x00, 0x28, 0x00, 0x28, 0x00, 0x28, 0x00, 0x28, 0x00, 0x28, 0x00, 0x28, 0x00, 0x28, 0x00, 0x28, 0x00, 0x28, 0x00, 0x28, 0x00, 0x28, 0x00, 0x28, 0x00, 0x28, 
  0x00, 0x28, 0x00, 0x28, 0x00, 0x28, 0x00, 0x28, 0x00, 0x28, 0x00, 0x28, 0x00, 0x28, 0x00, 0x28, 0x00, 0x28, 0x00, 0x28, 0x00, 0x28, 0x00, 0x28, 0x00, 0x28, 0x00, 0x28, 0x00, 0x28, 0x00, 0x28, 0x00, 0x28, 0x00, 0x28, 
  0x00, 0x28, 0x00, 0x28, 0x00, 0x28, 0x00, 0x28, 0x00, 0x28, 0x00, 0x28, 0x00, 0x28, 0x00, 0x28, 0x00, 0x28, 0x00, 0x28, 0x00, 0x28, 0x00, 0x28, 0x00, 0x28, 0x00, 0x28, 0x00, 0x28, 0x00, 0x28, 0x00, 0x28, 0x00, 0x28, 
  0x00, 0x28, 0x00, 0x28, 0x00, 0x28, 0x00, 0x28, 0x00, 0x28, 0x00, 0x28, 0x00, 0x28, 0x00, 0x28, 0x00, 0x28, 0x00, 0x28, 0x00, 0x28, 0x00, 0x28, 0x00, 0x28, 0x00, 0x28, 0x00, 0x28, 0x00, 0x28, 0x00, 0x28, 0x00, 0x28, 
  0x00, 0x28, 0x00, 0x28, 0x00, 0x28, 0x00, 0x28, 0x00, 0x28, 0x00, 0x28, 0x00, 0x28, 0x00, 0x28, 0x00, 0x28, 0x00, 0x28, 0x00, 0x28, 0x00, 0x28, 0x00, 0x28, 0x00, 0x28, 0x00, 0x28, 0x00, 0x28, 0x00, 0x28, 0x00, 0x28, 
  0x00, 0x28, 0x00, 0x28, 0x00, 0x28, 0x00, 0x28, 0x00, 0x28, 0x00, 0x28, 0x00, 0x28, 0x00, 0x28, 0x00, 0x28, 0x00, 0x28, 0x00, 0x28, 0x00, 0x28, 0x00, 0x28, 0x00, 0x28, 0x00, 0x28, 0x00, 0x28, 0x00, 0x28, 0x00, 0x28, 
  0x00, 0x28, 0x00, 0x28, 0x00, 0x28, 0x00, 0x28, 0x00, 0x28, 0x00, 0x28, 0x00, 0x28, 0x00, 0x28, 0x00, 0x28, 0x00, 0x28, 0x00, 0x28, 0x00, 0x28, 0x00, 0x28, 0x00, 0x28, 0x00, 0x28, 0x00, 0x28, 0x00, 0x28, 0x00, 0x28, 
  0x00, 0x28, 0x00, 0x28, 0x00, 0x28, 0x00, 0x28, 0x00, 0x28, 0x00, 0x28, 0x00, 0x28, 0x00, 0x28, 0x00, 0x28, 0x00, 0x28, 0x00, 0x28, 0x00, 0x28, 0x00, 0x28, 0x00, 0x28, 0x00, 0x28, 0x00, 0x28, 0x00, 0x28, 0x00, 0x28, 
  0x00, 0x28, 0x00, 0x28, 0x00, 0x28, 0x00, 0x28, 0x00, 0x28, 0x00, 0x28, 0x00, 0x28, 0x00, 0x28, 0x00, 0x28, 0x00, 0x28, 0x00, 0x28, 0x00, 0x28, 0x00, 0x28, 0x00, 0x28, 0x00, 0x28, 0x00, 0x28, 0x00, 0x28, 0x00, 0x28, 
  0x00, 0x28, 0x00, 0x28, 0x00, 0x28, 0x00, 0x28, 0x00, 0x28, 0x00, 0x28, 0x00, 0x28, 0x00, 0x28, 0x00, 0x28, 0x00, 0x28, 0x00, 0x28, 0x00, 0x28, 0x00, 0x28, 0x00, 0x28, 0x00, 0x28, 0x00, 0x28, 0x00, 0x28, 0x00, 0x28, 
  0x00, 0x28, 0x00, 0x28, 0x00, 0x28, 0x00, 0x28, 0x00, 0x28, 0x00, 0x28, 0x00, 0x28, 0x00, 0x28, 0x00, 0x28, 0x00, 0x28, 0x00, 0x28, 0x00, 0x28, 0x00, 0x28, 0x00, 0x28, 0x00, 0x28, 0x00, 0x28, 0x00, 0x28, 0x00, 0x28, 
  0x00, 0x28, 0x00, 0x28, 0x00, 0x28, 0x00, 0x28, 0x00, 0x28, 0x00, 0x28, 0x00, 0x28, 0x00, 0x28, 0x00, 0x28, 0x00, 0x28, 0x00, 0x28, 0x00, 0x28, 0x00, 0x28, 0x00, 0x28, 0x00, 0x28, 0x00, 0x28, 0x00, 0x28, 0x00, 0x28, 
  0x00, 0x28, 0x00, 0x28, 0x00, 0x28, 0x00, 0x28, 0x00, 0x28, 0x00, 0x28, 0x00, 0x28, 0x00, 0x28, 0x00, 0x28, 0x00, 0x28, 0x00, 0x28, 0x00, 0x28, 0x00, 0x28, 0x00, 0x28, 0x00, 0x28, 0x00, 0x28, 0x00, 0x28, 0x00, 0x28, 
  0x00, 0x28, 0x00, 0x28, 0x00, 0x28, 0x00, 0x28, 0x00, 0x28, 0x00, 0x28, 0x00, 0x28, 0x00, 0x28, 0x00, 0x28, 0x00, 0x28, 0x00, 0x28, 0x00, 0x28, 0x00, 0x28, 0x00, 0x28, 0x00, 0x28, 0x00, 0x28, 0x00, 0x28, 0x00, 0x28, 
  0x00, 0x28, 0x00, 0x28, 0x00, 0x28, 0x00, 0x28, 0x00, 0x28, 0x00, 0x28, 0x00, 0x28, 0x00, 0x28, 0x00, 0x28, 0x00, 0x28, 0x00, 0x28, 0x00, 0x28, 0x00, 0x28, 0x00, 0x28, 0x00, 0x28, 0x00, 0x28, 0x00, 0x28, 0x00, 0x28, 
  0x20, 0x28, 0x20, 0x28, 0x20, 0x28, 0x20, 0x28, 0x20, 0x28, 0x20, 0x28, 0x20, 0x28, 0x20, 0x28, 0x20, 0x28, 0x20, 0x28, 0x20, 0x28, 0x20, 0x28, 0x20, 0x28, 0x20, 0x28, 0x20, 0x28, 0x20, 0x28, 0x20, 0x28, 0x20, 0x28, 
  0x20, 0x28, 0x20, 0x28, 0x20, 0x28, 0x20, 0x28, 0x20, 0x28, 0x20, 0x28, 0x20, 0x28, 0x20, 0x28, 0x20, 0x28, 0x20, 0x28, 0x20, 0x28, 0x20, 0x28, 0x20, 0x28, 0x20, 0x28, 0x20, 0x28, 0x20, 0x28, 0x20, 0x28, 0x20, 0x28, 
  0x20, 0x28, 0x20, 0x28, 0x20, 0x28, 0x20, 0x28, 0x20, 0x28, 0x20, 0x28, 0x20, 0x28, 0x20, 0x28, 0x20, 0x28, 0x20, 0x28, 0x20, 0x28, 0x20, 0x28, 0x20, 0x28, 0x20, 0x28, 0x20, 0x28, 0x20, 0x28, 0x20, 0x28, 0x20, 0x28, 
  0x40, 0x28, 0x40, 0x28, 0x40, 0x28, 0x40, 0x28, 0x40, 0x28, 0x40, 0x28, 0x40, 0x28, 0x40, 0x28, 0x40, 0x28, 0x40, 0x28, 0x40, 0x28, 0x40, 0x28, 0x40, 0x28, 0x40, 0x28, 0x40, 0x28, 0x40, 0x28, 0x40, 0x28, 0x40, 0x28, 
  0x40, 0x28, 0x40, 0x28, 0x40, 0x28, 0x40, 0x28, 0x40, 0x28, 0x40, 0x28, 0x40, 0x28, 0x40, 0x28, 0x40, 0x28, 0x40, 0x28, 0x40, 0x28, 0x40, 0x28, 0x40, 0x28, 0x40, 0x28, 0x40, 0x28, 0x40, 0x28, 0x40, 0x28, 0x40, 0x28, 
  0x60, 0x28, 0x60, 0x28, 0x60, 0x28, 0x60, 0x28, 0x60, 0x28, 0x60, 0x28, 0x60, 0x28, 0x60, 0x28, 0x60, 0x28, 0x60, 0x28, 0x60, 0x28, 0x60, 0x28, 0x60, 0x28, 0x60, 0x28, 0x60, 0x28, 0x60, 0x28, 0x60, 0x28, 0x60, 0x28, 
  0x60, 0x28, 0x60, 0x28, 0x60, 0x28, 0x60, 0x28, 0x60, 0x28, 0x60, 0x28, 0x60, 0x28, 0x60, 0x28, 0x60, 0x28, 0x60, 0x28, 0x60, 0x28, 0x60, 0x28, 0x60, 0x28, 0x60, 0x28, 0x60, 0x28, 0x60, 0x28, 0x60, 0x28, 0x60, 0x28, 
  0x60, 0x28, 0x60, 0x28, 0x60, 0x28, 0x60, 0x28, 0x60, 0x28, 0x60, 0x28, 0x60, 0x28, 0x60, 0x28, 0x60, 0x28, 0x60, 0x28, 0x60, 0x28, 0x60, 0x28, 0x60, 0x28, 0x60, 0x28, 0x60, 0x28, 0x60, 0x28, 0x60, 0x28, 0x60, 0x28, 
  0x80, 0x28, 0x80, 0x28, 0x80, 0x28, 0x80, 0x28, 0x80, 0x28, 0x80, 0x28, 0x80, 0x28, 0x80, 0x28, 0x80, 0x28, 0x80, 0x28, 0x80, 0x28, 0x80, 0x28, 0x80, 0x28, 0x80, 0x28, 0x80, 0x28, 0x80, 0x28, 0x80, 0x28, 0x80, 0x28, 
  0x80, 0x28, 0x80, 0x28, 0x80, 0x28, 0x80, 0x28, 0x80, 0x28, 0x80, 0x28, 0x80, 0x28, 0x80, 0x28, 0x80, 0x28, 0x80, 0x28, 0x80, 0x28, 0x80, 0x28, 0x80, 0x28, 0x80, 0x28, 0x80, 0x28, 0x80, 0x28, 0x80, 0x28, 0x80, 0x28, 
  0x80, 0x28, 0x80, 0x28, 0x80, 0x28, 0x80, 0x28, 0x80, 0x28, 0x80, 0x28, 0x80, 0x28, 0x80, 0x28, 0x80, 0x28, 0x80, 0x28, 0x80, 0x28, 0x80, 0x28, 0x80, 0x28, 0x80, 0x28, 0x80, 0x28, 0x80, 0x28, 0x80, 0x28, 0x80, 0x28, 
  0xa0, 0x28, 0xa0, 0x28, 0xa0, 0x28, 0xa0, 0x28, 0xa0, 0x28, 0xa0, 0x28, 0xa0, 0x28, 0xa0, 0x28, 0xa0, 0x28, 0xa0, 0x28, 0xa0, 0x28, 0xa0, 0x28, 0xa0, 0x28, 0xa0, 0x28, 0xa0, 0x28, 0xa0, 0x28, 0xa0, 0x28, 0xa0, 0x28, 
  0xa0, 0x28, 0xa0, 0x28, 0xa0, 0x28, 0xa0, 0x28, 0xa0, 0x28, 0xa0, 0x28, 0xa0, 0x28, 0xa0, 0x28, 0xa0, 0x28, 0xa0, 0x28, 0xa0, 0x28, 0xa0, 0x28, 0xa0, 0x28, 0xa0, 0x28, 0xa0, 0x28, 0xa0, 0x28, 0xa0, 0x28, 0xa0, 0x28, 
  0xc0, 0x28, 0xc0, 0x28, 0xc0, 0x28, 0xc0, 0x28, 0xc0, 0x28, 0xc0, 0x28, 0xc0, 0x28, 0xc0, 0x28, 0xc0, 0x28, 0xc0, 0x28, 0xc0, 0x28, 0xc0, 0x28, 0xc0, 0x28, 0xc0, 0x28, 0xc0, 0x28, 0xc0, 0x28, 0xc0, 0x28, 0xc0, 0x28, 
  0xc0, 0x28, 0xc0, 0x28, 0xc0, 0x28, 0xc0, 0x28, 0xc0, 0x28, 0xc0, 0x28, 0xc0, 0x28, 0xc0, 0x28, 0xc0, 0x28, 0xc0, 0x28, 0xc0, 0x28, 0xc0, 0x28, 0xc0, 0x28, 0xc0, 0x28, 0xc0, 0x28, 0xc0, 0x28, 0xc0, 0x28, 0xc0, 0x28, 
  0xc0, 0x28, 0xc0, 0x28, 0xc0, 0x28, 0xc0, 0x28, 0xc0, 0x28, 0xc0, 0x28, 0xc0, 0x28, 0xc0, 0x28, 0xc0, 0x28, 0xc0, 0x28, 0xc0, 0x28, 0xc0, 0x28, 0xc0, 0x28, 0xc0, 0x28, 0xc0, 0x28, 0xc0, 0x28, 0xc0, 0x28, 0xc0, 0x28, 
  0xe0, 0x28, 0xe0, 0x28, 0xe0, 0x28, 0xe0, 0x28, 0xe0, 0x28, 0xe0, 0x28, 0xe0, 0x28, 0xe0, 0x28, 0xe0, 0x28, 0xe0, 0x28, 0xe0, 0x28, 0xe0, 0x28, 0xe0, 0x28, 0xe0, 0x28, 0xe0, 0x28, 0xe0, 0x28, 0xe0, 0x28, 0xe0, 0x28, 
  0xe0, 0x28, 0xe0, 0x28, 0xe0, 0x28, 0xe0, 0x28, 0xe0, 0x28, 0xe0, 0x28, 0xe0, 0x28, 0xe0, 0x28, 0xe0, 0x28, 0xe0, 0x28, 0xe0, 0x28, 0xe0, 0x28, 0xe0, 0x28, 0xe0, 0x28, 0xe0, 0x28, 0xe0, 0x28, 0xe0, 0x28, 0xe0, 0x28, 
  0xe0, 0x28, 0xe0, 0x28, 0xe0, 0x28, 0xe0, 0x28, 0xe0, 0x28, 0xe0, 0x28, 0xe0, 0x28, 0xe0, 0x28, 0xe0, 0x28, 0xe0, 0x28, 0xe0, 0x28, 0xe0, 0x28, 0xe0, 0x28, 0xe0, 0x28, 0xe0, 0x28, 0xe0, 0x28, 0xe0, 0x28, 0xe0, 0x28, 
  0x00, 0x29, 0x00, 0x29, 0x00, 0x29, 0x00, 0x29, 0x00, 0x29, 0x00, 0x29, 0x00, 0x29, 0x00, 0x29, 0x00, 0x29, 0x00, 0x29, 0x00, 0x29, 0x00, 0x29, 0x00, 0x29, 0x00, 0x29, 0x00, 0x29, 0x00, 0x29, 0x00, 0x29, 0x00, 0x29, 
  0x00, 0x29, 0x00, 0x29, 0x00, 0x29, 0x00, 0x29, 0x00, 0x29, 0x00, 0x29, 0x00, 0x29, 0x00, 0x29, 0x00, 0x29, 0x00, 0x29, 0x00, 0x29, 0x00, 0x29, 0x00, 0x29, 0x00, 0x29, 0x00, 0x29, 0x00, 0x29, 0x00, 0x29, 0x00, 0x29, 
  0x20, 0x29, 0x20, 0x29, 0x20, 0x29, 0x20, 0x29, 0x20, 0x29, 0x20, 0x29, 0x20, 0x29, 0x20, 0x29, 0x20, 0x29, 0x20, 0x29, 0x20, 0x29, 0x20, 0x29, 0x20, 0x29, 0x20, 0x29, 0x20, 0x29, 0x20, 0x29, 0x20, 0x29, 0x20, 0x29, 
  0x20, 0x29, 0x20, 0x29, 0x20, 0x29, 0x20, 0x29, 0x20, 0x29, 0x20, 0x29, 0x20, 0x29, 0x20, 0x29, 0x20, 0x29, 0x20, 0x29, 0x20, 0x29, 0x20, 0x29, 0x20, 0x29, 0x20, 0x29, 0x20, 0x29, 0x20, 0x29, 0x20, 0x29, 0x20, 0x29, 
  0x20, 0x29, 0x20, 0x29, 0x20, 0x29, 0x20, 0x29, 0x20, 0x29, 0x20, 0x29, 0x20, 0x29, 0x20, 0x29, 0x20, 0x29, 0x20, 0x29, 0x20, 0x29, 0x20, 0x29, 0x20, 0x29, 0x20, 0x29, 0x20, 0x29, 0x20, 0x29, 0x20, 0x29, 0x20, 0x29, 
  0x20, 0x29, 0x20, 0x29, 0x20, 0x29, 0x20, 0x29, 0x20, 0x29, 0x20, 0x29, 0x20, 0x29, 0x20, 0x29, 0x20, 0x29, 0x20, 0x29, 0x20, 0x29, 0x20, 0x29, 0x20, 0x29, 0x20, 0x29, 0x20, 0x29, 0x20, 0x29, 0x20, 0x29, 0x20, 0x29, 
  0x20, 0x29, 0x20, 0x29, 0x20, 0x29, 0x20, 0x29, 0x20, 0x29, 0x20, 0x29, 0x20, 0x29, 0x20, 0x29, 0x20, 0x29, 0x20, 0x29, 0x20, 0x29, 0x20, 0x29, 0x20, 0x29, 0x20, 0x29, 0x20, 0x29, 0x20, 0x29, 0x20, 0x29, 0x20, 0x29, 
  0x20, 0x29, 0x20, 0x29, 0x20, 0x29, 0x20, 0x29, 0x20, 0x29, 0x20, 0x29, 0x20, 0x29, 0x20, 0x29, 0x20, 0x29, 0x20, 0x29, 0x20, 0x29, 0x20, 0x29, 0x20, 0x29, 0x20, 0x29, 0x20, 0x29, 0x20, 0x29, 0x20, 0x29, 0x20, 0x29, 
  0x20, 0x29, 0x20, 0x29, 0x20, 0x29, 0x20, 0x29, 0x20, 0x29, 0x20, 0x29, 0x20, 0x29, 0x20, 0x29, 0x20, 0x29, 0x20, 0x29, 0x20, 0x29, 0x20, 0x29, 0x20, 0x29, 0x20, 0x29, 0x20, 0x29, 0x20, 0x29, 0x20, 0x29, 0x20, 0x29, 
  0x20, 0x29, 0x20, 0x29, 0x20, 0x29, 0x20, 0x29, 0x20, 0x29, 0x20, 0x29, 0x20, 0x29, 0x20, 0x29, 0x20, 0x29, 0x20, 0x29, 0x20, 0x29, 0x20, 0x29, 0x20, 0x29, 0x20, 0x29, 0x20, 0x29, 0x20, 0x29, 0x20, 0x29, 0x20, 0x29, 
  0x20, 0x29, 0x20, 0x29, 0x20, 0x29, 0x20, 0x29, 0x20, 0x29, 0x20, 0x29, 0x20, 0x29, 0x20, 0x29, 0x20, 0x29, 0x20, 0x29, 0x20, 0x29, 0x20, 0x29, 0x20, 0x29, 0x20, 0x29, 0x20, 0x29, 0x20, 0x29, 0x20, 0x29, 0x20, 0x29, 
  0x20, 0x29, 0x20, 0x29, 0x20, 0x29, 0x20, 0x29, 0x20, 0x29, 0x20, 0x29, 0x20, 0x29, 0x20, 0x29, 0x20, 0x29, 0x20, 0x29, 0x20, 0x29, 0x20, 0x29, 0x20, 0x29, 0x20, 0x29, 0x20, 0x29, 0x20, 0x29, 0x20, 0x29, 0x20, 0x29, 
  0x20, 0x29, 0x20, 0x29, 0x20, 0x29, 0x20, 0x29, 0x20, 0x29, 0x20, 0x29, 0x20, 0x29, 0x20, 0x29, 0x20, 0x29, 0x20, 0x29, 0x20, 0x29, 0x20, 0x29, 0x20, 0x29, 0x20, 0x29, 0x20, 0x29, 0x20, 0x29, 0x20, 0x29, 0x20, 0x29, 
  0x20, 0x29, 0x20, 0x29, 0x20, 0x29, 0x20, 0x29, 0x20, 0x29, 0x20, 0x29, 0x20, 0x29, 0x20, 0x29, 0x20, 0x29, 0x20, 0x29, 0x20, 0x29, 0x20, 0x29, 0x20, 0x29, 0x20, 0x29, 0x20, 0x29, 0x20, 0x29, 0x20, 0x29, 0x20, 0x29, 
  0x20, 0x29, 0x20, 0x29, 0x20, 0x29, 0x20, 0x29, 0x20, 0x29, 0x20, 0x29, 0x20, 0x29, 0x20, 0x29, 0x20, 0x29, 0x20, 0x29, 0x20, 0x29, 0x20, 0x29, 0x20, 0x29, 0x20, 0x29, 0x20, 0x29, 0x20, 0x29, 0x20, 0x29, 0x20, 0x29, 
  0x20, 0x29, 0x20, 0x29, 0x20, 0x29, 0x20, 0x29, 0x20, 0x29, 0x20, 0x29, 0x20, 0x29, 0x20, 0x29, 0x20, 0x29, 0x20, 0x29, 0x20, 0x29, 0x20, 0x29, 0x20, 0x29, 0x20, 0x29, 0x20, 0x29, 0x20, 0x29, 0x20, 0x29, 0x20, 0x29, 
  0x20, 0x29, 0x20, 0x29, 0x20, 0x29, 0x20, 0x29, 0x20, 0x29, 0x20, 0x29, 0x20, 0x29, 0x20, 0x29, 0x20, 0x29, 0x20, 0x29, 0x20, 0x29, 0x20, 0x29, 0x20, 0x29, 0x20, 0x29, 0x20, 0x29, 0x20, 0x29, 0x20, 0x29, 0x20, 0x29, 
  0x20, 0x29, 0x20, 0x29, 0x20, 0x29, 0x20, 0x29, 0x20, 0x29, 0x20, 0x29, 0x20, 0x29, 0x20, 0x29, 0x20, 0x29, 0x20, 0x29, 0x20, 0x29, 0x20, 0x29, 0x20, 0x29, 0x20, 0x29, 0x20, 0x29, 0x20, 0x29, 0x20, 0x29, 0x20, 0x29, 
  0x20, 0x29, 0x20, 0x29, 0x20, 0x29, 0x20, 0x29, 0x20, 0x29, 0x20, 0x29, 0x20, 0x29, 0x20, 0x29, 0x20, 0x29, 0x20, 0x29, 0x20, 0x29, 0x20, 0x29, 0x20, 0x29, 0x20, 0x29, 0x20, 0x29, 0x20, 0x29, 0x20, 0x29, 0x20, 0x29, 
  0x20, 0x29, 0x20, 0x29, 0x20, 0x29, 0x20, 0x29, 0x20, 0x29, 0x20, 0x29, 0x20, 0x29, 0x20, 0x29, 0x20, 0x29, 0x20, 0x29, 0x20, 0x29, 0x20, 0x29, 0x20, 0x29, 0x20, 0x29, 0x20, 0x29, 0x20, 0x29, 0x20, 0x29, 0x20, 0x29, 
  0x20, 0x29, 0x20, 0x29, 0x20, 0x29, 0x20, 0x29, 0x20, 0x29, 0x20, 0x29, 0x20, 0x29, 0x20, 0x29, 0x20, 0x29, 0x20, 0x29, 0x20, 0x29, 0x20, 0x29, 0x20, 0x29, 0x20, 0x29, 0x20, 0x29, 0x20, 0x29, 0x20, 0x29, 0x20, 0x29, 
  0x20, 0x29, 0x20, 0x29, 0x20, 0x29, 0x20, 0x29, 0x20, 0x29, 0x20, 0x29, 0x20, 0x29, 0x20, 0x29, 0x20, 0x29, 0x20, 0x29, 0x20, 0x29, 0x20, 0x29, 0x20, 0x29, 0x20, 0x29, 0x20, 0x29, 0x20, 0x29, 0x20, 0x29, 0x20, 0x29, 
  0x20, 0x29, 0x20, 0x29, 0x20, 0x29, 0x20, 0x29, 0x20, 0x29, 0x20, 0x29, 0x20, 0x29, 0x20, 0x29, 0x20, 0x29, 0x20, 0x29, 0x20, 0x29, 0x20, 0x29, 0x20, 0x29, 0x20, 0x29, 0x20, 0x29, 0x20, 0x29, 0x20, 0x29, 0x20, 0x29, 
  0x20, 0x29, 0x20, 0x29, 0x20, 0x29, 0x20, 0x29, 0x20, 0x29, 0x20, 0x29, 0x20, 0x29, 0x20, 0x29, 0x20, 0x29, 0x20, 0x29, 0x20, 0x29, 0x20, 0x29, 0x20, 0x29, 0x20, 0x29, 0x20, 0x29, 0x20, 0x29, 0x20, 0x29, 0x20, 0x29, 
  0x20, 0x29, 0x20, 0x29, 0x20, 0x29, 0x20, 0x29, 0x20, 0x29, 0x20, 0x29, 0x20, 0x29, 0x20, 0x29, 0x20, 0x29, 0x20, 0x29, 0x20, 0x29, 0x20, 0x29, 0x20, 0x29, 0x20, 0x29, 0x20, 0x29, 0x20, 0x29, 0x20, 0x29, 0x20, 0x29, 
  0x20, 0x29, 0x20, 0x29, 0x20, 0x29, 0x20, 0x29, 0x20, 0x29, 0x20, 0x29, 0x20, 0x29, 0x20, 0x29, 0x20, 0x29, 0x20, 0x29, 0x20, 0x29, 0x20, 0x29, 0x20, 0x29, 0x20, 0x29, 0x20, 0x29, 0x20, 0x29, 0x20, 0x29, 0x20, 0x29, 
  0x20, 0x29, 0x20, 0x29, 0x20, 0x29, 0x20, 0x29, 0x20, 0x29, 0x20, 0x29, 0x20, 0x29, 0x20, 0x29, 0x20, 0x29, 0x20, 0x29, 0x20, 0x29, 0x20, 0x29, 0x20, 0x29, 0x20, 0x29, 0x20, 0x29, 0x20, 0x29, 0x20, 0x29, 0x20, 0x29, 
  0x20, 0x29, 0x20, 0x29, 0x20, 0x29, 0x20, 0x29, 0x20, 0x29, 0x20, 0x29, 0x20, 0x29, 0x20, 0x29, 0x20, 0x29, 0x20, 0x29, 0x20, 0x29, 0x20, 0x29, 0x20, 0x29, 0x20, 0x29, 0x20, 0x29, 0x20, 0x29, 0x20, 0x29, 0x20, 0x29, 
  0x20, 0x29, 0x20, 0x29, 0x20, 0x29, 0x20, 0x29, 0x20, 0x29, 0x20, 0x29, 0x20, 0x29, 0x20, 0x29, 0x20, 0x29, 0x20, 0x29, 0x20, 0x29, 0x20, 0x29, 0x20, 0x29, 0x20, 0x29, 0x20, 0x29, 0x20, 0x29, 0x20, 0x29, 0x20, 0x29, 
  0x20, 0x29, 0x20, 0x29, 0x20, 0x29, 0x20, 0x29, 0x20, 0x29, 0x20, 0x29, 0x20, 0x29, 0x20, 0x29, 0x20, 0x29, 0x20, 0x29, 0x20, 0x29, 0x20, 0x29, 0x20, 0x29, 0x20, 0x29, 0x20, 0x29, 0x20, 0x29, 0x20, 0x29, 0x20, 0x29, 
  0x20, 0x29, 0x20, 0x29, 0x20, 0x29, 0x20, 0x29, 0x20, 0x29, 0x20, 0x29, 0x20, 0x29, 0x20, 0x29, 0x20, 0x29, 0x20, 0x29, 0x20, 0x29, 0x20, 0x29, 0x20, 0x29, 0x20, 0x29, 0x20, 0x29, 0x20, 0x29, 0x20, 0x29, 0x20, 0x29, 
  0x20, 0x29, 0x20, 0x29, 0x20, 0x29, 0x20, 0x29, 0x20, 0x29, 0x20, 0x29, 0x20, 0x29, 0x20, 0x29, 0x20, 0x29, 0x20, 0x29, 0x20, 0x29, 0x20, 0x29, 0x20, 0x29, 0x20, 0x29, 0x20, 0x29, 0x20, 0x29, 0x20, 0x29, 0x20, 0x29, 
  0x20, 0x29, 0x20, 0x29, 0x20, 0x29, 0x20, 0x29, 0x20, 0x29, 0x20, 0x29, 0x20, 0x29, 0x20, 0x29, 0x20, 0x29, 0x20, 0x29, 0x20, 0x29, 0x20, 0x29, 0x20, 0x29, 0x20, 0x29, 0x20, 0x29, 0x20, 0x29, 0x20, 0x29, 0x20, 0x29, 
  0x20, 0x29, 0x20, 0x29, 0x20, 0x29, 0x20, 0x29, 0x20, 0x29, 0x20, 0x29, 0x20, 0x29, 0x20, 0x29, 0x20, 0x29, 0x20, 0x29, 0x20, 0x29, 0x20, 0x29, 0x20, 0x29, 0x20, 0x29, 0x20, 0x29, 0x20, 0x29, 0x20, 0x29, 0x20, 0x29, 
  0x20, 0x29, 0x20, 0x29, 0x20, 0x29, 0x20, 0x29, 0x20, 0x29, 0x20, 0x29, 0x20, 0x29, 0x20, 0x29, 0x20, 0x29, 0x20, 0x29, 0x20, 0x29, 0x20, 0x29, 0x20, 0x29, 0x20, 0x29, 0x20, 0x29, 0x20, 0x29, 0x20, 0x29, 0x20, 0x29, 
  0x20, 0x29, 0x20, 0x29, 0x20, 0x29, 0x20, 0x29, 0x20, 0x29, 0x20, 0x29, 0x20, 0x29, 0x20, 0x29, 0x20, 0x29, 0x20, 0x29, 0x20, 0x29, 0x20, 0x29, 0x20, 0x29, 0x20, 0x29, 0x20, 0x29, 0x20, 0x29, 0x20, 0x29, 0x20, 0x29, 
  0x20, 0x29, 0x20, 0x29, 0x20, 0x29, 0x20, 0x29, 0x20, 0x29, 0x20, 0x29, 0x20, 0x29, 0x20, 0x29, 0x20, 0x29, 0x20, 0x29, 0x20, 0x29, 0x20, 0x29, 0x20, 0x29, 0x20, 0x29, 0x20, 0x29, 0x20, 0x29, 0x20, 0x29, 0x20, 0x29, 
  0x20, 0x29, 0x20, 0x29, 0x20, 0x29, 0x20, 0x29, 0x20, 0x29, 0x20, 0x29, 0x20, 0x29, 0x20, 0x29, 0x20, 0x29, 0x20, 0x29, 0x20, 0x29, 0x20, 0x29, 0x20, 0x29, 0x20, 0x29, 0x20, 0x29, 0x20, 0x29, 0x20, 0x29, 0x20, 0x29, 
  0x20, 0x29, 0x20, 0x29, 0x20, 0x29, 0x20, 0x29, 0x20, 0x29, 0x20, 0x29, 0x20, 0x29, 0x20, 0x29, 0x20, 0x29, 0x20, 0x29, 0x20, 0x29, 0x20, 0x29, 0x20, 0x29, 0x20, 0x29, 0x20, 0x29, 0x20, 0x29, 0x20, 0x29, 0x20, 0x29, 
  0x20, 0x29, 0x20, 0x29, 0x20, 0x29, 0x20, 0x29, 0x20, 0x29, 0x20, 0x29, 0x20, 0x29, 0x20, 0x29, 0x20, 0x29, 0x20, 0x29, 0x20, 0x29, 0x20, 0x29, 0x20, 0x29, 0x20, 0x29, 0x20, 0x29, 0x20, 0x29, 0x20, 0x29, 0x20, 0x29, 
  0x20, 0x29, 0x20, 0x29, 0x20, 0x29, 0x20, 0x29, 0x20, 0x29, 0x20, 0x29, 0x20, 0x29, 0x20, 0x29, 0x20, 0x29, 0x20, 0x29, 0x20, 0x29, 0x20, 0x29, 0x20, 0x29, 0x20, 0x29, 0x20, 0x29, 0x20, 0x29, 0x20, 0x29, 0x20, 0x29, 
  0x20, 0x29, 0x20, 0x29, 0x20, 0x29, 0x20, 0x29, 0x20, 0x29, 0x20, 0x29, 0x20, 0x29, 0x20, 0x29, 0x20, 0x29, 0x20, 0x29, 0x20, 0x29, 0x20, 0x29, 0x20, 0x29, 0x20, 0x29, 0x20, 0x29, 0x20, 0x29, 0x20, 0x29, 0x20, 0x29, 
  0x20, 0x29, 0x20, 0x29, 0x20, 0x29, 0x20, 0x29, 0x20, 0x29, 0x20, 0x29, 0x20, 0x29, 0x20, 0x29, 0x20, 0x29, 0x20, 0x29, 0x20, 0x29, 0x20, 0x29, 0x20, 0x29, 0x20, 0x29, 0x20, 0x29, 0x20, 0x29, 0x20, 0x29, 0x20, 0x29, 
  0x20, 0x29, 0x20, 0x29, 0x20, 0x29, 0x20, 0x29, 0x20, 0x29, 0x20, 0x29, 0x20, 0x29, 0x20, 0x29, 0x20, 0x29, 0x20, 0x29, 0x20, 0x29, 0x20, 0x29, 0x20, 0x29, 0x20, 0x29, 0x20, 0x29, 0x20, 0x29, 0x20, 0x29, 0x20, 0x29, 
  0x20, 0x29, 0x20, 0x29, 0x20, 0x29, 0x20, 0x29, 0x20, 0x29, 0x20, 0x29, 0x20, 0x29, 0x20, 0x29, 0x20, 0x29, 0x20, 0x29, 0x20, 0x29, 0x20, 0x29, 0x20, 0x29, 0x20, 0x29, 0x20, 0x29, 0x20, 0x29, 0x20, 0x29, 0x20, 0x29, 
  0x20, 0x21, 0x20, 0x21, 0x20, 0x21, 0x20, 0x21, 0x20, 0x21, 0x20, 0x21, 0x20, 0x21, 0x20, 0x21, 0x20, 0x21, 0x20, 0x21, 0x20, 0x21, 0x20, 0x21, 0x20, 0x21, 0x20, 0x21, 0x20, 0x21, 0x20, 0x21, 0x20, 0x21, 0x20, 0x21, 
  0x20, 0x21, 0x20, 0x21, 0x20, 0x21, 0x20, 0x21, 0x20, 0x21, 0x20, 0x21, 0x20, 0x21, 0x20, 0x21, 0x20, 0x21, 0x20, 0x21, 0x20, 0x21, 0x20, 0x21, 0x20, 0x21, 0x20, 0x21, 0x20, 0x21, 0x20, 0x21, 0x20, 0x21, 0x20, 0x21, 
  0x20, 0x21, 0x20, 0x21, 0x20, 0x21, 0x20, 0x21, 0x20, 0x21, 0x20, 0x21, 0x20, 0x21, 0x20, 0x21, 0x20, 0x21, 0x20, 0x21, 0x20, 0x21, 0x20, 0x21, 0x20, 0x21, 0x20, 0x21, 0x20, 0x21, 0x20, 0x21, 0x20, 0x21, 0x20, 0x21, 
  0x20, 0x21, 0x20, 0x21, 0x20, 0x21, 0x20, 0x21, 0x20, 0x21, 0x20, 0x21, 0x20, 0x21, 0x20, 0x21, 0x20, 0x21, 0x20, 0x21, 0x20, 0x21, 0x20, 0x21, 0x20, 0x21, 0x20, 0x21, 0x20, 0x21, 0x20, 0x21, 0x20, 0x21, 0x20, 0x21, 
  0x20, 0x21, 0x20, 0x21, 0x20, 0x21, 0x20, 0x21, 0x20, 0x21, 0x20, 0x21, 0x20, 0x21, 0x20, 0x21, 0x20, 0x21, 0x20, 0x21, 0x20, 0x21, 0x20, 0x21, 0x20, 0x21, 0x20, 0x21, 0x20, 0x21, 0x20, 0x21, 0x20, 0x21, 0x20, 0x21, 
  0x20, 0x21, 0x20, 0x21, 0x20, 0x21, 0x20, 0x21, 0x20, 0x21, 0x20, 0x21, 0x20, 0x21, 0x20, 0x21, 0x20, 0x21, 0x20, 0x21, 0x20, 0x21, 0x20, 0x21, 0x20, 0x21, 0x20, 0x21, 0x20, 0x21, 0x20, 0x21, 0x20, 0x21, 0x20, 0x21, 
  0x20, 0x21, 0x20, 0x21, 0x20, 0x21, 0x20, 0x21, 0x20, 0x21, 0x20, 0x21, 0x20, 0x21, 0x20, 0x21, 0x20, 0x21, 0x20, 0x21, 0x20, 0x21, 0x20, 0x21, 0x20, 0x21, 0x20, 0x21, 0x20, 0x21, 0x20, 0x21, 0x20, 0x21, 0x20, 0x21, 
  0x20, 0x21, 0x20, 0x21, 0x20, 0x21, 0x20, 0x21, 0x20, 0x21, 0x20, 0x21, 0x20, 0x21, 0x20, 0x21, 0x20, 0x21, 0x20, 0x21, 0x20, 0x21, 0x20, 0x21, 0x20, 0x21, 0x20, 0x21, 0x20, 0x21, 0x20, 0x21, 0x20, 0x21, 0x20, 0x21, 
  0x20, 0x21, 0x20, 0x21, 0x20, 0x21, 0x20, 0x21, 0x20, 0x21, 0x20, 0x21, 0x20, 0x21, 0x20, 0x21, 0x20, 0x21, 0x20, 0x21, 0x20, 0x21, 0x20, 0x21, 0x20, 0x21, 0x20, 0x21, 0x20, 0x21, 0x20, 0x21, 0x20, 0x21, 0x20, 0x21, 
  0x20, 0x21, 0x20, 0x21, 0x20, 0x21, 0x20, 0x21, 0x20, 0x21, 0x20, 0x21, 0x20, 0x21, 0x20, 0x21, 0x20, 0x21, 0x20, 0x21, 0x20, 0x21, 0x20, 0x21, 0x20, 0x21, 0x20, 0x21, 0x20, 0x21, 0x20, 0x21, 0x20, 0x21, 0x20, 0x21, 
  0x20, 0x21, 0x20, 0x21, 0x20, 0x21, 0x20, 0x21, 0x20, 0x21, 0x20, 0x21, 0x20, 0x21, 0x20, 0x21, 0x20, 0x21, 0x20, 0x21, 0x20, 0x21, 0x20, 0x21, 0x20, 0x21, 0x20, 0x21, 0x20, 0x21, 0x20, 0x21, 0x20, 0x21, 0x20, 0x21, 
  0x20, 0x21, 0x20, 0x21, 0x20, 0x21, 0x20, 0x21, 0x20, 0x21, 0x20, 0x21, 0x20, 0x21, 0x20, 0x21, 0x20, 0x21, 0x20, 0x21, 0x20, 0x21, 0x20, 0x21, 0x20, 0x21, 0x20, 0x21, 0x20, 0x21, 0x20, 0x21, 0x20, 0x21, 0x20, 0x21, 
  0x20, 0x21, 0x20, 0x21, 0x20, 0x21, 0x20, 0x21, 0x20, 0x21, 0x20, 0x21, 0x20, 0x21, 0x20, 0x21, 0x20, 0x21, 0x20, 0x21, 0x20, 0x21, 0x20, 0x21, 0x20, 0x21, 0x20, 0x21, 0x20, 0x21, 0x20, 0x21, 0x20, 0x21, 0x20, 0x21, 
  0x20, 0x21, 0x20, 0x21, 0x20, 0x21, 0x20, 0x21, 0x20, 0x21, 0x20, 0x21, 0x20, 0x21, 0x20, 0x21, 0x20, 0x21, 0x20, 0x21, 0x20, 0x21, 0x20, 0x21, 0x20, 0x21, 0x20, 0x21, 0x20, 0x21, 0x20, 0x21, 0x20, 0x21, 0x20, 0x21, 
  0x20, 0x21, 0x20, 0x21, 0x20, 0x21, 0x20, 0x21, 0x20, 0x21, 0x20, 0x21, 0x20, 0x21, 0x20, 0x21, 0x20, 0x21, 0x20, 0x21, 0x20, 0x21, 0x20, 0x21, 0x20, 0x21, 0x20, 0x21, 0x20, 0x21, 0x20, 0x21, 0x20, 0x21, 0x20, 0x21, 
  0x20, 0x21, 0x20, 0x21, 0x20, 0x21, 0x20, 0x21, 0x20, 0x21, 0x20, 0x21, 0x20, 0x21, 0x20, 0x21, 0x20, 0x21, 0x20, 0x21, 0x20, 0x21, 0x20, 0x21, 0x20, 0x21, 0x20, 0x21, 0x20, 0x21, 0x20, 0x21, 0x20, 0x21, 0x20, 0x21, 
  0x20, 0x21, 0x20, 0x21, 0x20, 0x21, 0x20, 0x21, 0x20, 0x21, 0x20, 0x21, 0x20, 0x21, 0x20, 0x21, 0x20, 0x21, 0x20, 0x21, 0x20, 0x21, 0x20, 0x21, 0x20, 0x21, 0x20, 0x21, 0x20, 0x21, 0x20, 0x21, 0x20, 0x21, 0x20, 0x21, 
  0x20, 0x21, 0x20, 0x21, 0x20, 0x21, 0x20, 0x21, 0x20, 0x21, 0x20, 0x21, 0x20, 0x21, 0x20, 0x21, 0x20, 0x21, 0x20, 0x21, 0x20, 0x21, 0x20, 0x21, 0x20, 0x21, 0x20, 0x21, 0x20, 0x21, 0x20, 0x21, 0x20, 0x21, 0x20, 0x21, 
  0x20, 0x21, 0x20, 0x21, 0x20, 0x21, 0x20, 0x21, 0x20, 0x21, 0x20, 0x21, 0x20, 0x21, 0x20, 0x21, 0x20, 0x21, 0x20, 0x21, 0x20, 0x21, 0x20, 0x21, 0x20, 0x21, 0x20, 0x21, 0x20, 0x21, 0x20, 0x21, 0x20, 0x21, 0x20, 0x21, 
  0x20, 0x21, 0x20, 0x21, 0x20, 0x21, 0x20, 0x21, 0x20, 0x21, 0x20, 0x21, 0x20, 0x21, 0x20, 0x21, 0x20, 0x21, 0x20, 0x21, 0x20, 0x21, 0x20, 0x21, 0x20, 0x21, 0x20, 0x21, 0x20, 0x21, 0x20, 0x21, 0x20, 0x21, 0x20, 0x21, 
  0x20, 0x21, 0x20, 0x21, 0x20, 0x21, 0x20, 0x21, 0x20, 0x21, 0x20, 0x21, 0x20, 0x21, 0x20, 0x21, 0x20, 0x21, 0x20, 0x21, 0x20, 0x21, 0x20, 0x21, 0x20, 0x21, 0x20, 0x21, 0x20, 0x21, 0x20, 0x21, 0x20, 0x21, 0x20, 0x21, 
  0x20, 0x21, 0x20, 0x21, 0x20, 0x21, 0x20, 0x21, 0x20, 0x21, 0x20, 0x21, 0x20, 0x21, 0x20, 0x21, 0x20, 0x21, 0x20, 0x21, 0x20, 0x21, 0x20, 0x21, 0x20, 0x21, 0x20, 0x21, 0x20, 0x21, 0x20, 0x21, 0x20, 0x21, 0x20, 0x21, 
  0x20, 0x21, 0x20, 0x21, 0x20, 0x21, 0x20, 0x21, 0x20, 0x21, 0x20, 0x21, 0x20, 0x21, 0x20, 0x21, 0x20, 0x21, 0x20, 0x21, 0x20, 0x21, 0x20, 0x21, 0x20, 0x21, 0x20, 0x21, 0x20, 0x21, 0x20, 0x21, 0x20, 0x21, 0x20, 0x21, 
  0x20, 0x21, 0x20, 0x21, 0x20, 0x21, 0x20, 0x21, 0x20, 0x21, 0x20, 0x21, 0x20, 0x21, 0x20, 0x21, 0x20, 0x21, 0x20, 0x21, 0x20, 0x21, 0x20, 0x21, 0x20, 0x21, 0x20, 0x21, 0x20, 0x21, 0x20, 0x21, 0x20, 0x21, 0x20, 0x21, 
  0x20, 0x21, 0x20, 0x21, 0x20, 0x21, 0x20, 0x21, 0x20, 0x21, 0x20, 0x21, 0x20, 0x21, 0x20, 0x21, 0x20, 0x21, 0x20, 0x21, 0x20, 0x21, 0x20, 0x21, 0x20, 0x21, 0x20, 0x21, 0x20, 0x21, 0x20, 0x21, 0x20, 0x21, 0x20, 0x21, 
  0x20, 0x21, 0x20, 0x21, 0x20, 0x21, 0x20, 0x21, 0x20, 0x21, 0x20, 0x21, 0x20, 0x21, 0x20, 0x21, 0x20, 0x21, 0x20, 0x21, 0x20, 0x21, 0x20, 0x21, 0x20, 0x21, 0x20, 0x21, 0x20, 0x21, 0x20, 0x21, 0x20, 0x21, 0x20, 0x21, 
  0x20, 0x21, 0x20, 0x21, 0x20, 0x21, 0x20, 0x21, 0x20, 0x21, 0x20, 0x21, 0x20, 0x21, 0x20, 0x21, 0x20, 0x21, 0x20, 0x21, 0x20, 0x21, 0x20, 0x21, 0x20, 0x21, 0x20, 0x21, 0x20, 0x21, 0x20, 0x21, 0x20, 0x21, 0x20, 0x21, 
  0x20, 0x21, 0x20, 0x21, 0x20, 0x21, 0x20, 0x21, 0x20, 0x21, 0x20, 0x21, 0x20, 0x21, 0x20, 0x21, 0x20, 0x21, 0x20, 0x21, 0x20, 0x21, 0x20, 0x21, 0x20, 0x21, 0x20, 0x21, 0x20, 0x21, 0x20, 0x21, 0x20, 0x21, 0x20, 0x21, 
  0x20, 0x21, 0x20, 0x21, 0x20, 0x21, 0x20, 0x21, 0x20, 0x21, 0x20, 0x21, 0x20, 0x21, 0x20, 0x21, 0x20, 0x21, 0x20, 0x21, 0x20, 0x21, 0x20, 0x21, 0x20, 0x21, 0x20, 0x21, 0x20, 0x21, 0x20, 0x21, 0x20, 0x21, 0x20, 0x21, 
  0x20, 0x21, 0x20, 0x21, 0x20, 0x21, 0x20, 0x21, 0x20, 0x21, 0x20, 0x21, 0x20, 0x21, 0x20, 0x21, 0x20, 0x21, 0x20, 0x21, 0x20, 0x21, 0x20, 0x21, 0x20, 0x21, 0x20, 0x21, 0x20, 0x21, 0x20, 0x21, 0x20, 0x21, 0x20, 0x21, 
  0x20, 0x21, 0x20, 0x21, 0x20, 0x21, 0x20, 0x21, 0x20, 0x21, 0x20, 0x21, 0x20, 0x21, 0x20, 0x21, 0x20, 0x21, 0x20, 0x21, 0x20, 0x21, 0x20, 0x21, 0x20, 0x21, 0x20, 0x21, 0x20, 0x21, 0x20, 0x21, 0x20, 0x21, 0x20, 0x21, 
  0x20, 0x19, 0x20, 0x19, 0x20, 0x19, 0x20, 0x19, 0x20, 0x19, 0x20, 0x19, 0x20, 0x19, 0x20, 0x19, 0x20, 0x19, 0x20, 0x19, 0x20, 0x19, 0x20, 0x19, 0x20, 0x19, 0x20, 0x19, 0x20, 0x19, 0x20, 0x19, 0x20, 0x19, 0x20, 0x19, 
  0x20, 0x19, 0x20, 0x19, 0x20, 0x19, 0x20, 0x19, 0x20, 0x19, 0x20, 0x19, 0x20, 0x19, 0x20, 0x19, 0x20, 0x19, 0x20, 0x19, 0x20, 0x19, 0x20, 0x19, 0x20, 0x19, 0x20, 0x19, 0x20, 0x19, 0x20, 0x19, 0x20, 0x19, 0x20, 0x19, 
  0x20, 0x19, 0x20, 0x19, 0x20, 0x19, 0x20, 0x19, 0x20, 0x19, 0x20, 0x19, 0x20, 0x19, 0x20, 0x19, 0x20, 0x19, 0x20, 0x19, 0x20, 0x19, 0x20, 0x19, 0x20, 0x19, 0x20, 0x19, 0x20, 0x19, 0x20, 0x19, 0x20, 0x19, 0x20, 0x19, 
  0x20, 0x19, 0x20, 0x19, 0x20, 0x19, 0x20, 0x19, 0x20, 0x19, 0x20, 0x19, 0x20, 0x19, 0x20, 0x19, 0x20, 0x19, 0x20, 0x19, 0x20, 0x19, 0x20, 0x19, 0x20, 0x19, 0x20, 0x19, 0x20, 0x19, 0x20, 0x19, 0x20, 0x19, 0x20, 0x19, 
  0x20, 0x19, 0x20, 0x19, 0x20, 0x19, 0x20, 0x19, 0x20, 0x19, 0x20, 0x19, 0x20, 0x19, 0x20, 0x19, 0x20, 0x19, 0x20, 0x19, 0x20, 0x19, 0x20, 0x19, 0x20, 0x19, 0x20, 0x19, 0x20, 0x19, 0x20, 0x19, 0x20, 0x19, 0x20, 0x19, 
  0x20, 0x19, 0x20, 0x19, 0x20, 0x19, 0x20, 0x19, 0x20, 0x19, 0x20, 0x19, 0x20, 0x19, 0x20, 0x19, 0x20, 0x19, 0x20, 0x19, 0x20, 0x19, 0x20, 0x19, 0x20, 0x19, 0x20, 0x19, 0x20, 0x19, 0x20, 0x19, 0x20, 0x19, 0x20, 0x19, 
  0x20, 0x19, 0x20, 0x19, 0x20, 0x19, 0x20, 0x19, 0x20, 0x19, 0x20, 0x19, 0x20, 0x19, 0x20, 0x19, 0x20, 0x19, 0x20, 0x19, 0x20, 0x19, 0x20, 0x19, 0x20, 0x19, 0x20, 0x19, 0x20, 0x19, 0x20, 0x19, 0x20, 0x19, 0x20, 0x19, 
  0x20, 0x19, 0x20, 0x19, 0x20, 0x19, 0x20, 0x19, 0x20, 0x19, 0x20, 0x19, 0x20, 0x19, 0x20, 0x19, 0x20, 0x19, 0x20, 0x19, 0x20, 0x19, 0x20, 0x19, 0x20, 0x19, 0x20, 0x19, 0x20, 0x19, 0x20, 0x19, 0x20, 0x19, 0x20, 0x19, 
  0x20, 0x19, 0x20, 0x19, 0x20, 0x19, 0x20, 0x19, 0x20, 0x19, 0x20, 0x19, 0x20, 0x19, 0x20, 0x19, 0x20, 0x19, 0x20, 0x19, 0x20, 0x19, 0x20, 0x19, 0x20, 0x19, 0x20, 0x19, 0x20, 0x19, 0x20, 0x19, 0x20, 0x19, 0x20, 0x19, 
  0x20, 0x19, 0x20, 0x19, 0x20, 0x19, 0x20, 0x19, 0x20, 0x19, 0x20, 0x19, 0x20, 0x19, 0x20, 0x19, 0x20, 0x19, 0x20, 0x19, 0x20, 0x19, 0x20, 0x19, 0x20, 0x19, 0x20, 0x19, 0x20, 0x19, 0x20, 0x19, 0x20, 0x19, 0x20, 0x19, 
  0x20, 0x19, 0x20, 0x19, 0x20, 0x19, 0x20, 0x19, 0x20, 0x19, 0x20, 0x19, 0x20, 0x19, 0x20, 0x19, 0x20, 0x19, 0x20, 0x19, 0x20, 0x19, 0x20, 0x19, 0x20, 0x19, 0x20, 0x19, 0x20, 0x19, 0x20, 0x19, 0x20, 0x19, 0x20, 0x19, 
  0x20, 0x19, 0x20, 0x19, 0x20, 0x19, 0x20, 0x19, 0x20, 0x19, 0x20, 0x19, 0x20, 0x19, 0x20, 0x19, 0x20, 0x19, 0x20, 0x19, 0x20, 0x19, 0x20, 0x19, 0x20, 0x19, 0x20, 0x19, 0x20, 0x19, 0x20, 0x19, 0x20, 0x19, 0x20, 0x19, 
  0x20, 0x19, 0x20, 0x19, 0x20, 0x19, 0x20, 0x19, 0x20, 0x19, 0x20, 0x19, 0x20, 0x19, 0x20, 0x19, 0x20, 0x19, 0x20, 0x19, 0x20, 0x19, 0x20, 0x19, 0x20, 0x19, 0x20, 0x19, 0x20, 0x19, 0x20, 0x19, 0x20, 0x19, 0x20, 0x19, 
  0x20, 0x19, 0x20, 0x19, 0x20, 0x19, 0x20, 0x19, 0x20, 0x19, 0x20, 0x19, 0x20, 0x19, 0x20, 0x19, 0x20, 0x19, 0x20, 0x19, 0x20, 0x19, 0x20, 0x19, 0x20, 0x19, 0x20, 0x19, 0x20, 0x19, 0x20, 0x19, 0x20, 0x19, 0x20, 0x19, 
  0x20, 0x19, 0x20, 0x19, 0x20, 0x19, 0x20, 0x19, 0x20, 0x19, 0x20, 0x19, 0x20, 0x19, 0x20, 0x19, 0x20, 0x19, 0x20, 0x19, 0x20, 0x19, 0x20, 0x19, 0x20, 0x19, 0x20, 0x19, 0x20, 0x19, 0x20, 0x19, 0x20, 0x19, 0x20, 0x19, 
  0x20, 0x19, 0x20, 0x19, 0x20, 0x19, 0x20, 0x19, 0x20, 0x19, 0x20, 0x19, 0x20, 0x19, 0x20, 0x19, 0x20, 0x19, 0x20, 0x19, 0x20, 0x19, 0x20, 0x19, 0x20, 0x19, 0x20, 0x19, 0x20, 0x19, 0x20, 0x19, 0x20, 0x19, 0x20, 0x19, 
  0x20, 0x19, 0x20, 0x19, 0x20, 0x19, 0x20, 0x19, 0x20, 0x19, 0x20, 0x19, 0x20, 0x19, 0x20, 0x19, 0x20, 0x19, 0x20, 0x19, 0x20, 0x19, 0x20, 0x19, 0x20, 0x19, 0x20, 0x19, 0x20, 0x19, 0x20, 0x19, 0x20, 0x19, 0x20, 0x19, 
  0x20, 0x19, 0x20, 0x19, 0x20, 0x19, 0x20, 0x19, 0x20, 0x19, 0x20, 0x19, 0x20, 0x19, 0x20, 0x19, 0x20, 0x19, 0x20, 0x19, 0x20, 0x19, 0x20, 0x19, 0x20, 0x19, 0x20, 0x19, 0x20, 0x19, 0x20, 0x19, 0x20, 0x19, 0x20, 0x19, 
  0x20, 0x19, 0x20, 0x19, 0x20, 0x19, 0x20, 0x19, 0x20, 0x19, 0x20, 0x19, 0x20, 0x19, 0x20, 0x19, 0x20, 0x19, 0x20, 0x19, 0x20, 0x19, 0x20, 0x19, 0x20, 0x19, 0x20, 0x19, 0x20, 0x19, 0x20, 0x19, 0x20, 0x19, 0x20, 0x19, 
  0x20, 0x19, 0x20, 0x19, 0x20, 0x19, 0x20, 0x19, 0x20, 0x19, 0x20, 0x19, 0x20, 0x19, 0x20, 0x19, 0x20, 0x19, 0x20, 0x19, 0x20, 0x19, 0x20, 0x19, 0x20, 0x19, 0x20, 0x19, 0x20, 0x19, 0x20, 0x19, 0x20, 0x19, 0x20, 0x19, 
  0x20, 0x19, 0x20, 0x19, 0x20, 0x19, 0x20, 0x19, 0x20, 0x19, 0x20, 0x19, 0x20, 0x19, 0x20, 0x19, 0x20, 0x19, 0x20, 0x19, 0x20, 0x19, 0x20, 0x19, 0x20, 0x19, 0x20, 0x19, 0x20, 0x19, 0x20, 0x19, 0x20, 0x19, 0x20, 0x19, 
  0x20, 0x19, 0x20, 0x19, 0x20, 0x19, 0x20, 0x19, 0x20, 0x19, 0x20, 0x19, 0x20, 0x19, 0x20, 0x19, 0x20, 0x19, 0x20, 0x19, 0x20, 0x19, 0x20, 0x19, 0x20, 0x19, 0x20, 0x19, 0x20, 0x19, 0x20, 0x19, 0x20, 0x19, 0x20, 0x19, 
  0x20, 0x19, 0x20, 0x19, 0x20, 0x19, 0x20, 0x19, 0x20, 0x19, 0x20, 0x19, 0x20, 0x19, 0x20, 0x19, 0x20, 0x19, 0x20, 0x19, 0x20, 0x19, 0x20, 0x19, 0x20, 0x19, 0x20, 0x19, 0x20, 0x19, 0x20, 0x19, 0x20, 0x19, 0x20, 0x19, 
  0x20, 0x19, 0x20, 0x19, 0x20, 0x19, 0x20, 0x19, 0x20, 0x19, 0x20, 0x19, 0x20, 0x19, 0x20, 0x19, 0x20, 0x19, 0x20, 0x19, 0x20, 0x19, 0x20, 0x19, 0x20, 0x19, 0x20, 0x19, 0x20, 0x19, 0x20, 0x19, 0x20, 0x19, 0x20, 0x19, 
  0x20, 0x19, 0x20, 0x19, 0x20, 0x19, 0x20, 0x19, 0x20, 0x19, 0x20, 0x19, 0x20, 0x19, 0x20, 0x19, 0x20, 0x19, 0x20, 0x19, 0x20, 0x19, 0x20, 0x19, 0x20, 0x19, 0x20, 0x19, 0x20, 0x19, 0x20, 0x19, 0x20, 0x19, 0x20, 0x19, 
  0x20, 0x19, 0x20, 0x19, 0x20, 0x19, 0x20, 0x19, 0x20, 0x19, 0x20, 0x19, 0x20, 0x19, 0x20, 0x19, 0x20, 0x19, 0x20, 0x19, 0x20, 0x19, 0x20, 0x19, 0x20, 0x19, 0x20, 0x19, 0x20, 0x19, 0x20, 0x19, 0x20, 0x19, 0x20, 0x19, 
  0x20, 0x19, 0x20, 0x19, 0x20, 0x19, 0x20, 0x19, 0x20, 0x19, 0x20, 0x19, 0x20, 0x19, 0x20, 0x19, 0x20, 0x19, 0x20, 0x19, 0x20, 0x19, 0x20, 0x19, 0x20, 0x19, 0x20, 0x19, 0x20, 0x19, 0x20, 0x19, 0x20, 0x19, 0x20, 0x19, 
  0x20, 0x19, 0x20, 0x19, 0x20, 0x19, 0x20, 0x19, 0x20, 0x19, 0x20, 0x19, 0x20, 0x19, 0x20, 0x19, 0x20, 0x19, 0x20, 0x19, 0x20, 0x19, 0x20, 0x19, 0x20, 0x19, 0x20, 0x19, 0x20, 0x19, 0x20, 0x19, 0x20, 0x19, 0x20, 0x19, 
  0x20, 0x19, 0x20, 0x19, 0x20, 0x19, 0x20, 0x19, 0x20, 0x19, 0x20, 0x19, 0x20, 0x19, 0x20, 0x19, 0x20, 0x19, 0x20, 0x19, 0x20, 0x19, 0x20, 0x19, 0x20, 0x19, 0x20, 0x19, 0x20, 0x19, 0x20, 0x19, 0x20, 0x19, 0x20, 0x19, 
  0x20, 0x19, 0x20, 0x19, 0x20, 0x19, 0x20, 0x19, 0x20, 0x19, 0x20, 0x19, 0x20, 0x19, 0x20, 0x19, 0x20, 0x19, 0x20, 0x19, 0x20, 0x19, 0x20, 0x19, 0x20, 0x19, 0x20, 0x19, 0x20, 0x19, 0x20, 0x19, 0x20, 0x19, 0x20, 0x19, 
  0x20, 0x11, 0x20, 0x11, 0x20, 0x11, 0x20, 0x11, 0x20, 0x11, 0x20, 0x11, 0x20, 0x11, 0x20, 0x11, 0x20, 0x11, 0x20, 0x11, 0x20, 0x11, 0x20, 0x11, 0x20, 0x11, 0x20, 0x11, 0x20, 0x11, 0x20, 0x11, 0x20, 0x11, 0x20, 0x11, 
  0x20, 0x11, 0x20, 0x11, 0x20, 0x11, 0x20, 0x11, 0x20, 0x11, 0x20, 0x11, 0x20, 0x11, 0x20, 0x11, 0x20, 0x11, 0x20, 0x11, 0x20, 0x11, 0x20, 0x11, 0x20, 0x11, 0x20, 0x11, 0x20, 0x11, 0x20, 0x11, 0x20, 0x11, 0x20, 0x11, 
  0x20, 0x11, 0x20, 0x11, 0x20, 0x11, 0x20, 0x11, 0x20, 0x11, 0x20, 0x11, 0x20, 0x11, 0x20, 0x11, 0x20, 0x11, 0x20, 0x11, 0x20, 0x11, 0x20, 0x11, 0x20, 0x11, 0x20, 0x11, 0x20, 0x11, 0x20, 0x11, 0x20, 0x11, 0x20, 0x11, 
  0x20, 0x11, 0x20, 0x11, 0x20, 0x11, 0x20, 0x11, 0x20, 0x11, 0x20, 0x11, 0x20, 0x11, 0x20, 0x11, 0x20, 0x11, 0x20, 0x11, 0x20, 0x11, 0x20, 0x11, 0x20, 0x11, 0x20, 0x11, 0x20, 0x11, 0x20, 0x11, 0x20, 0x11, 0x20, 0x11, 
  0x20, 0x11, 0x20, 0x11, 0x20, 0x11, 0x20, 0x11, 0x20, 0x11, 0x20, 0x11, 0x20, 0x11, 0x20, 0x11, 0x20, 0x11, 0x20, 0x11, 0x20, 0x11, 0x20, 0x11, 0x20, 0x11, 0x20, 0x11, 0x20, 0x11, 0x20, 0x11, 0x20, 0x11, 0x20, 0x11, 
  0x20, 0x11, 0x20, 0x11, 0x20, 0x11, 0x20, 0x11, 0x20, 0x11, 0x20, 0x11, 0x20, 0x11, 0x20, 0x11, 0x20, 0x11, 0x20, 0x11, 0x20, 0x11, 0x20, 0x11, 0x20, 0x11, 0x20, 0x11, 0x20, 0x11, 0x20, 0x11, 0x20, 0x11, 0x20, 0x11, 
  0x20, 0x11, 0x20, 0x11, 0x20, 0x11, 0x20, 0x11, 0x20, 0x11, 0x20, 0x11, 0x20, 0x11, 0x20, 0x11, 0x20, 0x11, 0x20, 0x11, 0x20, 0x11, 0x20, 0x11, 0x20, 0x11, 0x20, 0x11, 0x20, 0x11, 0x20, 0x11, 0x20, 0x11, 0x20, 0x11, 
  0x20, 0x11, 0x20, 0x11, 0x20, 0x11, 0x20, 0x11, 0x20, 0x11, 0x20, 0x11, 0x20, 0x11, 0x20, 0x11, 0x20, 0x11, 0x20, 0x11, 0x20, 0x11, 0x20, 0x11, 0x20, 0x11, 0x20, 0x11, 0x20, 0x11, 0x20, 0x11, 0x20, 0x11, 0x20, 0x11, 
  0x20, 0x11, 0x20, 0x11, 0x20, 0x11, 0x20, 0x11, 0x20, 0x11, 0x20, 0x11, 0x20, 0x11, 0x20, 0x11, 0x20, 0x11, 0x20, 0x11, 0x20, 0x11, 0x20, 0x11, 0x20, 0x11, 0x20, 0x11, 0x20, 0x11, 0x20, 0x11, 0x20, 0x11, 0x20, 0x11, 
  0x20, 0x11, 0x20, 0x11, 0x20, 0x11, 0x20, 0x11, 0x20, 0x11, 0x20, 0x11, 0x20, 0x11, 0x20, 0x11, 0x20, 0x11, 0x20, 0x11, 0x20, 0x11, 0x20, 0x11, 0x20, 0x11, 0x20, 0x11, 0x20, 0x11, 0x20, 0x11, 0x20, 0x11, 0x20, 0x11, 
  0x20, 0x11, 0x20, 0x11, 0x20, 0x11, 0x20, 0x11, 0x20, 0x11, 0x20, 0x11, 0x20, 0x11, 0x20, 0x11, 0x20, 0x11, 0x20, 0x11, 0x20, 0x11, 0x20, 0x11, 0x20, 0x11, 0x20, 0x11, 0x20, 0x11, 0x20, 0x11, 0x20, 0x11, 0x20, 0x11, 
  0x20, 0x11, 0x20, 0x11, 0x20, 0x11, 0x20, 0x11, 0x20, 0x11, 0x20, 0x11, 0x20, 0x11, 0x20, 0x11, 0x20, 0x11, 0x20, 0x11, 0x20, 0x11, 0x20, 0x11, 0x20, 0x11, 0x20, 0x11, 0x20, 0x11, 0x20, 0x11, 0x20, 0x11, 0x20, 0x11, 
  0x20, 0x11, 0x20, 0x11, 0x20, 0x11, 0x20, 0x11, 0x20, 0x11, 0x20, 0x11, 0x20, 0x11, 0x20, 0x11, 0x20, 0x11, 0x20, 0x11, 0x20, 0x11, 0x20, 0x11, 0x20, 0x11, 0x20, 0x11, 0x20, 0x11, 0x20, 0x11, 0x20, 0x11, 0x20, 0x11, 
  0x20, 0x11, 0x20, 0x11, 0x20, 0x11, 0x20, 0x11, 0x20, 0x11, 0x20, 0x11, 0x20, 0x11, 0x20, 0x11, 0x20, 0x11, 0x20, 0x11, 0x20, 0x11, 0x20, 0x11, 0x20, 0x11, 0x20, 0x11, 0x20, 0x11, 0x20, 0x11, 0x20, 0x11, 0x20, 0x11, 
  0x20, 0x11, 0x20, 0x11, 0x20, 0x11, 0x20, 0x11, 0x20, 0x11, 0x20, 0x11, 0x20, 0x11, 0x20, 0x11, 0x20, 0x11, 0x20, 0x11, 0x20, 0x11, 0x20, 0x11, 0x20, 0x11, 0x20, 0x11, 0x20, 0x11, 0x20, 0x11, 0x20, 0x11, 0x20, 0x11, 
  0x20, 0x11, 0x20, 0x11, 0x20, 0x11, 0x20, 0x11, 0x20, 0x11, 0x20, 0x11, 0x20, 0x11, 0x20, 0x11, 0x20, 0x11, 0x20, 0x11, 0x20, 0x11, 0x20, 0x11, 0x20, 0x11, 0x20, 0x11, 0x20, 0x11, 0x20, 0x11, 0x20, 0x11, 0x20, 0x11, 
  0x20, 0x11, 0x20, 0x11, 0x20, 0x11, 0x20, 0x11, 0x20, 0x11, 0x20, 0x11, 0x20, 0x11, 0x20, 0x11, 0x20, 0x11, 0x20, 0x11, 0x20, 0x11, 0x20, 0x11, 0x20, 0x11, 0x20, 0x11, 0x20, 0x11, 0x20, 0x11, 0x20, 0x11, 0x20, 0x11, 
  0x20, 0x11, 0x20, 0x11, 0x20, 0x11, 0x20, 0x11, 0x20, 0x11, 0x20, 0x11, 0x20, 0x11, 0x20, 0x11, 0x20, 0x11, 0x20, 0x11, 0x20, 0x11, 0x20, 0x11, 0x20, 0x11, 0x20, 0x11, 0x20, 0x11, 0x20, 0x11, 0x20, 0x11, 0x20, 0x11, 
  0x20, 0x11, 0x20, 0x11, 0x20, 0x11, 0x20, 0x11, 0x20, 0x11, 0x20, 0x11, 0x20, 0x11, 0x20, 0x11, 0x20, 0x11, 0x20, 0x11, 0x20, 0x11, 0x20, 0x11, 0x20, 0x11, 0x20, 0x11, 0x20, 0x11, 0x20, 0x11, 0x20, 0x11, 0x20, 0x11, 
  0x20, 0x11, 0x20, 0x11, 0x20, 0x11, 0x20, 0x11, 0x20, 0x11, 0x20, 0x11, 0x20, 0x11, 0x20, 0x11, 0x20, 0x11, 0x20, 0x11, 0x20, 0x11, 0x20, 0x11, 0x20, 0x11, 0x20, 0x11, 0x20, 0x11, 0x20, 0x11, 0x20, 0x11, 0x20, 0x11, 
  0x20, 0x11, 0x20, 0x11, 0x20, 0x11, 0x20, 0x11, 0x20, 0x11, 0x20, 0x11, 0x20, 0x11, 0x20, 0x11, 0x20, 0x11, 0x20, 0x11, 0x20, 0x11, 0x20, 0x11, 0x20, 0x11, 0x20, 0x11, 0x20, 0x11, 0x20, 0x11, 0x20, 0x11, 0x20, 0x11, 
  0x20, 0x11, 0x20, 0x11, 0x20, 0x11, 0x20, 0x11, 0x20, 0x11, 0x20, 0x11, 0x20, 0x11, 0x20, 0x11, 0x20, 0x11, 0x20, 0x11, 0x20, 0x11, 0x20, 0x11, 0x20, 0x11, 0x20, 0x11, 0x20, 0x11, 0x20, 0x11, 0x20, 0x11, 0x20, 0x11, 
  0x20, 0x11, 0x20, 0x11, 0x20, 0x11, 0x20, 0x11, 0x20, 0x11, 0x20, 0x11, 0x20, 0x11, 0x20, 0x11, 0x20, 0x11, 0x20, 0x11, 0x20, 0x11, 0x20, 0x11, 0x20, 0x11, 0x20, 0x11, 0x20, 0x11, 0x20, 0x11, 0x20, 0x11, 0x20, 0x11, 
  0x20, 0x11, 0x20, 0x11, 0x20, 0x11, 0x20, 0x11, 0x20, 0x11, 0x20, 0x11, 0x20, 0x11, 0x20, 0x11, 0x20, 0x11, 0x20, 0x11, 0x20, 0x11, 0x20, 0x11, 0x20, 0x11, 0x20, 0x11, 0x20, 0x11, 0x20, 0x11, 0x20, 0x11, 0x20, 0x11, 
  0x20, 0x11, 0x20, 0x11, 0x20, 0x11, 0x20, 0x11, 0x20, 0x11, 0x20, 0x11, 0x20, 0x11, 0x20, 0x11, 0x20, 0x11, 0x20, 0x11, 0x20, 0x11, 0x20, 0x11, 0x20, 0x11, 0x20, 0x11, 0x20, 0x11, 0x20, 0x11, 0x20, 0x11, 0x20, 0x11, 
  0x20, 0x11, 0x20, 0x11, 0x20, 0x11, 0x20, 0x11, 0x20, 0x11, 0x20, 0x11, 0x20, 0x11, 0x20, 0x11, 0x20, 0x11, 0x20, 0x11, 0x20, 0x11, 0x20, 0x11, 0x20, 0x11, 0x20, 0x11, 0x20, 0x11, 0x20, 0x11, 0x20, 0x11, 0x20, 0x11, 
  0x20, 0x11, 0x20, 0x11, 0x20, 0x11, 0x20, 0x11, 0x20, 0x11, 0x20, 0x11, 0x20, 0x11, 0x20, 0x11, 0x20, 0x11, 0x20, 0x11, 0x20, 0x11, 0x20, 0x11, 0x20, 0x11, 0x20, 0x11, 0x20, 0x11, 0x20, 0x11, 0x20, 0x11, 0x20, 0x11, 
  0x20, 0x11, 0x20, 0x11, 0x20, 0x11, 0x20, 0x11, 0x20, 0x11, 0x20, 0x11, 0x20, 0x11, 0x20, 0x11, 0x20, 0x11, 0x20, 0x11, 0x20, 0x11, 0x20, 0x11, 0x20, 0x11, 0x20, 0x11, 0x20, 0x11, 0x20, 0x11, 0x20, 0x11, 0x20, 0x11, 
  0x20, 0x11, 0x20, 0x11, 0x20, 0x11, 0x20, 0x11, 0x20, 0x11, 0x20, 0x11, 0x20, 0x11, 0x20, 0x11, 0x20, 0x11, 0x20, 0x11, 0x20, 0x11, 0x20, 0x11, 0x20, 0x11, 0x20, 0x11, 0x20, 0x11, 0x20, 0x11, 0x20, 0x11, 0x20, 0x11, 
  0x20, 0x11, 0x20, 0x11, 0x20, 0x11, 0x20, 0x11, 0x20, 0x11, 0x20, 0x11, 0x20, 0x11, 0x20, 0x11, 0x20, 0x11, 0x20, 0x11, 0x20, 0x11, 0x20, 0x11, 0x20, 0x11, 0x20, 0x11, 0x20, 0x11, 0x20, 0x11, 0x20, 0x11, 0x20, 0x11, 
  0x20, 0x11, 0x20, 0x11, 0x20, 0x11, 0x20, 0x11, 0x20, 0x11, 0x20, 0x11, 0x20, 0x11, 0x20, 0x11, 0x20, 0x11, 0x20, 0x11, 0x20, 0x11, 0x20, 0x11, 0x20, 0x11, 0x20, 0x11, 0x20, 0x11, 0x20, 0x11, 0x20, 0x11, 0x20, 0x11, 
  0x20, 0x09, 0x20, 0x09, 0x20, 0x09, 0x20, 0x09, 0x20, 0x09, 0x20, 0x09, 0x20, 0x09, 0x20, 0x09, 0x20, 0x09, 0x20, 0x09, 0x20, 0x09, 0x20, 0x09, 0x20, 0x09, 0x20, 0x09, 0x20, 0x09, 0x20, 0x09, 0x20, 0x09, 0x20, 0x09, 
  0x20, 0x09, 0x20, 0x09, 0x20, 0x09, 0x20, 0x09, 0x20, 0x09, 0x20, 0x09, 0x20, 0x09, 0x20, 0x09, 0x20, 0x09, 0x20, 0x09, 0x20, 0x09, 0x20, 0x09, 0x20, 0x09, 0x20, 0x09, 0x20, 0x09, 0x20, 0x09, 0x20, 0x09, 0x20, 0x09, 
  0x20, 0x09, 0x20, 0x09, 0x20, 0x09, 0x20, 0x09, 0x20, 0x09, 0x20, 0x09, 0x20, 0x09, 0x20, 0x09, 0x20, 0x09, 0x20, 0x09, 0x20, 0x09, 0x20, 0x09, 0x20, 0x09, 0x20, 0x09, 0x20, 0x09, 0x20, 0x09, 0x20, 0x09, 0x20, 0x09, 
  0x20, 0x09, 0x20, 0x09, 0x20, 0x09, 0x20, 0x09, 0x20, 0x09, 0x20, 0x09, 0x20, 0x09, 0x20, 0x09, 0x20, 0x09, 0x20, 0x09, 0x20, 0x09, 0x20, 0x09, 0x20, 0x09, 0x20, 0x09, 0x20, 0x09, 0x20, 0x09, 0x20, 0x09, 0x20, 0x09, 
  0x20, 0x09, 0x20, 0x09, 0x20, 0x09, 0x20, 0x09, 0x20, 0x09, 0x20, 0x09, 0x20, 0x09, 0x20, 0x09, 0x20, 0x09, 0x20, 0x09, 0x20, 0x09, 0x20, 0x09, 0x20, 0x09, 0x20, 0x09, 0x20, 0x09, 0x20, 0x09, 0x20, 0x09, 0x20, 0x09, 
  0x20, 0x09, 0x20, 0x09, 0x20, 0x09, 0x20, 0x09, 0x20, 0x09, 0x20, 0x09, 0x20, 0x09, 0x20, 0x09, 0x20, 0x09, 0x20, 0x09, 0x20, 0x09, 0x20, 0x09, 0x20, 0x09, 0x20, 0x09, 0x20, 0x09, 0x20, 0x09, 0x20, 0x09, 0x20, 0x09, 
  0x20, 0x09, 0x20, 0x09, 0x20, 0x09, 0x20, 0x09, 0x20, 0x09, 0x20, 0x09, 0x20, 0x09, 0x20, 0x09, 0x20, 0x09, 0x20, 0x09, 0x20, 0x09, 0x20, 0x09, 0x20, 0x09, 0x20, 0x09, 0x20, 0x09, 0x20, 0x09, 0x20, 0x09, 0x20, 0x09, 
  0x20, 0x09, 0x20, 0x09, 0x20, 0x09, 0x20, 0x09, 0x20, 0x09, 0x20, 0x09, 0x20, 0x09, 0x20, 0x09, 0x20, 0x09, 0x20, 0x09, 0x20, 0x09, 0x20, 0x09, 0x20, 0x09, 0x20, 0x09, 0x20, 0x09, 0x20, 0x09, 0x20, 0x09, 0x20, 0x09, 
  0x20, 0x09, 0x20, 0x09, 0x20, 0x09, 0x20, 0x09, 0x20, 0x09, 0x20, 0x09, 0x20, 0x09, 0x20, 0x09, 0x20, 0x09, 0x20, 0x09, 0x20, 0x09, 0x20, 0x09, 0x20, 0x09, 0x20, 0x09, 0x20, 0x09, 0x20, 0x09, 0x20, 0x09, 0x20, 0x09, 
  0x20, 0x09, 0x20, 0x09, 0x20, 0x09, 0x20, 0x09, 0x20, 0x09, 0x20, 0x09, 0x20, 0x09, 0x20, 0x09, 0x20, 0x09, 0x20, 0x09, 0x20, 0x09, 0x20, 0x09, 0x20, 0x09, 0x20, 0x09, 0x20, 0x09, 0x20, 0x09, 0x20, 0x09, 0x20, 0x09, 
  0x20, 0x09, 0x20, 0x09, 0x20, 0x09, 0x20, 0x09, 0x20, 0x09, 0x20, 0x09, 0x20, 0x09, 0x20, 0x09, 0x20, 0x09, 0x20, 0x09, 0x20, 0x09, 0x20, 0x09, 0x20, 0x09, 0x20, 0x09, 0x20, 0x09, 0x20, 0x09, 0x20, 0x09, 0x20, 0x09, 
  0x20, 0x09, 0x20, 0x09, 0x20, 0x09, 0x20, 0x09, 0x20, 0x09, 0x20, 0x09, 0x20, 0x09, 0x20, 0x09, 0x20, 0x09, 0x20, 0x09, 0x20, 0x09, 0x20, 0x09, 0x20, 0x09, 0x20, 0x09, 0x20, 0x09, 0x20, 0x09, 0x20, 0x09, 0x20, 0x09, 
  0x20, 0x09, 0x20, 0x09, 0x20, 0x09, 0x20, 0x09, 0x20, 0x09, 0x20, 0x09, 0x20, 0x09, 0x20, 0x09, 0x20, 0x09, 0x20, 0x09, 0x20, 0x09, 0x20, 0x09, 0x20, 0x09, 0x20, 0x09, 0x20, 0x09, 0x20, 0x09, 0x20, 0x09, 0x20, 0x09, 
  0x20, 0x09, 0x20, 0x09, 0x20, 0x09, 0x20, 0x09, 0x20, 0x09, 0x20, 0x09, 0x20, 0x09, 0x20, 0x09, 0x20, 0x09, 0x20, 0x09, 0x20, 0x09, 0x20, 0x09, 0x20, 0x09, 0x20, 0x09, 0x20, 0x09, 0x20, 0x09, 0x20, 0x09, 0x20, 0x09, 
  0x20, 0x09, 0x20, 0x09, 0x20, 0x09, 0x20, 0x09, 0x20, 0x09, 0x20, 0x09, 0x20, 0x09, 0x20, 0x09, 0x20, 0x09, 0x20, 0x09, 0x20, 0x09, 0x20, 0x09, 0x20, 0x09, 0x20, 0x09, 0x20, 0x09, 0x20, 0x09, 0x20, 0x09, 0x20, 0x09, 
  0x20, 0x09, 0x20, 0x09, 0x20, 0x09, 0x20, 0x09, 0x20, 0x09, 0x20, 0x09, 0x20, 0x09, 0x20, 0x09, 0x20, 0x09, 0x20, 0x09, 0x20, 0x09, 0x20, 0x09, 0x20, 0x09, 0x20, 0x09, 0x20, 0x09, 0x20, 0x09, 0x20, 0x09, 0x20, 0x09, 
  0x20, 0x09, 0x20, 0x09, 0x20, 0x09, 0x20, 0x09, 0x20, 0x09, 0x20, 0x09, 0x20, 0x09, 0x20, 0x09, 0x20, 0x09, 0x20, 0x09, 0x20, 0x09, 0x20, 0x09, 0x20, 0x09, 0x20, 0x09, 0x20, 0x09, 0x20, 0x09, 0x20, 0x09, 0x20, 0x09, 
  0x20, 0x09, 0x20, 0x09, 0x20, 0x09, 0x20, 0x09, 0x20, 0x09, 0x20, 0x09, 0x20, 0x09, 0x20, 0x09, 0x20, 0x09, 0x20, 0x09, 0x20, 0x09, 0x20, 0x09, 0x20, 0x09, 0x20, 0x09, 0x20, 0x09, 0x20, 0x09, 0x20, 0x09, 0x20, 0x09, 
  0x20, 0x09, 0x20, 0x09, 0x20, 0x09, 0x20, 0x09, 0x20, 0x09, 0x20, 0x09, 0x20, 0x09, 0x20, 0x09, 0x20, 0x09, 0x20, 0x09, 0x20, 0x09, 0x20, 0x09, 0x20, 0x09, 0x20, 0x09, 0x20, 0x09, 0x20, 0x09, 0x20, 0x09, 0x20, 0x09, 
  0x20, 0x09, 0x20, 0x09, 0x20, 0x09, 0x20, 0x09, 0x20, 0x09, 0x20, 0x09, 0x20, 0x09, 0x20, 0x09, 0x20, 0x09, 0x20, 0x09, 0x20, 0x09, 0x20, 0x09, 0x20, 0x09, 0x20, 0x09, 0x20, 0x09, 0x20, 0x09, 0x20, 0x09, 0x20, 0x09, 
  0x20, 0x09, 0x20, 0x09, 0x20, 0x09, 0x20, 0x09, 0x20, 0x09, 0x20, 0x09, 0x20, 0x09, 0x20, 0x09, 0x20, 0x09, 0x20, 0x09, 0x20, 0x09, 0x20, 0x09, 0x20, 0x09, 0x20, 0x09, 0x20, 0x09, 0x20, 0x09, 0x20, 0x09, 0x20, 0x09, 
  0x20, 0x09, 0x20, 0x09, 0x20, 0x09, 0x20, 0x09, 0x20, 0x09, 0x20, 0x09, 0x20, 0x09, 0x20, 0x09, 0x20, 0x09, 0x20, 0x09, 0x20, 0x09, 0x20, 0x09, 0x20, 0x09, 0x20, 0x09, 0x20, 0x09, 0x20, 0x09, 0x20, 0x09, 0x20, 0x09, 
  0x20, 0x09, 0x20, 0x09, 0x20, 0x09, 0x20, 0x09, 0x20, 0x09, 0x20, 0x09, 0x20, 0x09, 0x20, 0x09, 0x20, 0x09, 0x20, 0x09, 0x20, 0x09, 0x20, 0x09, 0x20, 0x09, 0x20, 0x09, 0x20, 0x09, 0x20, 0x09, 0x20, 0x09, 0x20, 0x09, 
  0x20, 0x09, 0x20, 0x09, 0x20, 0x09, 0x20, 0x09, 0x20, 0x09, 0x20, 0x09, 0x20, 0x09, 0x20, 0x09, 0x20, 0x09, 0x20, 0x09, 0x20, 0x09, 0x20, 0x09, 0x20, 0x09, 0x20, 0x09, 0x20, 0x09, 0x20, 0x09, 0x20, 0x09, 0x20, 0x09, 
  0x20, 0x09, 0x20, 0x09, 0x20, 0x09, 0x20, 0x09, 0x20, 0x09, 0x20, 0x09, 0x20, 0x09, 0x20, 0x09, 0x20, 0x09, 0x20, 0x09, 0x20, 0x09, 0x20, 0x09, 0x20, 0x09, 0x20, 0x09, 0x20, 0x09, 0x20, 0x09, 0x20, 0x09, 0x20, 0x09, 
  0x20, 0x09, 0x20, 0x09, 0x20, 0x09, 0x20, 0x09, 0x20, 0x09, 0x20, 0x09, 0x20, 0x09, 0x20, 0x09, 0x20, 0x09, 0x20, 0x09, 0x20, 0x09, 0x20, 0x09, 0x20, 0x09, 0x20, 0x09, 0x20, 0x09, 0x20, 0x09, 0x20, 0x09, 0x20, 0x09, 
  0x20, 0x09, 0x20, 0x09, 0x20, 0x09, 0x20, 0x09, 0x20, 0x09, 0x20, 0x09, 0x20, 0x09, 0x20, 0x09, 0x20, 0x09, 0x20, 0x09, 0x20, 0x09, 0x20, 0x09, 0x20, 0x09, 0x20, 0x09, 0x20, 0x09, 0x20, 0x09, 0x20, 0x09, 0x20, 0x09, 
  0x20, 0x09, 0x20, 0x09, 0x20, 0x09, 0x20, 0x09, 0x20, 0x09, 0x20, 0x09, 0x20, 0x09, 0x20, 0x09, 0x20, 0x09, 0x20, 0x09, 0x20, 0x09, 0x20, 0x09, 0x20, 0x09, 0x20, 0x09, 0x20, 0x09, 0x20, 0x09, 0x20, 0x09, 0x20, 0x09, 
  0x20, 0x09, 0x20, 0x09, 0x20, 0x09, 0x20, 0x09, 0x20, 0x09, 0x20, 0x09, 0x20, 0x09, 0x20, 0x09, 0x20, 0x09, 0x20, 0x09, 0x20, 0x09, 0x20, 0x09, 0x20, 0x09, 0x20, 0x09, 0x20, 0x09, 0x20, 0x09, 0x20, 0x09, 0x20, 0x09, 
  0x20, 0x09, 0x20, 0x09, 0x20, 0x09, 0x20, 0x09, 0x20, 0x09, 0x20, 0x09, 0x20, 0x09, 0x20, 0x09, 0x20, 0x09, 0x20, 0x09, 0x20, 0x09, 0x20, 0x09, 0x20, 0x09, 0x20, 0x09, 0x20, 0x09, 0x20, 0x09, 0x20, 0x09, 0x20, 0x09, 
  0x20, 0x09, 0x20, 0x09, 0x20, 0x09, 0x20, 0x09, 0x20, 0x09, 0x20, 0x09, 0x20, 0x09, 0x20, 0x09, 0x20, 0x09, 0x20, 0x09, 0x20, 0x09, 0x20, 0x09, 0x20, 0x09, 0x20, 0x09, 0x20, 0x09, 0x20, 0x09, 0x20, 0x09, 0x20, 0x09, 
  0x20, 0x01, 0x20, 0x01, 0x20, 0x01, 0x20, 0x01, 0x20, 0x01, 0x20, 0x01, 0x20, 0x01, 0x20, 0x01, 0x20, 0x01, 0x20, 0x01, 0x20, 0x01, 0x20, 0x01, 0x20, 0x01, 0x20, 0x01, 0x20, 0x01, 0x20, 0x01, 0x20, 0x01, 0x20, 0x01, 
  0x20, 0x01, 0x20, 0x01, 0x20, 0x01, 0x20, 0x01, 0x20, 0x01, 0x20, 0x01, 0x20, 0x01, 0x20, 0x01, 0x20, 0x01, 0x20, 0x01, 0x20, 0x01, 0x20, 0x01, 0x20, 0x01, 0x20, 0x01, 0x20, 0x01, 0x20, 0x01, 0x20, 0x01, 0x20, 0x01, 
  0x20, 0x01, 0x20, 0x01, 0x20, 0x01, 0x20, 0x01, 0x20, 0x01, 0x20, 0x01, 0x20, 0x01, 0x20, 0x01, 0x20, 0x01, 0x20, 0x01, 0x20, 0x01, 0x20, 0x01, 0x20, 0x01, 0x20, 0x01, 0x20, 0x01, 0x20, 0x01, 0x20, 0x01, 0x20, 0x01, 
  0x20, 0x01, 0x20, 0x01, 0x20, 0x01, 0x20, 0x01, 0x20, 0x01, 0x20, 0x01, 0x20, 0x01, 0x20, 0x01, 0x20, 0x01, 0x20, 0x01, 0x20, 0x01, 0x20, 0x01, 0x20, 0x01, 0x20, 0x01, 0x20, 0x01, 0x20, 0x01, 0x20, 0x01, 0x20, 0x01, 
  0x20, 0x01, 0x20, 0x01, 0x20, 0x01, 0x20, 0x01, 0x20, 0x01, 0x20, 0x01, 0x20, 0x01, 0x20, 0x01, 0x20, 0x01, 0x20, 0x01, 0x20, 0x01, 0x20, 0x01, 0x20, 0x01, 0x20, 0x01, 0x20, 0x01, 0x20, 0x01, 0x20, 0x01, 0x20, 0x01, 
  0x20, 0x01, 0x20, 0x01, 0x20, 0x01, 0x20, 0x01, 0x20, 0x01, 0x20, 0x01, 0x20, 0x01, 0x20, 0x01, 0x20, 0x01, 0x20, 0x01, 0x20, 0x01, 0x20, 0x01, 0x20, 0x01, 0x20, 0x01, 0x20, 0x01, 0x20, 0x01, 0x20, 0x01, 0x20, 0x01, 
  0x20, 0x01, 0x20, 0x01, 0x20, 0x01, 0x20, 0x01, 0x20, 0x01, 0x20, 0x01, 0x20, 0x01, 0x20, 0x01, 0x20, 0x01, 0x20, 0x01, 0x20, 0x01, 0x20, 0x01, 0x20, 0x01, 0x20, 0x01, 0x20, 0x01, 0x20, 0x01, 0x20, 0x01, 0x20, 0x01, 
  0x20, 0x01, 0x20, 0x01, 0x20, 0x01, 0x20, 0x01, 0x20, 0x01, 0x20, 0x01, 0x20, 0x01, 0x20, 0x01, 0x20, 0x01, 0x20, 0x01, 0x20, 0x01, 0x20, 0x01, 0x20, 0x01, 0x20, 0x01, 0x20, 0x01, 0x20, 0x01, 0x20, 0x01, 0x20, 0x01, 
  0x20, 0x01, 0x20, 0x01, 0x20, 0x01, 0x20, 0x01, 0x20, 0x01, 0x20, 0x01, 0x20, 0x01, 0x20, 0x01, 0x20, 0x01, 0x20, 0x01, 0x20, 0x01, 0x20, 0x01, 0x20, 0x01, 0x20, 0x01, 0x20, 0x01, 0x20, 0x01, 0x20, 0x01, 0x20, 0x01, 
  0x20, 0x01, 0x20, 0x01, 0x20, 0x01, 0x20, 0x01, 0x20, 0x01, 0x20, 0x01, 0x20, 0x01, 0x20, 0x01, 0x20, 0x01, 0x20, 0x01, 0x20, 0x01, 0x20, 0x01, 0x20, 0x01, 0x20, 0x01, 0x20, 0x01, 0x20, 0x01, 0x20, 0x01, 0x20, 0x01, 
  0x20, 0x01, 0x20, 0x01, 0x20, 0x01, 0x20, 0x01, 0x20, 0x01, 0x20, 0x01, 0x20, 0x01, 0x20, 0x01, 0x20, 0x01, 0x20, 0x01, 0x20, 0x01, 0x20, 0x01, 0x20, 0x01, 0x20, 0x01, 0x20, 0x01, 0x20, 0x01, 0x20, 0x01, 0x20, 0x01, 
  0x20, 0x01, 0x20, 0x01, 0x20, 0x01, 0x20, 0x01, 0x20, 0x01, 0x20, 0x01, 0x20, 0x01, 0x20, 0x01, 0x20, 0x01, 0x20, 0x01, 0x20, 0x01, 0x20, 0x01, 0x20, 0x01, 0x20, 0x01, 0x20, 0x01, 0x20, 0x01, 0x20, 0x01, 0x20, 0x01, 
  0x20, 0x01, 0x20, 0x01, 0x20, 0x01, 0x20, 0x01, 0x20, 0x01, 0x20, 0x01, 0x20, 0x01, 0x20, 0x01, 0x20, 0x01, 0x20, 0x01, 0x20, 0x01, 0x20, 0x01, 0x20, 0x01, 0x20, 0x01, 0x20, 0x01, 0x20, 0x01, 0x20, 0x01, 0x20, 0x01, 
  0x20, 0x01, 0x20, 0x01, 0x20, 0x01, 0x20, 0x01, 0x20, 0x01, 0x20, 0x01, 0x20, 0x01, 0x20, 0x01, 0x20, 0x01, 0x20, 0x01, 0x20, 0x01, 0x20, 0x01, 0x20, 0x01, 0x20, 0x01, 0x20, 0x01, 0x20, 0x01, 0x20, 0x01, 0x20, 0x01, 
  0x40, 0x01, 0x40, 0x01, 0x40, 0x01, 0x40, 0x01, 0x40, 0x01, 0x40, 0x01, 0x40, 0x01, 0x40, 0x01, 0x40, 0x01, 0x40, 0x01, 0x40, 0x01, 0x40, 0x01, 0x40, 0x01, 0x40, 0x01, 0x40, 0x01, 0x40, 0x01, 0x40, 0x01, 0x40, 0x01, 
  0x40, 0x01, 0x40, 0x01, 0x40, 0x01, 0x40, 0x01, 0x40, 0x01, 0x40, 0x01, 0x40, 0x01, 0x40, 0x01, 0x40, 0x01, 0x40, 0x01, 0x40, 0x01, 0x40, 0x01, 0x40, 0x01, 0x40, 0x01, 0x40, 0x01, 0x40, 0x01, 0x40, 0x01, 0x40, 0x01, 
  0x40, 0x01, 0x40, 0x01, 0x40, 0x01, 0x40, 0x01, 0x40, 0x01, 0x40, 0x01, 0x40, 0x01, 0x40, 0x01, 0x40, 0x01, 0x40, 0x01, 0x40, 0x01, 0x40, 0x01, 0x40, 0x01, 0x40, 0x01, 0x40, 0x01, 0x40, 0x01, 0x40, 0x01, 0x40, 0x01, 
  0x40, 0x01, 0x40, 0x01, 0x40, 0x01, 0x40, 0x01, 0x40, 0x01, 0x40, 0x01, 0x40, 0x01, 0x40, 0x01, 0x40, 0x01, 0x40, 0x01, 0x40, 0x01, 0x40, 0x01, 0x40, 0x01, 0x40, 0x01, 0x40, 0x01, 0x40, 0x01, 0x40, 0x01, 0x40, 0x01, 
  0x40, 0x01, 0x40, 0x01, 0x40, 0x01, 0x40, 0x01, 0x40, 0x01, 0x40, 0x01, 0x40, 0x01, 0x40, 0x01, 0x40, 0x01, 0x40, 0x01, 0x40, 0x01, 0x40, 0x01, 0x40, 0x01, 0x40, 0x01, 0x40, 0x01, 0x40, 0x01, 0x40, 0x01, 0x40, 0x01, 
  0x40, 0x01, 0x40, 0x01, 0x40, 0x01, 0x40, 0x01, 0x40, 0x01, 0x40, 0x01, 0x40, 0x01, 0x40, 0x01, 0x40, 0x01, 0x40, 0x01, 0x40, 0x01, 0x40, 0x01, 0x40, 0x01, 0x40, 0x01, 0x40, 0x01, 0x40, 0x01, 0x40, 0x01, 0x40, 0x01, 
  0x40, 0x01, 0x40, 0x01, 0x40, 0x01, 0x40, 0x01, 0x40, 0x01, 0x40, 0x01, 0x40, 0x01, 0x40, 0x01, 0x40, 0x01, 0x40, 0x01, 0x40, 0x01, 0x40, 0x01, 0x40, 0x01, 0x40, 0x01, 0x40, 0x01, 0x40, 0x01, 0x40, 0x01, 0x40, 0x01, 
  0x40, 0x01, 0x40, 0x01, 0x40, 0x01, 0x40, 0x01, 0x40, 0x01, 0x40, 0x01, 0x40, 0x01, 0x40, 0x01, 0x40, 0x01, 0x40, 0x01, 0x40, 0x01, 0x40, 0x01, 0x40, 0x01, 0x40, 0x01, 0x40, 0x01, 0x40, 0x01, 0x40, 0x01, 0x40, 0x01, 
  0x40, 0x01, 0x40, 0x01, 0x40, 0x01, 0x40, 0x01, 0x40, 0x01, 0x40, 0x01, 0x40, 0x01, 0x40, 0x01, 0x40, 0x01, 0x40, 0x01, 0x40, 0x01, 0x40, 0x01, 0x40, 0x01, 0x40, 0x01, 0x40, 0x01, 0x40, 0x01, 0x40, 0x01, 0x40, 0x01, 
  0x40, 0x01, 0x40, 0x01, 0x40, 0x01, 0x40, 0x01, 0x40, 0x01, 0x40, 0x01, 0x40, 0x01, 0x40, 0x01, 0x40, 0x01, 0x40, 0x01, 0x40, 0x01, 0x40, 0x01, 0x40, 0x01, 0x40, 0x01, 0x40, 0x01, 0x40, 0x01, 0x40, 0x01, 0x40, 0x01, 
  0x40, 0x01, 0x40, 0x01, 0x40, 0x01, 0x40, 0x01, 0x40, 0x01, 0x40, 0x01, 0x40, 0x01, 0x40, 0x01, 0x40, 0x01, 0x40, 0x01, 0x40, 0x01, 0x40, 0x01, 0x40, 0x01, 0x40, 0x01, 0x40, 0x01, 0x40, 0x01, 0x40, 0x01, 0x40, 0x01, 
  0x40, 0x01, 0x40, 0x01, 0x40, 0x01, 0x40, 0x01, 0x40, 0x01, 0x40, 0x01, 0x40, 0x01, 0x40, 0x01, 0x40, 0x01, 0x40, 0x01, 0x40, 0x01, 0x40, 0x01, 0x40, 0x01, 0x40, 0x01, 0x40, 0x01, 0x40, 0x01, 0x40, 0x01, 0x40, 0x01, 
  0x40, 0x01, 0x40, 0x01, 0x40, 0x01, 0x40, 0x01, 0x40, 0x01, 0x40, 0x01, 0x40, 0x01, 0x40, 0x01, 0x40, 0x01, 0x40, 0x01, 0x40, 0x01, 0x40, 0x01, 0x40, 0x01, 0x40, 0x01, 0x40, 0x01, 0x40, 0x01, 0x40, 0x01, 0x40, 0x01, 
  0x40, 0x01, 0x40, 0x01, 0x40, 0x01, 0x40, 0x01, 0x40, 0x01, 0x40, 0x01, 0x40, 0x01, 0x40, 0x01, 0x40, 0x01, 0x40, 0x01, 0x40, 0x01, 0x40, 0x01, 0x40, 0x01, 0x40, 0x01, 0x40, 0x01, 0x40, 0x01, 0x40, 0x01, 0x40, 0x01, 
  0x40, 0x01, 0x40, 0x01, 0x40, 0x01, 0x40, 0x01, 0x40, 0x01, 0x40, 0x01, 0x40, 0x01, 0x40, 0x01, 0x40, 0x01, 0x40, 0x01, 0x40, 0x01, 0x40, 0x01, 0x40, 0x01, 0x40, 0x01, 0x40, 0x01, 0x40, 0x01, 0x40, 0x01, 0x40, 0x01, 
  0x40, 0x01, 0x40, 0x01, 0x40, 0x01, 0x40, 0x01, 0x40, 0x01, 0x40, 0x01, 0x40, 0x01, 0x40, 0x01, 0x40, 0x01, 0x40, 0x01, 0x40, 0x01, 0x40, 0x01, 0x40, 0x01, 0x40, 0x01, 0x40, 0x01, 0x40, 0x01, 0x40, 0x01, 0x40, 0x01, 
  0x40, 0x01, 0x40, 0x01, 0x40, 0x01, 0x40, 0x01, 0x40, 0x01, 0x40, 0x01, 0x40, 0x01, 0x40, 0x01, 0x40, 0x01, 0x40, 0x01, 0x40, 0x01, 0x40, 0x01, 0x40, 0x01, 0x40, 0x01, 0x40, 0x01, 0x40, 0x01, 0x40, 0x01, 0x40, 0x01, 
  0x40, 0x01, 0x40, 0x01, 0x40, 0x01, 0x40, 0x01, 0x40, 0x01, 0x40, 0x01, 0x40, 0x01, 0x40, 0x01, 0x40, 0x01, 0x40, 0x01, 0x40, 0x01, 0x40, 0x01, 0x40, 0x01, 0x40, 0x01, 0x40, 0x01, 0x40, 0x01, 0x40, 0x01, 0x40, 0x01, 
  0x40, 0x01, 0x40, 0x01, 0x40, 0x01, 0x40, 0x01, 0x40, 0x01, 0x40, 0x01, 0x40, 0x01, 0x40, 0x01, 0x40, 0x01, 0x40, 0x01, 0x40, 0x01, 0x40, 0x01, 0x40, 0x01, 0x40, 0x01, 0x40, 0x01, 0x40, 0x01, 0x40, 0x01, 0x40, 0x01, 
  0x40, 0x01, 0x40, 0x01, 0x40, 0x01, 0x40, 0x01, 0x40, 0x01, 0x40, 0x01, 0x40, 0x01, 0x40, 0x01, 0x40, 0x01, 0x40, 0x01, 0x40, 0x01, 0x40, 0x01, 0x40, 0x01, 0x40, 0x01, 0x40, 0x01, 0x40, 0x01, 0x40, 0x01, 0x40, 0x01, 
  0x40, 0x01, 0x40, 0x01, 0x40, 0x01, 0x40, 0x01, 0x40, 0x01, 0x40, 0x01, 0x40, 0x01, 0x40, 0x01, 0x40, 0x01, 0x40, 0x01, 0x40, 0x01, 0x40, 0x01, 0x40, 0x01, 0x40, 0x01, 0x40, 0x01, 0x40, 0x01, 0x40, 0x01, 0x40, 0x01, 
  0x40, 0x01, 0x40, 0x01, 0x40, 0x01, 0x40, 0x01, 0x40, 0x01, 0x40, 0x01, 0x40, 0x01, 0x40, 0x01, 0x40, 0x01, 0x40, 0x01, 0x40, 0x01, 0x40, 0x01, 0x40, 0x01, 0x40, 0x01, 0x40, 0x01, 0x40, 0x01, 0x40, 0x01, 0x40, 0x01, 
  0x40, 0x01, 0x40, 0x01, 0x40, 0x01, 0x40, 0x01, 0x40, 0x01, 0x40, 0x01, 0x40, 0x01, 0x40, 0x01, 0x40, 0x01, 0x40, 0x01, 0x40, 0x01, 0x40, 0x01, 0x40, 0x01, 0x40, 0x01, 0x40, 0x01, 0x40, 0x01, 0x40, 0x01, 0x40, 0x01, 
  0x40, 0x01, 0x40, 0x01, 0x40, 0x01, 0x40, 0x01, 0x40, 0x01, 0x40, 0x01, 0x40, 0x01, 0x40, 0x01, 0x40, 0x01, 0x40, 0x01, 0x40, 0x01, 0x40, 0x01, 0x40, 0x01, 0x40, 0x01, 0x40, 0x01, 0x40, 0x01, 0x40, 0x01, 0x40, 0x01, 
  0x40, 0x01, 0x40, 0x01, 0x40, 0x01, 0x40, 0x01, 0x40, 0x01, 0x40, 0x01, 0x40, 0x01, 0x40, 0x01, 0x40, 0x01, 0x40, 0x01, 0x40, 0x01, 0x40, 0x01, 0x40, 0x01, 0x40, 0x01, 0x40, 0x01, 0x40, 0x01, 0x40, 0x01, 0x40, 0x01, 
  0x40, 0x01, 0x40, 0x01, 0x40, 0x01, 0x40, 0x01, 0x40, 0x01, 0x40, 0x01, 0x40, 0x01, 0x40, 0x01, 0x40, 0x01, 0x40, 0x01, 0x40, 0x01, 0x40, 0x01, 0x40, 0x01, 0x40, 0x01, 0x40, 0x01, 0x40, 0x01, 0x40, 0x01, 0x40, 0x01, 
  0x40, 0x01, 0x40, 0x01, 0x40, 0x01, 0x40, 0x01, 0x40, 0x01, 0x40, 0x01, 0x40, 0x01, 0x40, 0x01, 0x40, 0x01, 0x40, 0x01, 0x40, 0x01, 0x40, 0x01, 0x40, 0x01, 0x40, 0x01, 0x40, 0x01, 0x40, 0x01, 0x40, 0x01, 0x40, 0x01, 
  0x40, 0x01, 0x40, 0x01, 0x40, 0x01, 0x40, 0x01, 0x40, 0x01, 0x40, 0x01, 0x40, 0x01, 0x40, 0x01, 0x40, 0x01, 0x40, 0x01, 0x40, 0x01, 0x40, 0x01, 0x40, 0x01, 0x40, 0x01, 0x40, 0x01, 0x40, 0x01, 0x40, 0x01, 0x40, 0x01, 
  0x40, 0x01, 0x40, 0x01, 0x40, 0x01, 0x40, 0x01, 0x40, 0x01, 0x40, 0x01, 0x40, 0x01, 0x40, 0x01, 0x40, 0x01, 0x40, 0x01, 0x40, 0x01, 0x40, 0x01, 0x40, 0x01, 0x40, 0x01, 0x40, 0x01, 0x40, 0x01, 0x40, 0x01, 0x40, 0x01, 
  0x40, 0x01, 0x40, 0x01, 0x40, 0x01, 0x40, 0x01, 0x40, 0x01, 0x40, 0x01, 0x40, 0x01, 0x40, 0x01, 0x40, 0x01, 0x40, 0x01, 0x40, 0x01, 0x40, 0x01, 0x40, 0x01, 0x40, 0x01, 0x40, 0x01, 0x40, 0x01, 0x40, 0x01, 0x40, 0x01, 
  0x40, 0x01, 0x40, 0x01, 0x40, 0x01, 0x40, 0x01, 0x40, 0x01, 0x40, 0x01, 0x40, 0x01, 0x40, 0x01, 0x40, 0x01, 0x40, 0x01, 0x40, 0x01, 0x40, 0x01, 0x40, 0x01, 0x40, 0x01, 0x40, 0x01, 0x40, 0x01, 0x40, 0x01, 0x40, 0x01, 
  0x40, 0x01, 0x40, 0x01, 0x40, 0x01, 0x40, 0x01, 0x40, 0x01, 0x40, 0x01, 0x40, 0x01, 0x40, 0x01, 0x40, 0x01, 0x40, 0x01, 0x40, 0x01, 0x40, 0x01, 0x40, 0x01, 0x40, 0x01, 0x40, 0x01, 0x40, 0x01, 0x40, 0x01, 0x40, 0x01, 
  0x40, 0x01, 0x40, 0x01, 0x40, 0x01, 0x40, 0x01, 0x40, 0x01, 0x40, 0x01, 0x40, 0x01, 0x40, 0x01, 0x40, 0x01, 0x40, 0x01, 0x40, 0x01, 0x40, 0x01, 0x40, 0x01, 0x40, 0x01, 0x40, 0x01, 0x40, 0x01, 0x40, 0x01, 0x40, 0x01, 
  0x40, 0x01, 0x40, 0x01, 0x40, 0x01, 0x40, 0x01, 0x40, 0x01, 0x40, 0x01, 0x40, 0x01, 0x40, 0x01, 0x40, 0x01, 0x40, 0x01, 0x40, 0x01, 0x40, 0x01, 0x40, 0x01, 0x40, 0x01, 0x40, 0x01, 0x40, 0x01, 0x40, 0x01, 0x40, 0x01, 
  0x40, 0x01, 0x40, 0x01, 0x40, 0x01, 0x40, 0x01, 0x40, 0x01, 0x40, 0x01, 0x40, 0x01, 0x40, 0x01, 0x40, 0x01, 0x40, 0x01, 0x40, 0x01, 0x40, 0x01, 0x40, 0x01, 0x40, 0x01, 0x40, 0x01, 0x40, 0x01, 0x40, 0x01, 0x40, 0x01, 
  0x40, 0x01, 0x40, 0x01, 0x40, 0x01, 0x40, 0x01, 0x40, 0x01, 0x40, 0x01, 0x40, 0x01, 0x40, 0x01, 0x40, 0x01, 0x40, 0x01, 0x40, 0x01, 0x40, 0x01, 0x40, 0x01, 0x40, 0x01, 0x40, 0x01, 0x40, 0x01, 0x40, 0x01, 0x40, 0x01, 
  0x40, 0x01, 0x40, 0x01, 0x40, 0x01, 0x40, 0x01, 0x40, 0x01, 0x40, 0x01, 0x40, 0x01, 0x40, 0x01, 0x40, 0x01, 0x40, 0x01, 0x40, 0x01, 0x40, 0x01, 0x40, 0x01, 0x40, 0x01, 0x40, 0x01, 0x40, 0x01, 0x40, 0x01, 0x40, 0x01, 
  0x40, 0x01, 0x40, 0x01, 0x40, 0x01, 0x40, 0x01, 0x40, 0x01, 0x40, 0x01, 0x40, 0x01, 0x40, 0x01, 0x40, 0x01, 0x40, 0x01, 0x40, 0x01, 0x40, 0x01, 0x40, 0x01, 0x40, 0x01, 0x40, 0x01, 0x40, 0x01, 0x40, 0x01, 0x40, 0x01, 
  0x40, 0x01, 0x40, 0x01, 0x40, 0x01, 0x40, 0x01, 0x40, 0x01, 0x40, 0x01, 0x40, 0x01, 0x40, 0x01, 0x40, 0x01, 0x40, 0x01, 0x40, 0x01, 0x40, 0x01, 0x40, 0x01, 0x40, 0x01, 0x40, 0x01, 0x40, 0x01, 0x40, 0x01, 0x40, 0x01, 
  0x40, 0x01, 0x40, 0x01, 0x40, 0x01, 0x40, 0x01, 0x40, 0x01, 0x40, 0x01, 0x40, 0x01, 0x40, 0x01, 0x40, 0x01, 0x40, 0x01, 0x40, 0x01, 0x40, 0x01, 0x40, 0x01, 0x40, 0x01, 0x40, 0x01, 0x40, 0x01, 0x40, 0x01, 0x40, 0x01, 
  0x40, 0x01, 0x40, 0x01, 0x40, 0x01, 0x40, 0x01, 0x40, 0x01, 0x40, 0x01, 0x40, 0x01, 0x40, 0x01, 0x40, 0x01, 0x40, 0x01, 0x40, 0x01, 0x40, 0x01, 0x40, 0x01, 0x40, 0x01, 0x40, 0x01, 0x40, 0x01, 0x40, 0x01, 0x40, 0x01, 
  0x40, 0x01, 0x40, 0x01, 0x40, 0x01, 0x40, 0x01, 0x40, 0x01, 0x40, 0x01, 0x40, 0x01, 0x40, 0x01, 0x40, 0x01, 0x40, 0x01, 0x40, 0x01, 0x40, 0x01, 0x40, 0x01, 0x40, 0x01, 0x40, 0x01, 0x40, 0x01, 0x40, 0x01, 0x40, 0x01, 
  0x40, 0x01, 0x40, 0x01, 0x40, 0x01, 0x40, 0x01, 0x40, 0x01, 0x40, 0x01, 0x40, 0x01, 0x40, 0x01, 0x40, 0x01, 0x40, 0x01, 0x40, 0x01, 0x40, 0x01, 0x40, 0x01, 0x40, 0x01, 0x40, 0x01, 0x40, 0x01, 0x40, 0x01, 0x40, 0x01, 
  0x40, 0x01, 0x40, 0x01, 0x40, 0x01, 0x40, 0x01, 0x40, 0x01, 0x40, 0x01, 0x40, 0x01, 0x40, 0x01, 0x40, 0x01, 0x40, 0x01, 0x40, 0x01, 0x40, 0x01, 0x40, 0x01, 0x40, 0x01, 0x40, 0x01, 0x40, 0x01, 0x40, 0x01, 0x40, 0x01, 
  0x40, 0x01, 0x40, 0x01, 0x40, 0x01, 0x40, 0x01, 0x40, 0x01, 0x40, 0x01, 0x40, 0x01, 0x40, 0x01, 0x40, 0x01, 0x40, 0x01, 0x40, 0x01, 0x40, 0x01, 0x40, 0x01, 0x40, 0x01, 0x40, 0x01, 0x40, 0x01, 0x40, 0x01, 0x40, 0x01, 
  0x40, 0x01, 0x40, 0x01, 0x40, 0x01, 0x40, 0x01, 0x40, 0x01, 0x40, 0x01, 0x40, 0x01, 0x40, 0x01, 0x40, 0x01, 0x40, 0x01, 0x40, 0x01, 0x40, 0x01, 0x40, 0x01, 0x40, 0x01, 0x40, 0x01, 0x40, 0x01, 0x40, 0x01, 0x40, 0x01, 
  0x40, 0x01, 0x40, 0x01, 0x40, 0x01, 0x40, 0x01, 0x40, 0x01, 0x40, 0x01, 0x40, 0x01, 0x40, 0x01, 0x40, 0x01, 0x40, 0x01, 0x40, 0x01, 0x40, 0x01, 0x40, 0x01, 0x40, 0x01, 0x40, 0x01, 0x40, 0x01, 0x40, 0x01, 0x40, 0x01, 
  0x40, 0x01, 0x40, 0x01, 0x40, 0x01, 0x40, 0x01, 0x40, 0x01, 0x40, 0x01, 0x40, 0x01, 0x40, 0x01, 0x40, 0x01, 0x40, 0x01, 0x40, 0x01, 0x40, 0x01, 0x40, 0x01, 0x40, 0x01, 0x40, 0x01, 0x40, 0x01, 0x40, 0x01, 0x40, 0x01, 
  0x40, 0x01, 0x40, 0x01, 0x40, 0x01, 0x40, 0x01, 0x40, 0x01, 0x40, 0x01, 0x40, 0x01, 0x40, 0x01, 0x40, 0x01, 0x40, 0x01, 0x40, 0x01, 0x40, 0x01, 0x40, 0x01, 0x40, 0x01, 0x40, 0x01, 0x40, 0x01, 0x40, 0x01, 0x40, 0x01, 
  0x40, 0x01, 0x40, 0x01, 0x40, 0x01, 0x40, 0x01, 0x40, 0x01, 0x40, 0x01, 0x40, 0x01, 0x40, 0x01, 0x40, 0x01, 0x40, 0x01, 0x40, 0x01, 0x40, 0x01, 0x40, 0x01, 0x40, 0x01, 0x40, 0x01, 0x40, 0x01, 0x40, 0x01, 0x40, 0x01, 
  0x40, 0x01, 0x40, 0x01, 0x40, 0x01, 0x40, 0x01, 0x40, 0x01, 0x40, 0x01, 0x40, 0x01, 0x40, 0x01, 0x40, 0x01, 0x40, 0x01, 0x40, 0x01, 0x40, 0x01, 0x40, 0x01, 0x40, 0x01, 0x40, 0x01, 0x40, 0x01, 0x40, 0x01, 0x40, 0x01, 
  0x40, 0x01, 0x40, 0x01, 0x40, 0x01, 0x40, 0x01, 0x40, 0x01, 0x40, 0x01, 0x40, 0x01, 0x40, 0x01, 0x40, 0x01, 0x40, 0x01, 0x40, 0x01, 0x40, 0x01, 0x40, 0x01, 0x40, 0x01, 0x40, 0x01, 0x40, 0x01, 0x40, 0x01, 0x40, 0x01, 
  0x40, 0x01, 0x40, 0x01, 0x40, 0x01, 0x40, 0x01, 0x40, 0x01, 0x40, 0x01, 0x40, 0x01, 0x40, 0x01, 0x40, 0x01, 0x40, 0x01, 0x40, 0x01, 0x40, 0x01, 0x40, 0x01, 0x40, 0x01, 0x40, 0x01, 0x40, 0x01, 0x40, 0x01, 0x40, 0x01, 
  0x40, 0x01, 0x40, 0x01, 0x40, 0x01, 0x40, 0x01, 0x40, 0x01, 0x40, 0x01, 0x40, 0x01, 0x40, 0x01, 0x40, 0x01, 0x40, 0x01, 0x40, 0x01, 0x40, 0x01, 0x40, 0x01, 0x40, 0x01, 0x40, 0x01, 0x40, 0x01, 0x40, 0x01, 0x40, 0x01, 
  0x40, 0x01, 0x40, 0x01, 0x40, 0x01, 0x40, 0x01, 0x40, 0x01, 0x40, 0x01, 0x40, 0x01, 0x40, 0x01, 0x40, 0x01, 0x40, 0x01, 0x40, 0x01, 0x40, 0x01, 0x40, 0x01, 0x40, 0x01, 0x40, 0x01, 0x40, 0x01, 0x40, 0x01, 0x40, 0x01, 
  0x40, 0x01, 0x40, 0x01, 0x40, 0x01, 0x40, 0x01, 0x40, 0x01, 0x40, 0x01, 0x40, 0x01, 0x40, 0x01, 0x40, 0x01, 0x40, 0x01, 0x40, 0x01, 0x40, 0x01, 0x40, 0x01, 0x40, 0x01, 0x40, 0x01, 0x40, 0x01, 0x40, 0x01, 0x40, 0x01, 
  0x40, 0x01, 0x40, 0x01, 0x40, 0x01, 0x40, 0x01, 0x40, 0x01, 0x40, 0x01, 0x40, 0x01, 0x40, 0x01, 0x40, 0x01, 0x40, 0x01, 0x40, 0x01, 0x40, 0x01, 0x40, 0x01, 0x40, 0x01, 0x40, 0x01, 0x40, 0x01, 0x40, 0x01, 0x40, 0x01, 
  0x40, 0x01, 0x40, 0x01, 0x40, 0x01, 0x40, 0x01, 0x40, 0x01, 0x40, 0x01, 0x40, 0x01, 0x40, 0x01, 0x40, 0x01, 0x40, 0x01, 0x40, 0x01, 0x40, 0x01, 0x40, 0x01, 0x40, 0x01, 0x40, 0x01, 0x40, 0x01, 0x40, 0x01, 0x40, 0x01, 
  0x40, 0x01, 0x40, 0x01, 0x40, 0x01, 0x40, 0x01, 0x40, 0x01, 0x40, 0x01, 0x40, 0x01, 0x40, 0x01, 0x40, 0x01, 0x40, 0x01, 0x40, 0x01, 0x40, 0x01, 0x40, 0x01, 0x40, 0x01, 0x40, 0x01, 0x40, 0x01, 0x40, 0x01, 0x40, 0x01, 
  0x40, 0x01, 0x40, 0x01, 0x40, 0x01, 0x40, 0x01, 0x40, 0x01, 0x40, 0x01, 0x40, 0x01, 0x40, 0x01, 0x40, 0x01, 0x40, 0x01, 0x40, 0x01, 0x40, 0x01, 0x40, 0x01, 0x40, 0x01, 0x40, 0x01, 0x40, 0x01, 0x40, 0x01, 0x40, 0x01, 
  0x40, 0x01, 0x40, 0x01, 0x40, 0x01, 0x40, 0x01, 0x40, 0x01, 0x40, 0x01, 0x40, 0x01, 0x40, 0x01, 0x40, 0x01, 0x40, 0x01, 0x40, 0x01, 0x40, 0x01, 0x40, 0x01, 0x40, 0x01, 0x40, 0x01, 0x40, 0x01, 0x40, 0x01, 0x40, 0x01, 
  0xe0, 0x00, 0x40, 0x01, 0x40, 0x01, 0x40, 0x01, 0x40, 0x01, 0x40, 0x01, 0x40, 0x01, 0x40, 0x01, 0x40, 0x01, 0x40, 0x01, 0x40, 0x01, 0x40, 0x01, 0x40, 0x01, 0x40, 0x01, 0x40, 0x01, 0x40, 0x01, 0x40, 0x01, 0xe0, 0x00, 
  0x40, 0x00, 0x40, 0x01, 0x40, 0x01, 0x40, 0x01, 0x40, 0x01, 0x40, 0x01, 0x40, 0x01, 0x40, 0x01, 0x40, 0x01, 0x40, 0x01, 0x40, 0x01, 0x40, 0x01, 0x40, 0x01, 0x40, 0x01, 0x40, 0x01, 0x40, 0x01, 0x40, 0x01, 0x40, 0x00, 
  0x00, 0x00, 0xa0, 0x00, 0x40, 0x01, 0x40, 0x01, 0x40, 0x01, 0x40, 0x01, 0x40, 0x01, 0x40, 0x01, 0x40, 0x01, 0x40, 0x01, 0x40, 0x01, 0x40, 0x01, 0x40, 0x01, 0x40, 0x01, 0x40, 0x01, 0x40, 0x01, 0xa0, 0x00, 0x00, 0x00, 
  0x00, 0x00, 0x00, 0x00, 0x40, 0x00, 0xe0, 0x00, 0x40, 0x01, 0x40, 0x01, 0x40, 0x01, 0x40, 0x01, 0x40, 0x01, 0x40, 0x01, 0x40, 0x01, 0x40, 0x01, 0x40, 0x01, 0x40, 0x01, 0xe0, 0x00, 0x40, 0x00, 0x00, 0x00, 0x00, 0x00, 
#endif
#if LV_COLOR_DEPTH == 16 && LV_COLOR_16_SWAP != 0
  /*Pixel format: Red: 5 bit, Green: 6 bit, Blue: 5 bit BUT the 2 bytes are swapped*/
  0x00, 0x00, 0x00, 0x00, 0x08, 0x00, 0x18, 0x00, 0x28, 0x00, 0x28, 0x00, 0x28, 0x00, 0x28, 0x00, 0x28, 0x00, 0x28, 0x00, 0x28, 0x00, 0x28, 0x00, 0x28, 0x00, 0x28, 0x00, 0x18, 0x00, 0x08, 0x00, 0x00, 0x00, 0x00, 0x00, 
  0x00, 0x00, 0x10, 0x00, 0x28, 0x00, 0x28, 0x00, 0x28, 0x00, 0x28, 0x00, 0x28, 0x00, 0x28, 0x00, 0x28, 0x00, 0x28, 0x00, 0x28, 0x00, 0x28, 0x00, 0x28, 0x00, 0x28, 0x00, 0x28, 0x00, 0x28, 0x00, 0x10, 0x00, 0x00, 0x00, 
  0x08, 0x00, 0x28, 0x00, 0x28, 0x00, 0x28, 0x00, 0x28, 0x00, 0x28, 0x00, 0x28, 0x00, 0x28, 0x00, 0x28, 0x00, 0x28, 0x00, 0x28, 0x00, 0x28, 0x00, 0x28, 0x00, 0x28, 0x00, 0x28, 0x00, 0x28, 0x00, 0x28, 0x00, 0x08, 0x00, 
  0x18, 0x00, 0x28, 0x00, 0x28, 0x00, 0x28, 0x00, 0x28, 0x00, 0x28, 0x00, 0x28, 0x00, 0x28, 0x00, 0x28, 0x00, 0x28, 0x00, 0x28, 0x00, 0x28, 0x00, 0x28, 0x00, 0x28, 0x00, 0x28, 0x00, 0x28, 0x00, 0x28, 0x00, 0x18, 0x00, 
  0x28, 0x00, 0x28, 0x00, 0x28, 0x00, 0x28, 0x00, 0x28, 0x00, 0x28, 0x00, 0x28, 0x00, 0x28, 0x00, 0x28, 0x00, 0x28, 0x00, 0x28, 0x00, 0x28, 0x00, 0x28, 0x00, 0x28, 0x00, 0x28, 0x00, 0x28, 0x00, 0x28, 0x00, 0x28, 0x00, 
  0x28, 0x00, 0x28, 0x00, 0x28, 0x00, 0x28, 0x00, 0x28, 0x00, 0x28, 0x00, 0x28, 0x00, 0x28, 0x00, 0x28, 0x00, 0x28, 0x00, 0x28, 0x00, 0x28, 0x00, 0x28, 0x00, 0x28, 0x00, 0x28, 0x00, 0x28, 0x00, 0x28, 0x00, 0x28, 0x00, 
  0x28, 0x00, 0x28, 0x00, 0x28, 0x00, 0x28, 0x00, 0x28, 0x00, 0x28, 0x00, 0x28, 0x00, 0x28, 0x00, 0x28, 0x00, 0x28, 0x00, 0x28, 0x00, 0x28, 0x00, 0x28, 0x00, 0x28, 0x00, 0x28, 0x00, 0x28, 0x00, 0x28, 0x00, 0x28, 0x00, 
  0x28, 0x00, 0x28, 0x00, 0x28, 0x00, 0x28, 0x00, 0x28, 0x00, 0x28, 0x00, 0x28, 0x00, 0x28, 0x00, 0x28, 0x00, 0x28, 0x00, 0x28, 0x00, 0x28, 0x00, 0x28, 0x00, 0x28, 0x00, 0x28, 0x00, 0x28, 0x00, 0x28, 0x00, 0x28, 0x00, 
  0x28, 0x00, 0x28, 0x00, 0x28, 0x00, 0x28, 0x00, 0x28, 0x00, 0x28, 0x00, 0x28, 0x00, 0x28, 0x00, 0x28, 0x00, 0x28, 0x00, 0x28, 0x00, 0x28, 0x00, 0x28, 0x00, 0x28, 0x00, 0x28, 0x00, 0x28, 0x00, 0x28, 0x00, 0x28, 0x00, 
  0x28, 0x00, 0x28, 0x00, 0x28, 0x00, 0x28, 0x00, 0x28, 0x00, 0x28, 0x00, 0x28, 0x00, 0x28, 0x00, 0x28, 0x00, 0x28, 0x00, 0x28, 0x00, 0x28, 0x00, 0x28, 0x00, 0x28, 0x00, 0x28, 0x00, 0x28, 0x00, 0x28, 0x00, 0x28, 0x00, 
  0x28, 0x00, 0x28, 0x00, 0x28, 0x00, 0x28, 0x00, 0x28, 0x00, 0x28, 0x00, 0x28, 0x00, 0x28, 0x00, 0x28, 0x00, 0x28, 0x00, 0x28, 0x00, 0x28, 0x00, 0x28, 0x00, 0x28, 0x00, 0x28, 0x00, 0x28, 0x00, 0x28, 0x00, 0x28, 0x00, 
  0x28, 0x00, 0x28, 0x00, 0x28, 0x00, 0x28, 0x00, 0x28, 0x00, 0x28, 0x00, 0x28, 0x00, 0x28, 0x00, 0x28, 0x00, 0x28, 0x00, 0x28, 0x00, 0x28, 0x00, 0x28, 0x00, 0x28, 0x00, 0x28, 0x00, 0x28, 0x00, 0x28, 0x00, 0x28, 0x00, 
  0x28, 0x00, 0x28, 0x00, 0x28, 0x00, 0x28, 0x00, 0x28, 0x00, 0x28, 0x00, 0x28, 0x00, 0x28, 0x00, 0x28, 0x00, 0x28, 0x00, 0x28, 0x00, 0x28, 0x00, 0x28, 0x00, 0x28, 0x00, 0x28, 0x00, 0x28, 0x00, 0x28, 0x00, 0x28, 0x00, 
  0x28, 0x00, 0x28, 0x00, 0x28, 0x00, 0x28, 0x00, 0x28, 0x00, 0x28, 0x00, 0x28, 0x00, 0x28, 0x00, 0x28, 0x00, 0x28, 0x00, 0x28, 0x00, 0x28, 0x00, 0x28, 0x00, 0x28, 0x00, 0x28, 0x00, 0x28, 0x00, 0x28, 0x00, 0x28, 0x00, 
  0x28, 0x00, 0x28, 0x00, 0x28, 0x00, 0x28, 0x00, 0x28, 0x00, 0x28, 0x00, 0x28, 0x00, 0x28, 0x00, 0x28, 0x00, 0x28, 0x00, 0x28, 0x00, 0x28, 0x00, 0x28, 0x00, 0x28, 0x00, 0x28, 0x00, 0x28, 0x00, 0x28, 0x00, 0x28, 0x00, 
  0x28, 0x00, 0x28, 0x00, 0x28, 0x00, 0x28, 0x00, 0x28, 0x00, 0x28, 0x00, 0x28, 0x00, 0x28, 0x00, 0x28, 0x00, 0x28, 0x00, 0x28, 0x00, 0x28, 0x00, 0x28, 0x00, 0x28, 0x00, 0x28, 0x00, 0x28, 0x00, 0x28, 0x00, 0x28, 0x00, 
  0x28, 0x00, 0x28, 0x00, 0x28, 0x00, 0x28, 0x00, 0x28, 0x00, 0x28, 0x00, 0x28, 0x00, 0x28, 0x00, 0x28, 0x00, 0x28, 0x00, 0x28, 0x00, 0x28, 0x00, 0x28, 0x00, 0x28, 0x00, 0x28, 0x00, 0x28, 0x00, 0x28, 0x00, 0x28, 0x00, 
  0x28, 0x00, 0x28, 0x00, 0x28, 0x00, 0x28, 0x00, 0x28, 0x00, 0x28, 0x00, 0x28, 0x00, 0x28, 0x00, 0x28, 0x00, 0x28, 0x00, 0x28, 0x00, 0x28, 0x00, 0x28, 0x00, 0x28, 0x00, 0x28, 0x00, 0x28, 0x00, 0x28, 0x00, 0x28, 0x00, 
  0x28, 0x00, 0x28, 0x00, 0x28, 0x00, 0x28, 0x00, 0x28, 0x00, 0x28, 0x00, 0x28, 0x00, 0x28, 0x00, 0x28, 0x00, 0x28, 0x00, 0x28, 0x00, 0x28, 0x00, 0x28, 0x00, 0x28, 0x00, 0x28, 0x00, 0x28, 0x00, 0x28, 0x00, 0x28, 0x00, 
  0x28, 0x00, 0x28, 0x00, 0x28, 0x00, 0x28, 0x00, 0x28, 0x00, 0x28, 0x00, 0x28, 0x00, 0x28, 0x00, 0x28, 0x00, 0x28, 0x00, 0x28, 0x00, 0x28, 0x00, 0x28, 0x00, 0x28, 0x00, 0x28, 0x00, 0x28, 0x00, 0x28, 0x00, 0x28, 0x00, 
  0x28, 0x00, 0x28, 0x00, 0x28, 0x00, 0x28, 0x00, 0x28, 0x00, 0x28, 0x00, 0x28, 0x00, 0x28, 0x00, 0x28, 0x00, 0x28, 0x00, 0x28, 0x00, 0x28, 0x00, 0x28, 0x00, 0x28, 0x00, 0x28, 0x00, 0x28, 0x00, 0x28, 0x00, 0x28, 0x00, 
  0x28, 0x00, 0x28, 0x00, 0x28, 0x00, 0x28, 0x00, 0x28, 0x00, 0x28, 0x00, 0x28, 0x00, 0x28, 0x00, 0x28, 0x00, 0x28, 0x00, 0x28, 0x00, 0x28, 0x00, 0x28, 0x00, 0x28, 0x00, 0x28, 0x00, 0x28, 0x00, 0x28, 0x00, 0x28, 0x00, 
  0x28, 0x00, 0x28, 0x00, 0x28, 0x00, 0x28, 0x00, 0x28, 0x00, 0x28, 0x00, 0x28, 0x00, 0x28, 0x00, 0x28, 0x00, 0x28, 0x00, 0x28, 0x00, 0x28, 0x00, 0x28, 0x00, 0x28, 0x00, 0x28, 0x00, 0x28, 0x00, 0x28, 0x00, 0x28, 0x00, 
  0x28, 0x00, 0x28, 0x00, 0x28, 0x00, 0x28, 0x00, 0x28, 0x00, 0x28, 0x00, 0x28, 0x00, 0x28, 0x00, 0x28, 0x00, 0x28, 0x00, 0x28, 0x00, 0x28, 0x00, 0x28, 0x00, 0x28, 0x00, 0x28, 0x00, 0x28, 0x00, 0x28, 0x00, 0x28, 0x00, 
  0x28, 0x00, 0x28, 0x00, 0x28, 0x00, 0x28, 0x00, 0x28, 0x00, 0x28, 0x00, 0x28, 0x00, 0x28, 0x00, 0x28, 0x00, 0x28, 0x00, 0x28, 0x00, 0x28, 0x00, 0x28, 0x00, 0x28, 0x00, 0x28, 0x00, 0x28, 0x00, 0x28, 0x00, 0x28, 0x00, 
  0x28, 0x00, 0x28, 0x00, 0x28, 0x00, 0x28, 0x00, 0x28, 0x00, 0x28, 0x00, 0x28, 0x00, 0x28, 0x00, 0x28, 0x00, 0x28, 0x00, 0x28, 0x00, 0x28, 0x00, 0x28, 0x00, 0x28, 0x00, 0x28, 0x00, 0x28, 0x00, 0x28, 0x00, 0x28, 0x00, 
  0x28, 0x00, 0x28, 0x00, 0x28, 0x00, 0x28, 0x00, 0x28, 0x00, 0x28, 0x00, 0x28, 0x00, 0x28, 0x00, 0x28, 0x00, 0x28, 0x00, 0x28, 0x00, 0x28, 0x00, 0x28, 0x00, 0x28, 0x00, 0x28, 0x00, 0x28, 0x00, 0x28, 0x00, 0x28, 0x00, 
  0x28, 0x00, 0x28, 0x00, 0x28, 0x00, 0x28, 0x00, 0x28, 0x00, 0x28, 0x00, 0x28, 0x00, 0x28, 0x00, 0x28, 0x00, 0x28, 0x00, 0x28, 0x00, 0x28, 0x00, 0x28, 0x00, 0x28, 0x00, 0x28, 0x00, 0x28, 0x00, 0x28, 0x00, 0x28, 0x00, 
  0x28, 0x00, 0x28, 0x00, 0x28, 0x00, 0x28, 0x00, 0x28, 0x00, 0x28, 0x00, 0x28, 0x00, 0x28, 0x00, 0x28, 0x00, 0x28, 0x00, 0x28, 0x00, 0x28, 0x00, 0x28, 0x00, 0x28, 0x00, 0x28, 0x00, 0x28, 0x00, 0x28, 0x00, 0x28, 0x00, 
  0x28, 0x00, 0x28, 0x00, 0x28, 0x00, 0x28, 0x00, 0x28, 0x00, 0x28, 0x00, 0x28, 0x00, 0x28, 0x00, 0x28, 0x00, 0x28, 0x00, 0x28, 0x00, 0x28, 0x00, 0x28, 0x00, 0x28, 0x00, 0x28, 0x00, 0x28, 0x00, 0x28, 0x00, 0x28, 0x00, 
  0x28, 0x20, 0x28, 0x20, 0x28, 0x20, 0x28, 0x20, 0x28, 0x20, 0x28, 0x20, 0x28, 0x20, 0x28, 0x20, 0x28, 0x20, 0x28, 0x20, 0x28, 0x20, 0x28, 0x20, 0x28, 0x20, 0x28, 0x20, 0x28, 0x20, 0x28, 0x20, 0x28, 0x20, 0x28, 0x20, 
  0x28, 0x20, 0x28, 0x20, 0x28, 0x20, 0x28, 0x20, 0x28, 0x20, 0x28, 0x20, 0x28, 0x20, 0x28, 0x20, 0x28, 0x20, 0x28, 0x20, 0x28, 0x20, 0x28, 0x20, 0x28, 0x20, 0x28, 0x20, 0x28, 0x20, 0x28, 0x20, 0x28, 0x20, 0x28, 0x20, 
  0x28, 0x20, 0x28, 0x20, 0x28, 0x20, 0x28, 0x20, 0x28, 0x20, 0x28, 0x20, 0x28, 0x20, 0x28, 0x20, 0x28, 0x20, 0x28, 0x20, 0x28, 0x20, 0x28, 0x20, 0x28, 0x20, 0x28, 0x20, 0x28, 0x20, 0x28, 0x20, 0x28, 0x20, 0x28, 0x20, 
  0x28, 0x40, 0x28, 0x40, 0x28, 0x40, 0x28, 0x40, 0x28, 0x40, 0x28, 0x40, 0x28, 0x40, 0x28, 0x40, 0x28, 0x40, 0x28, 0x40, 0x28, 0x40, 0x28, 0x40, 0x28, 0x40, 0x28, 0x40, 0x28, 0x40, 0x28, 0x40, 0x28, 0x40, 0x28, 0x40, 
  0x28, 0x40, 0x28, 0x40, 0x28, 0x40, 0x28, 0x40, 0x28, 0x40, 0x28, 0x40, 0x28, 0x40, 0x28, 0x40, 0x28, 0x40, 0x28, 0x40, 0x28, 0x40, 0x28, 0x40, 0x28, 0x40, 0x28, 0x40, 0x28, 0x40, 0x28, 0x40, 0x28, 0x40, 0x28, 0x40, 
  0x28, 0x60, 0x28, 0x60, 0x28, 0x60, 0x28, 0x60, 0x28, 0x60, 0x28, 0x60, 0x28, 0x60, 0x28, 0x60, 0x28, 0x60, 0x28, 0x60, 0x28, 0x60, 0x28, 0x60, 0x28, 0x60, 0x28, 0x60, 0x28, 0x60, 0x28, 0x60, 0x28, 0x60, 0x28, 0x60, 
  0x28, 0x60, 0x28, 0x60, 0x28, 0x60, 0x28, 0x60, 0x28, 0x60, 0x28, 0x60, 0x28, 0x60, 0x28, 0x60, 0x28, 0x60, 0x28, 0x60, 0x28, 0x60, 0x28, 0x60, 0x28, 0x60, 0x28, 0x60, 0x28, 0x60, 0x28, 0x60, 0x28, 0x60, 0x28, 0x60, 
  0x28, 0x60, 0x28, 0x60, 0x28, 0x60, 0x28, 0x60, 0x28, 0x60, 0x28, 0x60, 0x28, 0x60, 0x28, 0x60, 0x28, 0x60, 0x28, 0x60, 0x28, 0x60, 0x28, 0x60, 0x28, 0x60, 0x28, 0x60, 0x28, 0x60, 0x28, 0x60, 0x28, 0x60, 0x28, 0x60, 
  0x28, 0x80, 0x28, 0x80, 0x28, 0x80, 0x28, 0x80, 0x28, 0x80, 0x28, 0x80, 0x28, 0x80, 0x28, 0x80, 0x28, 0x80, 0x28, 0x80, 0x28, 0x80, 0x28, 0x80, 0x28, 0x80, 0x28, 0x80, 0x28, 0x80, 0x28, 0x80, 0x28, 0x80, 0x28, 0x80, 
  0x28, 0x80, 0x28, 0x80, 0x28, 0x80, 0x28, 0x80, 0x28, 0x80, 0x28, 0x80, 0x28, 0x80, 0x28, 0x80, 0x28, 0x80, 0x28, 0x80, 0x28, 0x80, 0x28, 0x80, 0x28, 0x80, 0x28, 0x80, 0x28, 0x80, 0x28, 0x80, 0x28, 0x80, 0x28, 0x80, 
  0x28, 0x80, 0x28, 0x80, 0x28, 0x80, 0x28, 0x80, 0x28, 0x80, 0x28, 0x80, 0x28, 0x80, 0x28, 0x80, 0x28, 0x80, 0x28, 0x80, 0x28, 0x80, 0x28, 0x80, 0x28, 0x80, 0x28, 0x80, 0x28, 0x80, 0x28, 0x80, 0x28, 0x80, 0x28, 0x80, 
  0x28, 0xa0, 0x28, 0xa0, 0x28, 0xa0, 0x28, 0xa0, 0x28, 0xa0, 0x28, 0xa0, 0x28, 0xa0, 0x28, 0xa0, 0x28, 0xa0, 0x28, 0xa0, 0x28, 0xa0, 0x28, 0xa0, 0x28, 0xa0, 0x28, 0xa0, 0x28, 0xa0, 0x28, 0xa0, 0x28, 0xa0, 0x28, 0xa0, 
  0x28, 0xa0, 0x28, 0xa0, 0x28, 0xa0, 0x28, 0xa0, 0x28, 0xa0, 0x28, 0xa0, 0x28, 0xa0, 0x28, 0xa0, 0x28, 0xa0, 0x28, 0xa0, 0x28, 0xa0, 0x28, 0xa0, 0x28, 0xa0, 0x28, 0xa0, 0x28, 0xa0, 0x28, 0xa0, 0x28, 0xa0, 0x28, 0xa0, 
  0x28, 0xc0, 0x28, 0xc0, 0x28, 0xc0, 0x28, 0xc0, 0x28, 0xc0, 0x28, 0xc0, 0x28, 0xc0, 0x28, 0xc0, 0x28, 0xc0, 0x28, 0xc0, 0x28, 0xc0, 0x28, 0xc0, 0x28, 0xc0, 0x28, 0xc0, 0x28, 0xc0, 0x28, 0xc0, 0x28, 0xc0, 0x28, 0xc0, 
  0x28, 0xc0, 0x28, 0xc0, 0x28, 0xc0, 0x28, 0xc0, 0x28, 0xc0, 0x28, 0xc0, 0x28, 0xc0, 0x28, 0xc0, 0x28, 0xc0, 0x28, 0xc0, 0x28, 0xc0, 0x28, 0xc0, 0x28, 0xc0, 0x28, 0xc0, 0x28, 0xc0, 0x28, 0xc0, 0x28, 0xc0, 0x28, 0xc0, 
  0x28, 0xc0, 0x28, 0xc0, 0x28, 0xc0, 0x28, 0xc0, 0x28, 0xc0, 0x28, 0xc0, 0x28, 0xc0, 0x28, 0xc0, 0x28, 0xc0, 0x28, 0xc0, 0x28, 0xc0, 0x28, 0xc0, 0x28, 0xc0, 0x28, 0xc0, 0x28, 0xc0, 0x28, 0xc0, 0x28, 0xc0, 0x28, 0xc0, 
  0x28, 0xe0, 0x28, 0xe0, 0x28, 0xe0, 0x28, 0xe0, 0x28, 0xe0, 0x28, 0xe0, 0x28, 0xe0, 0x28, 0xe0, 0x28, 0xe0, 0x28, 0xe0, 0x28, 0xe0, 0x28, 0xe0, 0x28, 0xe0, 0x28, 0xe0, 0x28, 0xe0, 0x28, 0xe0, 0x28, 0xe0, 0x28, 0xe0, 
  0x28, 0xe0, 0x28, 0xe0, 0x28, 0xe0, 0x28, 0xe0, 0x28, 0xe0, 0x28, 0xe0, 0x28, 0xe0, 0x28, 0xe0, 0x28, 0xe0, 0x28, 0xe0, 0x28, 0xe0, 0x28, 0xe0, 0x28, 0xe0, 0x28, 0xe0, 0x28, 0xe0, 0x28, 0xe0, 0x28, 0xe0, 0x28, 0xe0, 
  0x28, 0xe0, 0x28, 0xe0, 0x28, 0xe0, 0x28, 0xe0, 0x28, 0xe0, 0x28, 0xe0, 0x28, 0xe0, 0x28, 0xe0, 0x28, 0xe0, 0x28, 0xe0, 0x28, 0xe0, 0x28, 0xe0, 0x28, 0xe0, 0x28, 0xe0, 0x28, 0xe0, 0x28, 0xe0, 0x28, 0xe0, 0x28, 0xe0, 
  0x29, 0x00, 0x29, 0x00, 0x29, 0x00, 0x29, 0x00, 0x29, 0x00, 0x29, 0x00, 0x29, 0x00, 0x29, 0x00, 0x29, 0x00, 0x29, 0x00, 0x29, 0x00, 0x29, 0x00, 0x29, 0x00, 0x29, 0x00, 0x29, 0x00, 0x29, 0x00, 0x29, 0x00, 0x29, 0x00, 
  0x29, 0x00, 0x29, 0x00, 0x29, 0x00, 0x29, 0x00, 0x29, 0x00, 0x29, 0x00, 0x29, 0x00, 0x29, 0x00, 0x29, 0x00, 0x29, 0x00, 0x29, 0x00, 0x29, 0x00, 0x29, 0x00, 0x29, 0x00, 0x29, 0x00, 0x29, 0x00, 0x29, 0x00, 0x29, 0x00, 
  0x29, 0x20, 0x29, 0x20, 0x29, 0x20, 0x29, 0x20, 0x29, 0x20, 0x29, 0x20, 0x29, 0x20, 0x29, 0x20, 0x29, 0x20, 0x29, 0x20, 0x29, 0x20, 0x29, 0x20, 0x29, 0x20, 0x29, 0x20, 0x29, 0x20, 0x29, 0x20, 0x29, 0x20, 0x29, 0x20, 
  0x29, 0x20, 0x29, 0x20, 0x29, 0x20, 0x29, 0x20, 0x29, 0x20, 0x29, 0x20, 0x29, 0x20, 0x29, 0x20, 0x29, 0x20, 0x29, 0x20, 0x29, 0x20, 0x29, 0x20, 0x29, 0x20, 0x29, 0x20, 0x29, 0x20, 0x29, 0x20, 0x29, 0x20, 0x29, 0x20, 
  0x29, 0x20, 0x29, 0x20, 0x29, 0x20, 0x29, 0x20, 0x29, 0x20, 0x29, 0x20, 0x29, 0x20, 0x29, 0x20, 0x29, 0x20, 0x29, 0x20, 0x29, 0x20, 0x29, 0x20, 0x29, 0x20, 0x29, 0x20, 0x29, 0x20, 0x29, 0x20, 0x29, 0x20, 0x29, 0x20, 
  0x29, 0x20, 0x29, 0x20, 0x29, 0x20, 0x29, 0x20, 0x29, 0x20, 0x29, 0x20, 0x29, 0x20, 0x29, 0x20, 0x29, 0x20, 0x29, 0x20, 0x29, 0x20, 0x29, 0x20, 0x29, 0x20, 0x29, 0x20, 0x29, 0x20, 0x29, 0x20, 0x29, 0x20, 0x29, 0x20, 
  0x29, 0x20, 0x29, 0x20, 0x29, 0x20, 0x29, 0x20, 0x29, 0x20, 0x29, 0x20, 0x29, 0x20, 0x29, 0x20, 0x29, 0x20, 0x29, 0x20, 0x29, 0x20, 0x29, 0x20, 0x29, 0x20, 0x29, 0x20, 0x29, 0x20, 0x29, 0x20, 0x29, 0x20, 0x29, 0x20, 
  0x29, 0x20, 0x29, 0x20, 0x29, 0x20, 0x29, 0x20, 0x29, 0x20, 0x29, 0x20, 0x29, 0x20, 0x29, 0x20, 0x29, 0x20, 0x29, 0x20, 0x29, 0x20, 0x29, 0x20, 0x29, 0x20, 0x29, 0x20, 0x29, 0x20, 0x29, 0x20, 0x29, 0x20, 0x29, 0x20, 
  0x29, 0x20, 0x29, 0x20, 0x29, 0x20, 0x29, 0x20, 0x29, 0x20, 0x29, 0x20, 0x29, 0x20, 0x29, 0x20, 0x29, 0x20, 0x29, 0x20, 0x29, 0x20, 0x29, 0x20, 0x29, 0x20, 0x29, 0x20, 0x29, 0x20, 0x29, 0x20, 0x29, 0x20, 0x29, 0x20, 
  0x29, 0x20, 0x29, 0x20, 0x29, 0x20, 0x29, 0x20, 0x29, 0x20, 0x29, 0x20, 0x29, 0x20, 0x29, 0x20, 0x29, 0x20, 0x29, 0x20, 0x29, 0x20, 0x29, 0x20, 0x29, 0x20, 0x29, 0x20, 0x29, 0x20, 0x29, 0x20, 0x29, 0x20, 0x29, 0x20, 
  0x29, 0x20, 0x29, 0x20, 0x29, 0x20, 0x29, 0x20, 0x29, 0x20, 0x29, 0x20, 0x29, 0x20, 0x29, 0x20, 0x29, 0x20, 0x29, 0x20, 0x29, 0x20, 0x29, 0x20, 0x29, 0x20, 0x29, 0x20, 0x29, 0x20, 0x29, 0x20, 0x29, 0x20, 0x29, 0x20, 
  0x29, 0x20, 0x29, 0x20, 0x29, 0x20, 0x29, 0x20, 0x29, 0x20, 0x29, 0x20, 0x29, 0x20, 0x29, 0x20, 0x29, 0x20, 0x29, 0x20, 0x29, 0x20, 0x29, 0x20, 0x29, 0x20, 0x29, 0x20, 0x29, 0x20, 0x29, 0x20, 0x29, 0x20, 0x29, 0x20, 
  0x29, 0x20, 0x29, 0x20, 0x29, 0x20, 0x29, 0x20, 0x29, 0x20, 0x29, 0x20, 0x29, 0x20, 0x29, 0x20, 0x29, 0x20, 0x29, 0x20, 0x29, 0x20, 0x29, 0x20, 0x29, 0x20, 0x29, 0x20, 0x29, 0x20, 0x29, 0x20, 0x29, 0x20, 0x29, 0x20, 
  0x29, 0x20, 0x29, 0x20, 0x29, 0x20, 0x29, 0x20, 0x29, 0x20, 0x29, 0x20, 0x29, 0x20, 0x29, 0x20, 0x29, 0x20, 0x29, 0x20, 0x29, 0x20, 0x29, 0x20, 0x29, 0x20, 0x29, 0x20, 0x29, 0x20, 0x29, 0x20, 0x29, 0x20, 0x29, 0x20, 
  0x29, 0x20, 0x29, 0x20, 0x29, 0x20, 0x29, 0x20, 0x29, 0x20, 0x29, 0x20, 0x29, 0x20, 0x29, 0x20, 0x29, 0x20, 0x29, 0x20, 0x29, 0x20, 0x29, 0x20, 0x29, 0x20, 0x29, 0x20, 0x29, 0x20, 0x29, 0x20, 0x29, 0x20, 0x29, 0x20, 
  0x29, 0x20, 0x29, 0x20, 0x29, 0x20, 0x29, 0x20, 0x29, 0x20, 0x29, 0x20, 0x29, 0x20, 0x29, 0x20, 0x29, 0x20, 0x29, 0x20, 0x29, 0x20, 0x29, 0x20, 0x29, 0x20, 0x29, 0x20, 0x29, 0x20, 0x29, 0x20, 0x29, 0x20, 0x29, 0x20, 
  0x29, 0x20, 0x29, 0x20, 0x29, 0x20, 0x29, 0x20, 0x29, 0x20, 0x29, 0x20, 0x29, 0x20, 0x29, 0x20, 0x29, 0x20, 0x29, 0x20, 0x29, 0x20, 0x29, 0x20, 0x29, 0x20, 0x29, 0x20, 0x29, 0x20, 0x29, 0x20, 0x29, 0x20, 0x29, 0x20, 
  0x29, 0x20, 0x29, 0x20, 0x29, 0x20, 0x29, 0x20, 0x29, 0x20, 0x29, 0x20, 0x29, 0x20, 0x29, 0x20, 0x29, 0x20, 0x29, 0x20, 0x29, 0x20, 0x29, 0x20, 0x29, 0x20, 0x29, 0x20, 0x29, 0x20, 0x29, 0x20, 0x29, 0x20, 0x29, 0x20, 
  0x29, 0x20, 0x29, 0x20, 0x29, 0x20, 0x29, 0x20, 0x29, 0x20, 0x29, 0x20, 0x29, 0x20, 0x29, 0x20, 0x29, 0x20, 0x29, 0x20, 0x29, 0x20, 0x29, 0x20, 0x29, 0x20, 0x29, 0x20, 0x29, 0x20, 0x29, 0x20, 0x29, 0x20, 0x29, 0x20, 
  0x29, 0x20, 0x29, 0x20, 0x29, 0x20, 0x29, 0x20, 0x29, 0x20, 0x29, 0x20, 0x29, 0x20, 0x29, 0x20, 0x29, 0x20, 0x29, 0x20, 0x29, 0x20, 0x29, 0x20, 0x29, 0x20, 0x29, 0x20, 0x29, 0x20, 0x29, 0x20, 0x29, 0x20, 0x29, 0x20, 
  0x29, 0x20, 0x29, 0x20, 0x29, 0x20, 0x29, 0x20, 0x29, 0x20, 0x29, 0x20, 0x29, 0x20, 0x29, 0x20, 0x29, 0x20, 0x29, 0x20, 0x29, 0x20, 0x29, 0x20, 0x29, 0x20, 0x29, 0x20, 0x29, 0x20, 0x29, 0x20, 0x29, 0x20, 0x29, 0x20, 
  0x29, 0x20, 0x29, 0x20, 0x29, 0x20, 0x29, 0x20, 0x29, 0x20, 0x29, 0x20, 0x29, 0x20, 0x29, 0x20, 0x29, 0x20, 0x29, 0x20, 0x29, 0x20, 0x29, 0x20, 0x29, 0x20, 0x29, 0x20, 0x29, 0x20, 0x29, 0x20, 0x29, 0x20, 0x29, 0x20, 
  0x29, 0x20, 0x29, 0x20, 0x29, 0x20, 0x29, 0x20, 0x29, 0x20, 0x29, 0x20, 0x29, 0x20, 0x29, 0x20, 0x29, 0x20, 0x29, 0x20, 0x29, 0x20, 0x29, 0x20, 0x29, 0x20, 0x29, 0x20, 0x29, 0x20, 0x29, 0x20, 0x29, 0x20, 0x29, 0x20, 
  0x29, 0x20, 0x29, 0x20, 0x29, 0x20, 0x29, 0x20, 0x29, 0x20, 0x29, 0x20, 0x29, 0x20, 0x29, 0x20, 0x29, 0x20, 0x29, 0x20, 0x29, 0x20, 0x29, 0x20, 0x29, 0x20, 0x29, 0x20, 0x29, 0x20, 0x29, 0x20, 0x29, 0x20, 0x29, 0x20, 
  0x29, 0x20, 0x29, 0x20, 0x29, 0x20, 0x29, 0x20, 0x29, 0x20, 0x29, 0x20, 0x29, 0x20, 0x29, 0x20, 0x29, 0x20, 0x29, 0x20, 0x29, 0x20, 0x29, 0x20, 0x29, 0x20, 0x29, 0x20, 0x29, 0x20, 0x29, 0x20, 0x29, 0x20, 0x29, 0x20, 
  0x29, 0x20, 0x29, 0x20, 0x29, 0x20, 0x29, 0x20, 0x29, 0x20, 0x29, 0x20, 0x29, 0x20, 0x29, 0x20, 0x29, 0x20, 0x29, 0x20, 0x29, 0x20, 0x29, 0x20, 0x29, 0x20, 0x29, 0x20, 0x29, 0x20, 0x29, 0x20, 0x29, 0x20, 0x29, 0x20, 
  0x29, 0x20, 0x29, 0x20, 0x29, 0x20, 0x29, 0x20, 0x29, 0x20, 0x29, 0x20, 0x29, 0x20, 0x29, 0x20, 0x29, 0x20, 0x29, 0x20, 0x29, 0x20, 0x29, 0x20, 0x29, 0x20, 0x29, 0x20, 0x29, 0x20, 0x29, 0x20, 0x29, 0x20, 0x29, 0x20, 
  0x29, 0x20, 0x29, 0x20, 0x29, 0x20, 0x29, 0x20, 0x29, 0x20, 0x29, 0x20, 0x29, 0x20, 0x29, 0x20, 0x29, 0x20, 0x29, 0x20, 0x29, 0x20, 0x29, 0x20, 0x29, 0x20, 0x29, 0x20, 0x29, 0x20, 0x29, 0x20, 0x29, 0x20, 0x29, 0x20, 
  0x29, 0x20, 0x29, 0x20, 0x29, 0x20, 0x29, 0x20, 0x29, 0x20, 0x29, 0x20, 0x29, 0x20, 0x29, 0x20, 0x29, 0x20, 0x29, 0x20, 0x29, 0x20, 0x29, 0x20, 0x29, 0x20, 0x29, 0x20, 0x29, 0x20, 0x29, 0x20, 0x29, 0x20, 0x29, 0x20, 
  0x29, 0x20, 0x29, 0x20, 0x29, 0x20, 0x29, 0x20, 0x29, 0x20, 0x29, 0x20, 0x29, 0x20, 0x29, 0x20, 0x29, 0x20, 0x29, 0x20, 0x29, 0x20, 0x29, 0x20, 0x29, 0x20, 0x29, 0x20, 0x29, 0x20, 0x29, 0x20, 0x29, 0x20, 0x29, 0x20, 
  0x29, 0x20, 0x29, 0x20, 0x29, 0x20, 0x29, 0x20, 0x29, 0x20, 0x29, 0x20, 0x29, 0x20, 0x29, 0x20, 0x29, 0x20, 0x29, 0x20, 0x29, 0x20, 0x29, 0x20, 0x29, 0x20, 0x29, 0x20, 0x29, 0x20, 0x29, 0x20, 0x29, 0x20, 0x29, 0x20, 
  0x29, 0x20, 0x29, 0x20, 0x29, 0x20, 0x29, 0x20, 0x29, 0x20, 0x29, 0x20, 0x29, 0x20, 0x29, 0x20, 0x29, 0x20, 0x29, 0x20, 0x29, 0x20, 0x29, 0x20, 0x29, 0x20, 0x29, 0x20, 0x29, 0x20, 0x29, 0x20, 0x29, 0x20, 0x29, 0x20, 
  0x29, 0x20, 0x29, 0x20, 0x29, 0x20, 0x29, 0x20, 0x29, 0x20, 0x29, 0x20, 0x29, 0x20, 0x29, 0x20, 0x29, 0x20, 0x29, 0x20, 0x29, 0x20, 0x29, 0x20, 0x29, 0x20, 0x29, 0x20, 0x29, 0x20, 0x29, 0x20, 0x29, 0x20, 0x29, 0x20, 
  0x29, 0x20, 0x29, 0x20, 0x29, 0x20, 0x29, 0x20, 0x29, 0x20, 0x29, 0x20, 0x29, 0x20, 0x29, 0x20, 0x29, 0x20, 0x29, 0x20, 0x29, 0x20, 0x29, 0x20, 0x29, 0x20, 0x29, 0x20, 0x29, 0x20, 0x29, 0x20, 0x29, 0x20, 0x29, 0x20, 
  0x29, 0x20, 0x29, 0x20, 0x29, 0x20, 0x29, 0x20, 0x29, 0x20, 0x29, 0x20, 0x29, 0x20, 0x29, 0x20, 0x29, 0x20, 0x29, 0x20, 0x29, 0x20, 0x29, 0x20, 0x29, 0x20, 0x29, 0x20, 0x29, 0x20, 0x29, 0x20, 0x29, 0x20, 0x29, 0x20, 
  0x29, 0x20, 0x29, 0x20, 0x29, 0x20, 0x29, 0x20, 0x29, 0x20, 0x29, 0x20, 0x29, 0x20, 0x29, 0x20, 0x29, 0x20, 0x29, 0x20, 0x29, 0x20, 0x29, 0x20, 0x29, 0x20, 0x29, 0x20, 0x29, 0x20, 0x29, 0x20, 0x29, 0x20, 0x29, 0x20, 
  0x29, 0x20, 0x29, 0x20, 0x29, 0x20, 0x29, 0x20, 0x29, 0x20, 0x29, 0x20, 0x29, 0x20, 0x29, 0x20, 0x29, 0x20, 0x29, 0x20, 0x29, 0x20, 0x29, 0x20, 0x29, 0x20, 0x29, 0x20, 0x29, 0x20, 0x29, 0x20, 0x29, 0x20, 0x29, 0x20, 
  0x29, 0x20, 0x29, 0x20, 0x29, 0x20, 0x29, 0x20, 0x29, 0x20, 0x29, 0x20, 0x29, 0x20, 0x29, 0x20, 0x29, 0x20, 0x29, 0x20, 0x29, 0x20, 0x29, 0x20, 0x29, 0x20, 0x29, 0x20, 0x29, 0x20, 0x29, 0x20, 0x29, 0x20, 0x29, 0x20, 
  0x29, 0x20, 0x29, 0x20, 0x29, 0x20, 0x29, 0x20, 0x29, 0x20, 0x29, 0x20, 0x29, 0x20, 0x29, 0x20, 0x29, 0x20, 0x29, 0x20, 0x29, 0x20, 0x29, 0x20, 0x29, 0x20, 0x29, 0x20, 0x29, 0x20, 0x29, 0x20, 0x29, 0x20, 0x29, 0x20, 
  0x29, 0x20, 0x29, 0x20, 0x29, 0x20, 0x29, 0x20, 0x29, 0x20, 0x29, 0x20, 0x29, 0x20, 0x29, 0x20, 0x29, 0x20, 0x29, 0x20, 0x29, 0x20, 0x29, 0x20, 0x29, 0x20, 0x29, 0x20, 0x29, 0x20, 0x29, 0x20, 0x29, 0x20, 0x29, 0x20, 
  0x29, 0x20, 0x29, 0x20, 0x29, 0x20, 0x29, 0x20, 0x29, 0x20, 0x29, 0x20, 0x29, 0x20, 0x29, 0x20, 0x29, 0x20, 0x29, 0x20, 0x29, 0x20, 0x29, 0x20, 0x29, 0x20, 0x29, 0x20, 0x29, 0x20, 0x29, 0x20, 0x29, 0x20, 0x29, 0x20, 
  0x29, 0x20, 0x29, 0x20, 0x29, 0x20, 0x29, 0x20, 0x29, 0x20, 0x29, 0x20, 0x29, 0x20, 0x29, 0x20, 0x29, 0x20, 0x29, 0x20, 0x29, 0x20, 0x29, 0x20, 0x29, 0x20, 0x29, 0x20, 0x29, 0x20, 0x29, 0x20, 0x29, 0x20, 0x29, 0x20, 
  0x29, 0x20, 0x29, 0x20, 0x29, 0x20, 0x29, 0x20, 0x29, 0x20, 0x29, 0x20, 0x29, 0x20, 0x29, 0x20, 0x29, 0x20, 0x29, 0x20, 0x29, 0x20, 0x29, 0x20, 0x29, 0x20, 0x29, 0x20, 0x29, 0x20, 0x29, 0x20, 0x29, 0x20, 0x29, 0x20, 
  0x29, 0x20, 0x29, 0x20, 0x29, 0x20, 0x29, 0x20, 0x29, 0x20, 0x29, 0x20, 0x29, 0x20, 0x29, 0x20, 0x29, 0x20, 0x29, 0x20, 0x29, 0x20, 0x29, 0x20, 0x29, 0x20, 0x29, 0x20, 0x29, 0x20, 0x29, 0x20, 0x29, 0x20, 0x29, 0x20, 
  0x29, 0x20, 0x29, 0x20, 0x29, 0x20, 0x29, 0x20, 0x29, 0x20, 0x29, 0x20, 0x29, 0x20, 0x29, 0x20, 0x29, 0x20, 0x29, 0x20, 0x29, 0x20, 0x29, 0x20, 0x29, 0x20, 0x29, 0x20, 0x29, 0x20, 0x29, 0x20, 0x29, 0x20, 0x29, 0x20, 
  0x21, 0x20, 0x21, 0x20, 0x21, 0x20, 0x21, 0x20, 0x21, 0x20, 0x21, 0x20, 0x21, 0x20, 0x21, 0x20, 0x21, 0x20, 0x21, 0x20, 0x21, 0x20, 0x21, 0x20, 0x21, 0x20, 0x21, 0x20, 0x21, 0x20, 0x21, 0x20, 0x21, 0x20, 0x21, 0x20, 
  0x21, 0x20, 0x21, 0x20, 0x21, 0x20, 0x21, 0x20, 0x21, 0x20, 0x21, 0x20, 0x21, 0x20, 0x21, 0x20, 0x21, 0x20, 0x21, 0x20, 0x21, 0x20, 0x21, 0x20, 0x21, 0x20, 0x21, 0x20, 0x21, 0x20, 0x21, 0x20, 0x21, 0x20, 0x21, 0x20, 
  0x21, 0x20, 0x21, 0x20, 0x21, 0x20, 0x21, 0x20, 0x21, 0x20, 0x21, 0x20, 0x21, 0x20, 0x21, 0x20, 0x21, 0x20, 0x21, 0x20, 0x21, 0x20, 0x21, 0x20, 0x21, 0x20, 0x21, 0x20, 0x21, 0x20, 0x21, 0x20, 0x21, 0x20, 0x21, 0x20, 
  0x21, 0x20, 0x21, 0x20, 0x21, 0x20, 0x21, 0x20, 0x21, 0x20, 0x21, 0x20, 0x21, 0x20, 0x21, 0x20, 0x21, 0x20, 0x21, 0x20, 0x21, 0x20, 0x21, 0x20, 0x21, 0x20, 0x21, 0x20, 0x21, 0x20, 0x21, 0x20, 0x21, 0x20, 0x21, 0x20, 
  0x21, 0x20, 0x21, 0x20, 0x21, 0x20, 0x21, 0x20, 0x21, 0x20, 0x21, 0x20, 0x21, 0x20, 0x21, 0x20, 0x21, 0x20, 0x21, 0x20, 0x21, 0x20, 0x21, 0x20, 0x21, 0x20, 0x21, 0x20, 0x21, 0x20, 0x21, 0x20, 0x21, 0x20, 0x21, 0x20, 
  0x21, 0x20, 0x21, 0x20, 0x21, 0x20, 0x21, 0x20, 0x21, 0x20, 0x21, 0x20, 0x21, 0x20, 0x21, 0x20, 0x21, 0x20, 0x21, 0x20, 0x21, 0x20, 0x21, 0x20, 0x21, 0x20, 0x21, 0x20, 0x21, 0x20, 0x21, 0x20, 0x21, 0x20, 0x21, 0x20, 
  0x21, 0x20, 0x21, 0x20, 0x21, 0x20, 0x21, 0x20, 0x21, 0x20, 0x21, 0x20, 0x21, 0x20, 0x21, 0x20, 0x21, 0x20, 0x21, 0x20, 0x21, 0x20, 0x21, 0x20, 0x21, 0x20, 0x21, 0x20, 0x21, 0x20, 0x21, 0x20, 0x21, 0x20, 0x21, 0x20, 
  0x21, 0x20, 0x21, 0x20, 0x21, 0x20, 0x21, 0x20, 0x21, 0x20, 0x21, 0x20, 0x21, 0x20, 0x21, 0x20, 0x21, 0x20, 0x21, 0x20, 0x21, 0x20, 0x21, 0x20, 0x21, 0x20, 0x21, 0x20, 0x21, 0x20, 0x21, 0x20, 0x21, 0x20, 0x21, 0x20, 
  0x21, 0x20, 0x21, 0x20, 0x21, 0x20, 0x21, 0x20, 0x21, 0x20, 0x21, 0x20, 0x21, 0x20, 0x21, 0x20, 0x21, 0x20, 0x21, 0x20, 0x21, 0x20, 0x21, 0x20, 0x21, 0x20, 0x21, 0x20, 0x21, 0x20, 0x21, 0x20, 0x21, 0x20, 0x21, 0x20, 
  0x21, 0x20, 0x21, 0x20, 0x21, 0x20, 0x21, 0x20, 0x21, 0x20, 0x21, 0x20, 0x21, 0x20, 0x21, 0x20, 0x21, 0x20, 0x21, 0x20, 0x21, 0x20, 0x21, 0x20, 0x21, 0x20, 0x21, 0x20, 0x21, 0x20, 0x21, 0x20, 0x21, 0x20, 0x21, 0x20, 
  0x21, 0x20, 0x21, 0x20, 0x21, 0x20, 0x21, 0x20, 0x21, 0x20, 0x21, 0x20, 0x21, 0x20, 0x21, 0x20, 0x21, 0x20, 0x21, 0x20, 0x21, 0x20, 0x21, 0x20, 0x21, 0x20, 0x21, 0x20, 0x21, 0x20, 0x21, 0x20, 0x21, 0x20, 0x21, 0x20, 
  0x21, 0x20, 0x21, 0x20, 0x21, 0x20, 0x21, 0x20, 0x21, 0x20, 0x21, 0x20, 0x21, 0x20, 0x21, 0x20, 0x21, 0x20, 0x21, 0x20, 0x21, 0x20, 0x21, 0x20, 0x21, 0x20, 0x21, 0x20, 0x21, 0x20, 0x21, 0x20, 0x21, 0x20, 0x21, 0x20, 
  0x21, 0x20, 0x21, 0x20, 0x21, 0x20, 0x21, 0x20, 0x21, 0x20, 0x21, 0x20, 0x21, 0x20, 0x21, 0x20, 0x21, 0x20, 0x21, 0x20, 0x21, 0x20, 0x21, 0x20, 0x21, 0x20, 0x21, 0x20, 0x21, 0x20, 0x21, 0x20, 0x21, 0x20, 0x21, 0x20, 
  0x21, 0x20, 0x21, 0x20, 0x21, 0x20, 0x21, 0x20, 0x21, 0x20, 0x21, 0x20, 0x21, 0x20, 0x21, 0x20, 0x21, 0x20, 0x21, 0x20, 0x21, 0x20, 0x21, 0x20, 0x21, 0x20, 0x21, 0x20, 0x21, 0x20, 0x21, 0x20, 0x21, 0x20, 0x21, 0x20, 
  0x21, 0x20, 0x21, 0x20, 0x21, 0x20, 0x21, 0x20, 0x21, 0x20, 0x21, 0x20, 0x21, 0x20, 0x21, 0x20, 0x21, 0x20, 0x21, 0x20, 0x21, 0x20, 0x21, 0x20, 0x21, 0x20, 0x21, 0x20, 0x21, 0x20, 0x21, 0x20, 0x21, 0x20, 0x21, 0x20, 
  0x21, 0x20, 0x21, 0x20, 0x21, 0x20, 0x21, 0x20, 0x21, 0x20, 0x21, 0x20, 0x21, 0x20, 0x21, 0x20, 0x21, 0x20, 0x21, 0x20, 0x21, 0x20, 0x21, 0x20, 0x21, 0x20, 0x21, 0x20, 0x21, 0x20, 0x21, 0x20, 0x21, 0x20, 0x21, 0x20, 
  0x21, 0x20, 0x21, 0x20, 0x21, 0x20, 0x21, 0x20, 0x21, 0x20, 0x21, 0x20, 0x21, 0x20, 0x21, 0x20, 0x21, 0x20, 0x21, 0x20, 0x21, 0x20, 0x21, 0x20, 0x21, 0x20, 0x21, 0x20, 0x21, 0x20, 0x21, 0x20, 0x21, 0x20, 0x21, 0x20, 
  0x21, 0x20, 0x21, 0x20, 0x21, 0x20, 0x21, 0x20, 0x21, 0x20, 0x21, 0x20, 0x21, 0x20, 0x21, 0x20, 0x21, 0x20, 0x21, 0x20, 0x21, 0x20, 0x21, 0x20, 0x21, 0x20, 0x21, 0x20, 0x21, 0x20, 0x21, 0x20, 0x21, 0x20, 0x21, 0x20, 
  0x21, 0x20, 0x21, 0x20, 0x21, 0x20, 0x21, 0x20, 0x21, 0x20, 0x21, 0x20, 0x21, 0x20, 0x21, 0x20, 0x21, 0x20, 0x21, 0x20, 0x21, 0x20, 0x21, 0x20, 0x21, 0x20, 0x21, 0x20, 0x21, 0x20, 0x21, 0x20, 0x21, 0x20, 0x21, 0x20, 
  0x21, 0x20, 0x21, 0x20, 0x21, 0x20, 0x21, 0x20, 0x21, 0x20, 0x21, 0x20, 0x21, 0x20, 0x21, 0x20, 0x21, 0x20, 0x21, 0x20, 0x21, 0x20, 0x21, 0x20, 0x21, 0x20, 0x21, 0x20, 0x21, 0x20, 0x21, 0x20, 0x21, 0x20, 0x21, 0x20, 
  0x21, 0x20, 0x21, 0x20, 0x21, 0x20, 0x21, 0x20, 0x21, 0x20, 0x21, 0x20, 0x21, 0x20, 0x21, 0x20, 0x21, 0x20, 0x21, 0x20, 0x21, 0x20, 0x21, 0x20, 0x21, 0x20, 0x21, 0x20, 0x21, 0x20, 0x21, 0x20, 0x21, 0x20, 0x21, 0x20, 
  0x21, 0x20, 0x21, 0x20, 0x21, 0x20, 0x21, 0x20, 0x21, 0x20, 0x21, 0x20, 0x21, 0x20, 0x21, 0x20, 0x21, 0x20, 0x21, 0x20, 0x21, 0x20, 0x21, 0x20, 0x21, 0x20, 0x21, 0x20, 0x21, 0x20, 0x21, 0x20, 0x21, 0x20, 0x21, 0x20, 
  0x21, 0x20, 0x21, 0x20, 0x21, 0x20, 0x21, 0x20, 0x21, 0x20, 0x21, 0x20, 0x21, 0x20, 0x21, 0x20, 0x21, 0x20, 0x21, 0x20, 0x21, 0x20, 0x21, 0x20, 0x21, 0x20, 0x21, 0x20, 0x21, 0x20, 0x21, 0x20, 0x21, 0x20, 0x21, 0x20, 
  0x21, 0x20, 0x21, 0x20, 0x21, 0x20, 0x21, 0x20, 0x21, 0x20, 0x21, 0x20, 0x21, 0x20, 0x21, 0x20, 0x21, 0x20, 0x21, 0x20, 0x21, 0x20, 0x21, 0x20, 0x21, 0x20, 0x21, 0x20, 0x21, 0x20, 0x21, 0x20, 0x21, 0x20, 0x21, 0x20, 
  0x21, 0x20, 0x21, 0x20, 0x21, 0x20, 0x21, 0x20, 0x21, 0x20, 0x21, 0x20, 0x21, 0x20, 0x21, 0x20, 0x21, 0x20, 0x21, 0x20, 0x21, 0x20, 0x21, 0x20, 0x21, 0x20, 0x21, 0x20, 0x21, 0x20, 0x21, 0x20, 0x21, 0x20, 0x21, 0x20, 
  0x21, 0x20, 0x21, 0x20, 0x21, 0x20, 0x21, 0x20, 0x21, 0x20, 0x21, 0x20, 0x21, 0x20, 0x21, 0x20, 0x21, 0x20, 0x21, 0x20, 0x21, 0x20, 0x21, 0x20, 0x21, 0x20, 0x21, 0x20, 0x21, 0x20, 0x21, 0x20, 0x21, 0x20, 0x21, 0x20, 
  0x21, 0x20, 0x21, 0x20, 0x21, 0x20, 0x21, 0x20, 0x21, 0x20, 0x21, 0x20, 0x21, 0x20, 0x21, 0x20, 0x21, 0x20, 0x21, 0x20, 0x21, 0x20, 0x21, 0x20, 0x21, 0x20, 0x21, 0x20, 0x21, 0x20, 0x21, 0x20, 0x21, 0x20, 0x21, 0x20, 
  0x21, 0x20, 0x21, 0x20, 0x21, 0x20, 0x21, 0x20, 0x21, 0x20, 0x21, 0x20, 0x21, 0x20, 0x21, 0x20, 0x21, 0x20, 0x21, 0x20, 0x21, 0x20, 0x21, 0x20, 0x21, 0x20, 0x21, 0x20, 0x21, 0x20, 0x21, 0x20, 0x21, 0x20, 0x21, 0x20, 
  0x21, 0x20, 0x21, 0x20, 0x21, 0x20, 0x21, 0x20, 0x21, 0x20, 0x21, 0x20, 0x21, 0x20, 0x21, 0x20, 0x21, 0x20, 0x21, 0x20, 0x21, 0x20, 0x21, 0x20, 0x21, 0x20, 0x21, 0x20, 0x21, 0x20, 0x21, 0x20, 0x21, 0x20, 0x21, 0x20, 
  0x21, 0x20, 0x21, 0x20, 0x21, 0x20, 0x21, 0x20, 0x21, 0x20, 0x21, 0x20, 0x21, 0x20, 0x21, 0x20, 0x21, 0x20, 0x21, 0x20, 0x21, 0x20, 0x21, 0x20, 0x21, 0x20, 0x21, 0x20, 0x21, 0x20, 0x21, 0x20, 0x21, 0x20, 0x21, 0x20, 
  0x21, 0x20, 0x21, 0x20, 0x21, 0x20, 0x21, 0x20, 0x21, 0x20, 0x21, 0x20, 0x21, 0x20, 0x21, 0x20, 0x21, 0x20, 0x21, 0x20, 0x21, 0x20, 0x21, 0x20, 0x21, 0x20, 0x21, 0x20, 0x21, 0x20, 0x21, 0x20, 0x21, 0x20, 0x21, 0x20, 
  0x19, 0x20, 0x19, 0x20, 0x19, 0x20, 0x19, 0x20, 0x19, 0x20, 0x19, 0x20, 0x19, 0x20, 0x19, 0x20, 0x19, 0x20, 0x19, 0x20, 0x19, 0x20, 0x19, 0x20, 0x19, 0x20, 0x19, 0x20, 0x19, 0x20, 0x19, 0x20, 0x19, 0x20, 0x19, 0x20, 
  0x19, 0x20, 0x19, 0x20, 0x19, 0x20, 0x19, 0x20, 0x19, 0x20, 0x19, 0x20, 0x19, 0x20, 0x19, 0x20, 0x19, 0x20, 0x19, 0x20, 0x19, 0x20, 0x19, 0x20, 0x19, 0x20, 0x19, 0x20, 0x19, 0x20, 0x19, 0x20, 0x19, 0x20, 0x19, 0x20, 
  0x19, 0x20, 0x19, 0x20, 0x19, 0x20, 0x19, 0x20, 0x19, 0x20, 0x19, 0x20, 0x19, 0x20, 0x19, 0x20, 0x19, 0x20, 0x19, 0x20, 0x19, 0x20, 0x19, 0x20, 0x19, 0x20, 0x19, 0x20, 0x19, 0x20, 0x19, 0x20, 0x19, 0x20, 0x19, 0x20, 
  0x19, 0x20, 0x19, 0x20, 0x19, 0x20, 0x19, 0x20, 0x19, 0x20, 0x19, 0x20, 0x19, 0x20, 0x19, 0x20, 0x19, 0x20, 0x19, 0x20, 0x19, 0x20, 0x19, 0x20, 0x19, 0x20, 0x19, 0x20, 0x19, 0x20, 0x19, 0x20, 0x19, 0x20, 0x19, 0x20, 
  0x19, 0x20, 0x19, 0x20, 0x19, 0x20, 0x19, 0x20, 0x19, 0x20, 0x19, 0x20, 0x19, 0x20, 0x19, 0x20, 0x19, 0x20, 0x19, 0x20, 0x19, 0x20, 0x19, 0x20, 0x19, 0x20, 0x19, 0x20, 0x19, 0x20, 0x19, 0x20, 0x19, 0x20, 0x19, 0x20, 
  0x19, 0x20, 0x19, 0x20, 0x19, 0x20, 0x19, 0x20, 0x19, 0x20, 0x19, 0x20, 0x19, 0x20, 0x19, 0x20, 0x19, 0x20, 0x19, 0x20, 0x19, 0x20, 0x19, 0x20, 0x19, 0x20, 0x19, 0x20, 0x19, 0x20, 0x19, 0x20, 0x19, 0x20, 0x19, 0x20, 
  0x19, 0x20, 0x19, 0x20, 0x19, 0x20, 0x19, 0x20, 0x19, 0x20, 0x19, 0x20, 0x19, 0x20, 0x19, 0x20, 0x19, 0x20, 0x19, 0x20, 0x19, 0x20, 0x19, 0x20, 0x19, 0x20, 0x19, 0x20, 0x19, 0x20, 0x19, 0x20, 0x19, 0x20, 0x19, 0x20, 
  0x19, 0x20, 0x19, 0x20, 0x19, 0x20, 0x19, 0x20, 0x19, 0x20, 0x19, 0x20, 0x19, 0x20, 0x19, 0x20, 0x19, 0x20, 0x19, 0x20, 0x19, 0x20, 0x19, 0x20, 0x19, 0x20, 0x19, 0x20, 0x19, 0x20, 0x19, 0x20, 0x19, 0x20, 0x19, 0x20, 
  0x19, 0x20, 0x19, 0x20, 0x19, 0x20, 0x19, 0x20, 0x19, 0x20, 0x19, 0x20, 0x19, 0x20, 0x19, 0x20, 0x19, 0x20, 0x19, 0x20, 0x19, 0x20, 0x19, 0x20, 0x19, 0x20, 0x19, 0x20, 0x19, 0x20, 0x19, 0x20, 0x19, 0x20, 0x19, 0x20, 
  0x19, 0x20, 0x19, 0x20, 0x19, 0x20, 0x19, 0x20, 0x19, 0x20, 0x19, 0x20, 0x19, 0x20, 0x19, 0x20, 0x19, 0x20, 0x19, 0x20, 0x19, 0x20, 0x19, 0x20, 0x19, 0x20, 0x19, 0x20, 0x19, 0x20, 0x19, 0x20, 0x19, 0x20, 0x19, 0x20, 
  0x19, 0x20, 0x19, 0x20, 0x19, 0x20, 0x19, 0x20, 0x19, 0x20, 0x19, 0x20, 0x19, 0x20, 0x19, 0x20, 0x19, 0x20, 0x19, 0x20, 0x19, 0x20, 0x19, 0x20, 0x19, 0x20, 0x19, 0x20, 0x19, 0x20, 0x19, 0x20, 0x19, 0x20, 0x19, 0x20, 
  0x19, 0x20, 0x19, 0x20, 0x19, 0x20, 0x19, 0x20, 0x19, 0x20, 0x19, 0x20, 0x19, 0x20, 0x19, 0x20, 0x19, 0x20, 0x19, 0x20, 0x19, 0x20, 0x19, 0x20, 0x19, 0x20, 0x19, 0x20, 0x19, 0x20, 0x19, 0x20, 0x19, 0x20, 0x19, 0x20, 
  0x19, 0x20, 0x19, 0x20, 0x19, 0x20, 0x19, 0x20, 0x19, 0x20, 0x19, 0x20, 0x19, 0x20, 0x19, 0x20, 0x19, 0x20, 0x19, 0x20, 0x19, 0x20, 0x19, 0x20, 0x19, 0x20, 0x19, 0x20, 0x19, 0x20, 0x19, 0x20, 0x19, 0x20, 0x19, 0x20, 
  0x19, 0x20, 0x19, 0x20, 0x19, 0x20, 0x19, 0x20, 0x19, 0x20, 0x19, 0x20, 0x19, 0x20, 0x19, 0x20, 0x19, 0x20, 0x19, 0x20, 0x19, 0x20, 0x19, 0x20, 0x19, 0x20, 0x19, 0x20, 0x19, 0x20, 0x19, 0x20, 0x19, 0x20, 0x19, 0x20, 
  0x19, 0x20, 0x19, 0x20, 0x19, 0x20, 0x19, 0x20, 0x19, 0x20, 0x19, 0x20, 0x19, 0x20, 0x19, 0x20, 0x19, 0x20, 0x19, 0x20, 0x19, 0x20, 0x19, 0x20, 0x19, 0x20, 0x19, 0x20, 0x19, 0x20, 0x19, 0x20, 0x19, 0x20, 0x19, 0x20, 
  0x19, 0x20, 0x19, 0x20, 0x19, 0x20, 0x19, 0x20, 0x19, 0x20, 0x19, 0x20, 0x19, 0x20, 0x19, 0x20, 0x19, 0x20, 0x19, 0x20, 0x19, 0x20, 0x19, 0x20, 0x19, 0x20, 0x19, 0x20, 0x19, 0x20, 0x19, 0x20, 0x19, 0x20, 0x19, 0x20, 
  0x19, 0x20, 0x19, 0x20, 0x19, 0x20, 0x19, 0x20, 0x19, 0x20, 0x19, 0x20, 0x19, 0x20, 0x19, 0x20, 0x19, 0x20, 0x19, 0x20, 0x19, 0x20, 0x19, 0x20, 0x19, 0x20, 0x19, 0x20, 0x19, 0x20, 0x19, 0x20, 0x19, 0x20, 0x19, 0x20, 
  0x19, 0x20, 0x19, 0x20, 0x19, 0x20, 0x19, 0x20, 0x19, 0x20, 0x19, 0x20, 0x19, 0x20, 0x19, 0x20, 0x19, 0x20, 0x19, 0x20, 0x19, 0x20, 0x19, 0x20, 0x19, 0x20, 0x19, 0x20, 0x19, 0x20, 0x19, 0x20, 0x19, 0x20, 0x19, 0x20, 
  0x19, 0x20, 0x19, 0x20, 0x19, 0x20, 0x19, 0x20, 0x19, 0x20, 0x19, 0x20, 0x19, 0x20, 0x19, 0x20, 0x19, 0x20, 0x19, 0x20, 0x19, 0x20, 0x19, 0x20, 0x19, 0x20, 0x19, 0x20, 0x19, 0x20, 0x19, 0x20, 0x19, 0x20, 0x19, 0x20, 
  0x19, 0x20, 0x19, 0x20, 0x19, 0x20, 0x19, 0x20, 0x19, 0x20, 0x19, 0x20, 0x19, 0x20, 0x19, 0x20, 0x19, 0x20, 0x19, 0x20, 0x19, 0x20, 0x19, 0x20, 0x19, 0x20, 0x19, 0x20, 0x19, 0x20, 0x19, 0x20, 0x19, 0x20, 0x19, 0x20, 
  0x19, 0x20, 0x19, 0x20, 0x19, 0x20, 0x19, 0x20, 0x19, 0x20, 0x19, 0x20, 0x19, 0x20, 0x19, 0x20, 0x19, 0x20, 0x19, 0x20, 0x19, 0x20, 0x19, 0x20, 0x19, 0x20, 0x19, 0x20, 0x19, 0x20, 0x19, 0x20, 0x19, 0x20, 0x19, 0x20, 
  0x19, 0x20, 0x19, 0x20, 0x19, 0x20, 0x19, 0x20, 0x19, 0x20, 0x19, 0x20, 0x19, 0x20, 0x19, 0x20, 0x19, 0x20, 0x19, 0x20, 0x19, 0x20, 0x19, 0x20, 0x19, 0x20, 0x19, 0x20, 0x19, 0x20, 0x19, 0x20, 0x19, 0x20, 0x19, 0x20, 
  0x19, 0x20, 0x19, 0x20, 0x19, 0x20, 0x19, 0x20, 0x19, 0x20, 0x19, 0x20, 0x19, 0x20, 0x19, 0x20, 0x19, 0x20, 0x19, 0x20, 0x19, 0x20, 0x19, 0x20, 0x19, 0x20, 0x19, 0x20, 0x19, 0x20, 0x19, 0x20, 0x19, 0x20, 0x19, 0x20, 
  0x19, 0x20, 0x19, 0x20, 0x19, 0x20, 0x19, 0x20, 0x19, 0x20, 0x19, 0x20, 0x19, 0x20, 0x19, 0x20, 0x19, 0x20, 0x19, 0x20, 0x19, 0x20, 0x19, 0x20, 0x19, 0x20, 0x19, 0x20, 0x19, 0x20, 0x19, 0x20, 0x19, 0x20, 0x19, 0x20, 
  0x19, 0x20, 0x19, 0x20, 0x19, 0x20, 0x19, 0x20, 0x19, 0x20, 0x19, 0x20, 0x19, 0x20, 0x19, 0x20, 0x19, 0x20, 0x19, 0x20, 0x19, 0x20, 0x19, 0x20, 0x19, 0x20, 0x19, 0x20, 0x19, 0x20, 0x19, 0x20, 0x19, 0x20, 0x19, 0x20, 
  0x19, 0x20, 0x19, 0x20, 0x19, 0x20, 0x19, 0x20, 0x19, 0x20, 0x19, 0x20, 0x19, 0x20, 0x19, 0x20, 0x19, 0x20, 0x19, 0x20, 0x19, 0x20, 0x19, 0x20, 0x19, 0x20, 0x19, 0x20, 0x19, 0x20, 0x19, 0x20, 0x19, 0x20, 0x19, 0x20, 
  0x19, 0x20, 0x19, 0x20, 0x19, 0x20, 0x19, 0x20, 0x19, 0x20, 0x19, 0x20, 0x19, 0x20, 0x19, 0x20, 0x19, 0x20, 0x19, 0x20, 0x19, 0x20, 0x19, 0x20, 0x19, 0x20, 0x19, 0x20, 0x19, 0x20, 0x19, 0x20, 0x19, 0x20, 0x19, 0x20, 
  0x19, 0x20, 0x19, 0x20, 0x19, 0x20, 0x19, 0x20, 0x19, 0x20, 0x19, 0x20, 0x19, 0x20, 0x19, 0x20, 0x19, 0x20, 0x19, 0x20, 0x19, 0x20, 0x19, 0x20, 0x19, 0x20, 0x19, 0x20, 0x19, 0x20, 0x19, 0x20, 0x19, 0x20, 0x19, 0x20, 
  0x19, 0x20, 0x19, 0x20, 0x19, 0x20, 0x19, 0x20, 0x19, 0x20, 0x19, 0x20, 0x19, 0x20, 0x19, 0x20, 0x19, 0x20, 0x19, 0x20, 0x19, 0x20, 0x19, 0x20, 0x19, 0x20, 0x19, 0x20, 0x19, 0x20, 0x19, 0x20, 0x19, 0x20, 0x19, 0x20, 
  0x19, 0x20, 0x19, 0x20, 0x19, 0x20, 0x19, 0x20, 0x19, 0x20, 0x19, 0x20, 0x19, 0x20, 0x19, 0x20, 0x19, 0x20, 0x19, 0x20, 0x19, 0x20, 0x19, 0x20, 0x19, 0x20, 0x19, 0x20, 0x19, 0x20, 0x19, 0x20, 0x19, 0x20, 0x19, 0x20, 
  0x11, 0x20, 0x11, 0x20, 0x11, 0x20, 0x11, 0x20, 0x11, 0x20, 0x11, 0x20, 0x11, 0x20, 0x11, 0x20, 0x11, 0x20, 0x11, 0x20, 0x11, 0x20, 0x11, 0x20, 0x11, 0x20, 0x11, 0x20, 0x11, 0x20, 0x11, 0x20, 0x11, 0x20, 0x11, 0x20, 
  0x11, 0x20, 0x11, 0x20, 0x11, 0x20, 0x11, 0x20, 0x11, 0x20, 0x11, 0x20, 0x11, 0x20, 0x11, 0x20, 0x11, 0x20, 0x11, 0x20, 0x11, 0x20, 0x11, 0x20, 0x11, 0x20, 0x11, 0x20, 0x11, 0x20, 0x11, 0x20, 0x11, 0x20, 0x11, 0x20, 
  0x11, 0x20, 0x11, 0x20, 0x11, 0x20, 0x11, 0x20, 0x11, 0x20, 0x11, 0x20, 0x11, 0x20, 0x11, 0x20, 0x11, 0x20, 0x11, 0x20, 0x11, 0x20, 0x11, 0x20, 0x11, 0x20, 0x11, 0x20, 0x11, 0x20, 0x11, 0x20, 0x11, 0x20, 0x11, 0x20, 
  0x11, 0x20, 0x11, 0x20, 0x11, 0x20, 0x11, 0x20, 0x11, 0x20, 0x11, 0x20, 0x11, 0x20, 0x11, 0x20, 0x11, 0x20, 0x11, 0x20, 0x11, 0x20, 0x11, 0x20, 0x11, 0x20, 0x11, 0x20, 0x11, 0x20, 0x11, 0x20, 0x11, 0x20, 0x11, 0x20, 
  0x11, 0x20, 0x11, 0x20, 0x11, 0x20, 0x11, 0x20, 0x11, 0x20, 0x11, 0x20, 0x11, 0x20, 0x11, 0x20, 0x11, 0x20, 0x11, 0x20, 0x11, 0x20, 0x11, 0x20, 0x11, 0x20, 0x11, 0x20, 0x11, 0x20, 0x11, 0x20, 0x11, 0x20, 0x11, 0x20, 
  0x11, 0x20, 0x11, 0x20, 0x11, 0x20, 0x11, 0x20, 0x11, 0x20, 0x11, 0x20, 0x11, 0x20, 0x11, 0x20, 0x11, 0x20, 0x11, 0x20, 0x11, 0x20, 0x11, 0x20, 0x11, 0x20, 0x11, 0x20, 0x11, 0x20, 0x11, 0x20, 0x11, 0x20, 0x11, 0x20, 
  0x11, 0x20, 0x11, 0x20, 0x11, 0x20, 0x11, 0x20, 0x11, 0x20, 0x11, 0x20, 0x11, 0x20, 0x11, 0x20, 0x11, 0x20, 0x11, 0x20, 0x11, 0x20, 0x11, 0x20, 0x11, 0x20, 0x11, 0x20, 0x11, 0x20, 0x11, 0x20, 0x11, 0x20, 0x11, 0x20, 
  0x11, 0x20, 0x11, 0x20, 0x11, 0x20, 0x11, 0x20, 0x11, 0x20, 0x11, 0x20, 0x11, 0x20, 0x11, 0x20, 0x11, 0x20, 0x11, 0x20, 0x11, 0x20, 0x11, 0x20, 0x11, 0x20, 0x11, 0x20, 0x11, 0x20, 0x11, 0x20, 0x11, 0x20, 0x11, 0x20, 
  0x11, 0x20, 0x11, 0x20, 0x11, 0x20, 0x11, 0x20, 0x11, 0x20, 0x11, 0x20, 0x11, 0x20, 0x11, 0x20, 0x11, 0x20, 0x11, 0x20, 0x11, 0x20, 0x11, 0x20, 0x11, 0x20, 0x11, 0x20, 0x11, 0x20, 0x11, 0x20, 0x11, 0x20, 0x11, 0x20, 
  0x11, 0x20, 0x11, 0x20, 0x11, 0x20, 0x11, 0x20, 0x11, 0x20, 0x11, 0x20, 0x11, 0x20, 0x11, 0x20, 0x11, 0x20, 0x11, 0x20, 0x11, 0x20, 0x11, 0x20, 0x11, 0x20, 0x11, 0x20, 0x11, 0x20, 0x11, 0x20, 0x11, 0x20, 0x11, 0x20, 
  0x11, 0x20, 0x11, 0x20, 0x11, 0x20, 0x11, 0x20, 0x11, 0x20, 0x11, 0x20, 0x11, 0x20, 0x11, 0x20, 0x11, 0x20, 0x11, 0x20, 0x11, 0x20, 0x11, 0x20, 0x11, 0x20, 0x11, 0x20, 0x11, 0x20, 0x11, 0x20, 0x11, 0x20, 0x11, 0x20, 
  0x11, 0x20, 0x11, 0x20, 0x11, 0x20, 0x11, 0x20, 0x11, 0x20, 0x11, 0x20, 0x11, 0x20, 0x11, 0x20, 0x11, 0x20, 0x11, 0x20, 0x11, 0x20, 0x11, 0x20, 0x11, 0x20, 0x11, 0x20, 0x11, 0x20, 0x11, 0x20, 0x11, 0x20, 0x11, 0x20, 
  0x11, 0x20, 0x11, 0x20, 0x11, 0x20, 0x11, 0x20, 0x11, 0x20, 0x11, 0x20, 0x11, 0x20, 0x11, 0x20, 0x11, 0x20, 0x11, 0x20, 0x11, 0x20, 0x11, 0x20, 0x11, 0x20, 0x11, 0x20, 0x11, 0x20, 0x11, 0x20, 0x11, 0x20, 0x11, 0x20, 
  0x11, 0x20, 0x11, 0x20, 0x11, 0x20, 0x11, 0x20, 0x11, 0x20, 0x11, 0x20, 0x11, 0x20, 0x11, 0x20, 0x11, 0x20, 0x11, 0x20, 0x11, 0x20, 0x11, 0x20, 0x11, 0x20, 0x11, 0x20, 0x11, 0x20, 0x11, 0x20, 0x11, 0x20, 0x11, 0x20, 
  0x11, 0x20, 0x11, 0x20, 0x11, 0x20, 0x11, 0x20, 0x11, 0x20, 0x11, 0x20, 0x11, 0x20, 0x11, 0x20, 0x11, 0x20, 0x11, 0x20, 0x11, 0x20, 0x11, 0x20, 0x11, 0x20, 0x11, 0x20, 0x11, 0x20, 0x11, 0x20, 0x11, 0x20, 0x11, 0x20, 
  0x11, 0x20, 0x11, 0x20, 0x11, 0x20, 0x11, 0x20, 0x11, 0x20, 0x11, 0x20, 0x11, 0x20, 0x11, 0x20, 0x11, 0x20, 0x11, 0x20, 0x11, 0x20, 0x11, 0x20, 0x11, 0x20, 0x11, 0x20, 0x11, 0x20, 0x11, 0x20, 0x11, 0x20, 0x11, 0x20, 
  0x11, 0x20, 0x11, 0x20, 0x11, 0x20, 0x11, 0x20, 0x11, 0x20, 0x11, 0x20, 0x11, 0x20, 0x11, 0x20, 0x11, 0x20, 0x11, 0x20, 0x11, 0x20, 0x11, 0x20, 0x11, 0x20, 0x11, 0x20, 0x11, 0x20, 0x11, 0x20, 0x11, 0x20, 0x11, 0x20, 
  0x11, 0x20, 0x11, 0x20, 0x11, 0x20, 0x11, 0x20, 0x11, 0x20, 0x11, 0x20, 0x11, 0x20, 0x11, 0x20, 0x11, 0x20, 0x11, 0x20, 0x11, 0x20, 0x11, 0x20, 0x11, 0x20, 0x11, 0x20, 0x11, 0x20, 0x11, 0x20, 0x11, 0x20, 0x11, 0x20, 
  0x11, 0x20, 0x11, 0x20, 0x11, 0x20, 0x11, 0x20, 0x11, 0x20, 0x11, 0x20, 0x11, 0x20, 0x11, 0x20, 0x11, 0x20, 0x11, 0x20, 0x11, 0x20, 0x11, 0x20, 0x11, 0x20, 0x11, 0x20, 0x11, 0x20, 0x11, 0x20, 0x11, 0x20, 0x11, 0x20, 
  0x11, 0x20, 0x11, 0x20, 0x11, 0x20, 0x11, 0x20, 0x11, 0x20, 0x11, 0x20, 0x11, 0x20, 0x11, 0x20, 0x11, 0x20, 0x11, 0x20, 0x11, 0x20, 0x11, 0x20, 0x11, 0x20, 0x11, 0x20, 0x11, 0x20, 0x11, 0x20, 0x11, 0x20, 0x11, 0x20, 
  0x11, 0x20, 0x11, 0x20, 0x11, 0x20, 0x11, 0x20, 0x11, 0x20, 0x11, 0x20, 0x11, 0x20, 0x11, 0x20, 0x11, 0x20, 0x11, 0x20, 0x11, 0x20, 0x11, 0x20, 0x11, 0x20, 0x11, 0x20, 0x11, 0x20, 0x11, 0x20, 0x11, 0x20, 0x11, 0x20, 
  0x11, 0x20, 0x11, 0x20, 0x11, 0x20, 0x11, 0x20, 0x11, 0x20, 0x11, 0x20, 0x11, 0x20, 0x11, 0x20, 0x11, 0x20, 0x11, 0x20, 0x11, 0x20, 0x11, 0x20, 0x11, 0x20, 0x11, 0x20, 0x11, 0x20, 0x11, 0x20, 0x11, 0x20, 0x11, 0x20, 
  0x11, 0x20, 0x11, 0x20, 0x11, 0x20, 0x11, 0x20, 0x11, 0x20, 0x11, 0x20, 0x11, 0x20, 0x11, 0x20, 0x11, 0x20, 0x11, 0x20, 0x11, 0x20, 0x11, 0x20, 0x11, 0x20, 0x11, 0x20, 0x11, 0x20, 0x11, 0x20, 0x11, 0x20, 0x11, 0x20, 
  0x11, 0x20, 0x11, 0x20, 0x11, 0x20, 0x11, 0x20, 0x11, 0x20, 0x11, 0x20, 0x11, 0x20, 0x11, 0x20, 0x11, 0x20, 0x11, 0x20, 0x11, 0x20, 0x11, 0x20, 0x11, 0x20, 0x11, 0x20, 0x11, 0x20, 0x11, 0x20, 0x11, 0x20, 0x11, 0x20, 
  0x11, 0x20, 0x11, 0x20, 0x11, 0x20, 0x11, 0x20, 0x11, 0x20, 0x11, 0x20, 0x11, 0x20, 0x11, 0x20, 0x11, 0x20, 0x11, 0x20, 0x11, 0x20, 0x11, 0x20, 0x11, 0x20, 0x11, 0x20, 0x11, 0x20, 0x11, 0x20, 0x11, 0x20, 0x11, 0x20, 
  0x11, 0x20, 0x11, 0x20, 0x11, 0x20, 0x11, 0x20, 0x11, 0x20, 0x11, 0x20, 0x11, 0x20, 0x11, 0x20, 0x11, 0x20, 0x11, 0x20, 0x11, 0x20, 0x11, 0x20, 0x11, 0x20, 0x11, 0x20, 0x11, 0x20, 0x11, 0x20, 0x11, 0x20, 0x11, 0x20, 
  0x11, 0x20, 0x11, 0x20, 0x11, 0x20, 0x11, 0x20, 0x11, 0x20, 0x11, 0x20, 0x11, 0x20, 0x11, 0x20, 0x11, 0x20, 0x11, 0x20, 0x11, 0x20, 0x11, 0x20, 0x11, 0x20, 0x11, 0x20, 0x11, 0x20, 0x11, 0x20, 0x11, 0x20, 0x11, 0x20, 
  0x11, 0x20, 0x11, 0x20, 0x11, 0x20, 0x11, 0x20, 0x11, 0x20, 0x11, 0x20, 0x11, 0x20, 0x11, 0x20, 0x11, 0x20, 0x11, 0x20, 0x11, 0x20, 0x11, 0x20, 0x11, 0x20, 0x11, 0x20, 0x11, 0x20, 0x11, 0x20, 0x11, 0x20, 0x11, 0x20, 
  0x11, 0x20, 0x11, 0x20, 0x11, 0x20, 0x11, 0x20, 0x11, 0x20, 0x11, 0x20, 0x11, 0x20, 0x11, 0x20, 0x11, 0x20, 0x11, 0x20, 0x11, 0x20, 0x11, 0x20, 0x11, 0x20, 0x11, 0x20, 0x11, 0x20, 0x11, 0x20, 0x11, 0x20, 0x11, 0x20, 
  0x11, 0x20, 0x11, 0x20, 0x11, 0x20, 0x11, 0x20, 0x11, 0x20, 0x11, 0x20, 0x11, 0x20, 0x11, 0x20, 0x11, 0x20, 0x11, 0x20, 0x11, 0x20, 0x11, 0x20, 0x11, 0x20, 0x11, 0x20, 0x11, 0x20, 0x11, 0x20, 0x11, 0x20, 0x11, 0x20, 
  0x11, 0x20, 0x11, 0x20, 0x11, 0x20, 0x11, 0x20, 0x11, 0x20, 0x11, 0x20, 0x11, 0x20, 0x11, 0x20, 0x11, 0x20, 0x11, 0x20, 0x11, 0x20, 0x11, 0x20, 0x11, 0x20, 0x11, 0x20, 0x11, 0x20, 0x11, 0x20, 0x11, 0x20, 0x11, 0x20, 
  0x09, 0x20, 0x09, 0x20, 0x09, 0x20, 0x09, 0x20, 0x09, 0x20, 0x09, 0x20, 0x09, 0x20, 0x09, 0x20, 0x09, 0x20, 0x09, 0x20, 0x09, 0x20, 0x09, 0x20, 0x09, 0x20, 0x09, 0x20, 0x09, 0x20, 0x09, 0x20, 0x09, 0x20, 0x09, 0x20, 
  0x09, 0x20, 0x09, 0x20, 0x09, 0x20, 0x09, 0x20, 0x09, 0x20, 0x09, 0x20, 0x09, 0x20, 0x09, 0x20, 0x09, 0x20, 0x09, 0x20, 0x09, 0x20, 0x09, 0x20, 0x09, 0x20, 0x09, 0x20, 0x09, 0x20, 0x09, 0x20, 0x09, 0x20, 0x09, 0x20, 
  0x09, 0x20, 0x09, 0x20, 0x09, 0x20, 0x09, 0x20, 0x09, 0x20, 0x09, 0x20, 0x09, 0x20, 0x09, 0x20, 0x09, 0x20, 0x09, 0x20, 0x09, 0x20, 0x09, 0x20, 0x09, 0x20, 0x09, 0x20, 0x09, 0x20, 0x09, 0x20, 0x09, 0x20, 0x09, 0x20, 
  0x09, 0x20, 0x09, 0x20, 0x09, 0x20, 0x09, 0x20, 0x09, 0x20, 0x09, 0x20, 0x09, 0x20, 0x09, 0x20, 0x09, 0x20, 0x09, 0x20, 0x09, 0x20, 0x09, 0x20, 0x09, 0x20, 0x09, 0x20, 0x09, 0x20, 0x09, 0x20, 0x09, 0x20, 0x09, 0x20, 
  0x09, 0x20, 0x09, 0x20, 0x09, 0x20, 0x09, 0x20, 0x09, 0x20, 0x09, 0x20, 0x09, 0x20, 0x09, 0x20, 0x09, 0x20, 0x09, 0x20, 0x09, 0x20, 0x09, 0x20, 0x09, 0x20, 0x09, 0x20, 0x09, 0x20, 0x09, 0x20, 0x09, 0x20, 0x09, 0x20, 
  0x09, 0x20, 0x09, 0x20, 0x09, 0x20, 0x09, 0x20, 0x09, 0x20, 0x09, 0x20, 0x09, 0x20, 0x09, 0x20, 0x09, 0x20, 0x09, 0x20, 0x09, 0x20, 0x09, 0x20, 0x09, 0x20, 0x09, 0x20, 0x09, 0x20, 0x09, 0x20, 0x09, 0x20, 0x09, 0x20, 
  0x09, 0x20, 0x09, 0x20, 0x09, 0x20, 0x09, 0x20, 0x09, 0x20, 0x09, 0x20, 0x09, 0x20, 0x09, 0x20, 0x09, 0x20, 0x09, 0x20, 0x09, 0x20, 0x09, 0x20, 0x09, 0x20, 0x09, 0x20, 0x09, 0x20, 0x09, 0x20, 0x09, 0x20, 0x09, 0x20, 
  0x09, 0x20, 0x09, 0x20, 0x09, 0x20, 0x09, 0x20, 0x09, 0x20, 0x09, 0x20, 0x09, 0x20, 0x09, 0x20, 0x09, 0x20, 0x09, 0x20, 0x09, 0x20, 0x09, 0x20, 0x09, 0x20, 0x09, 0x20, 0x09, 0x20, 0x09, 0x20, 0x09, 0x20, 0x09, 0x20, 
  0x09, 0x20, 0x09, 0x20, 0x09, 0x20, 0x09, 0x20, 0x09, 0x20, 0x09, 0x20, 0x09, 0x20, 0x09, 0x20, 0x09, 0x20, 0x09, 0x20, 0x09, 0x20, 0x09, 0x20, 0x09, 0x20, 0x09, 0x20, 0x09, 0x20, 0x09, 0x20, 0x09, 0x20, 0x09, 0x20, 
  0x09, 0x20, 0x09, 0x20, 0x09, 0x20, 0x09, 0x20, 0x09, 0x20, 0x09, 0x20, 0x09, 0x20, 0x09, 0x20, 0x09, 0x20, 0x09, 0x20, 0x09, 0x20, 0x09, 0x20, 0x09, 0x20, 0x09, 0x20, 0x09, 0x20, 0x09, 0x20, 0x09, 0x20, 0x09, 0x20, 
  0x09, 0x20, 0x09, 0x20, 0x09, 0x20, 0x09, 0x20, 0x09, 0x20, 0x09, 0x20, 0x09, 0x20, 0x09, 0x20, 0x09, 0x20, 0x09, 0x20, 0x09, 0x20, 0x09, 0x20, 0x09, 0x20, 0x09, 0x20, 0x09, 0x20, 0x09, 0x20, 0x09, 0x20, 0x09, 0x20, 
  0x09, 0x20, 0x09, 0x20, 0x09, 0x20, 0x09, 0x20, 0x09, 0x20, 0x09, 0x20, 0x09, 0x20, 0x09, 0x20, 0x09, 0x20, 0x09, 0x20, 0x09, 0x20, 0x09, 0x20, 0x09, 0x20, 0x09, 0x20, 0x09, 0x20, 0x09, 0x20, 0x09, 0x20, 0x09, 0x20, 
  0x09, 0x20, 0x09, 0x20, 0x09, 0x20, 0x09, 0x20, 0x09, 0x20, 0x09, 0x20, 0x09, 0x20, 0x09, 0x20, 0x09, 0x20, 0x09, 0x20, 0x09, 0x20, 0x09, 0x20, 0x09, 0x20, 0x09, 0x20, 0x09, 0x20, 0x09, 0x20, 0x09, 0x20, 0x09, 0x20, 
  0x09, 0x20, 0x09, 0x20, 0x09, 0x20, 0x09, 0x20, 0x09, 0x20, 0x09, 0x20, 0x09, 0x20, 0x09, 0x20, 0x09, 0x20, 0x09, 0x20, 0x09, 0x20, 0x09, 0x20, 0x09, 0x20, 0x09, 0x20, 0x09, 0x20, 0x09, 0x20, 0x09, 0x20, 0x09, 0x20, 
  0x09, 0x20, 0x09, 0x20, 0x09, 0x20, 0x09, 0x20, 0x09, 0x20, 0x09, 0x20, 0x09, 0x20, 0x09, 0x20, 0x09, 0x20, 0x09, 0x20, 0x09, 0x20, 0x09, 0x20, 0x09, 0x20, 0x09, 0x20, 0x09, 0x20, 0x09, 0x20, 0x09, 0x20, 0x09, 0x20, 
  0x09, 0x20, 0x09, 0x20, 0x09, 0x20, 0x09, 0x20, 0x09, 0x20, 0x09, 0x20, 0x09, 0x20, 0x09, 0x20, 0x09, 0x20, 0x09, 0x20, 0x09, 0x20, 0x09, 0x20, 0x09, 0x20, 0x09, 0x20, 0x09, 0x20, 0x09, 0x20, 0x09, 0x20, 0x09, 0x20, 
  0x09, 0x20, 0x09, 0x20, 0x09, 0x20, 0x09, 0x20, 0x09, 0x20, 0x09, 0x20, 0x09, 0x20, 0x09, 0x20, 0x09, 0x20, 0x09, 0x20, 0x09, 0x20, 0x09, 0x20, 0x09, 0x20, 0x09, 0x20, 0x09, 0x20, 0x09, 0x20, 0x09, 0x20, 0x09, 0x20, 
  0x09, 0x20, 0x09, 0x20, 0x09, 0x20, 0x09, 0x20, 0x09, 0x20, 0x09, 0x20, 0x09, 0x20, 0x09, 0x20, 0x09, 0x20, 0x09, 0x20, 0x09, 0x20, 0x09, 0x20, 0x09, 0x20, 0x09, 0x20, 0x09, 0x20, 0x09, 0x20, 0x09, 0x20, 0x09, 0x20, 
  0x09, 0x20, 0x09, 0x20, 0x09, 0x20, 0x09, 0x20, 0x09, 0x20, 0x09, 0x20, 0x09, 0x20, 0x09, 0x20, 0x09, 0x20, 0x09, 0x20, 0x09, 0x20, 0x09, 0x20, 0x09, 0x20, 0x09, 0x20, 0x09, 0x20, 0x09, 0x20, 0x09, 0x20, 0x09, 0x20, 
  0x09, 0x20, 0x09, 0x20, 0x09, 0x20, 0x09, 0x20, 0x09, 0x20, 0x09, 0x20, 0x09, 0x20, 0x09, 0x20, 0x09, 0x20, 0x09, 0x20, 0x09, 0x20, 0x09, 0x20, 0x09, 0x20, 0x09, 0x20, 0x09, 0x20, 0x09, 0x20, 0x09, 0x20, 0x09, 0x20, 
  0x09, 0x20, 0x09, 0x20, 0x09, 0x20, 0x09, 0x20, 0x09, 0x20, 0x09, 0x20, 0x09, 0x20, 0x09, 0x20, 0x09, 0x20, 0x09, 0x20, 0x09, 0x20, 0x09, 0x20, 0x09, 0x20, 0x09, 0x20, 0x09, 0x20, 0x09, 0x20, 0x09, 0x20, 0x09, 0x20, 
  0x09, 0x20, 0x09, 0x20, 0x09, 0x20, 0x09, 0x20, 0x09, 0x20, 0x09, 0x20, 0x09, 0x20, 0x09, 0x20, 0x09, 0x20, 0x09, 0x20, 0x09, 0x20, 0x09, 0x20, 0x09, 0x20, 0x09, 0x20, 0x09, 0x20, 0x09, 0x20, 0x09, 0x20, 0x09, 0x20, 
  0x09, 0x20, 0x09, 0x20, 0x09, 0x20, 0x09, 0x20, 0x09, 0x20, 0x09, 0x20, 0x09, 0x20, 0x09, 0x20, 0x09, 0x20, 0x09, 0x20, 0x09, 0x20, 0x09, 0x20, 0x09, 0x20, 0x09, 0x20, 0x09, 0x20, 0x09, 0x20, 0x09, 0x20, 0x09, 0x20, 
  0x09, 0x20, 0x09, 0x20, 0x09, 0x20, 0x09, 0x20, 0x09, 0x20, 0x09, 0x20, 0x09, 0x20, 0x09, 0x20, 0x09, 0x20, 0x09, 0x20, 0x09, 0x20, 0x09, 0x20, 0x09, 0x20, 0x09, 0x20, 0x09, 0x20, 0x09, 0x20, 0x09, 0x20, 0x09, 0x20, 
  0x09, 0x20, 0x09, 0x20, 0x09, 0x20, 0x09, 0x20, 0x09, 0x20, 0x09, 0x20, 0x09, 0x20, 0x09, 0x20, 0x09, 0x20, 0x09, 0x20, 0x09, 0x20, 0x09, 0x20, 0x09, 0x20, 0x09, 0x20, 0x09, 0x20, 0x09, 0x20, 0x09, 0x20, 0x09, 0x20, 
  0x09, 0x20, 0x09, 0x20, 0x09, 0x20, 0x09, 0x20, 0x09, 0x20, 0x09, 0x20, 0x09, 0x20, 0x09, 0x20, 0x09, 0x20, 0x09, 0x20, 0x09, 0x20, 0x09, 0x20, 0x09, 0x20, 0x09, 0x20, 0x09, 0x20, 0x09, 0x20, 0x09, 0x20, 0x09, 0x20, 
  0x09, 0x20, 0x09, 0x20, 0x09, 0x20, 0x09, 0x20, 0x09, 0x20, 0x09, 0x20, 0x09, 0x20, 0x09, 0x20, 0x09, 0x20, 0x09, 0x20, 0x09, 0x20, 0x09, 0x20, 0x09, 0x20, 0x09, 0x20, 0x09, 0x20, 0x09, 0x20, 0x09, 0x20, 0x09, 0x20, 
  0x09, 0x20, 0x09, 0x20, 0x09, 0x20, 0x09, 0x20, 0x09, 0x20, 0x09, 0x20, 0x09, 0x20, 0x09, 0x20, 0x09, 0x20, 0x09, 0x20, 0x09, 0x20, 0x09, 0x20, 0x09, 0x20, 0x09, 0x20, 0x09, 0x20, 0x09, 0x20, 0x09, 0x20, 0x09, 0x20, 
  0x09, 0x20, 0x09, 0x20, 0x09, 0x20, 0x09, 0x20, 0x09, 0x20, 0x09, 0x20, 0x09, 0x20, 0x09, 0x20, 0x09, 0x20, 0x09, 0x20, 0x09, 0x20, 0x09, 0x20, 0x09, 0x20, 0x09, 0x20, 0x09, 0x20, 0x09, 0x20, 0x09, 0x20, 0x09, 0x20, 
  0x09, 0x20, 0x09, 0x20, 0x09, 0x20, 0x09, 0x20, 0x09, 0x20, 0x09, 0x20, 0x09, 0x20, 0x09, 0x20, 0x09, 0x20, 0x09, 0x20, 0x09, 0x20, 0x09, 0x20, 0x09, 0x20, 0x09, 0x20, 0x09, 0x20, 0x09, 0x20, 0x09, 0x20, 0x09, 0x20, 
  0x09, 0x20, 0x09, 0x20, 0x09, 0x20, 0x09, 0x20, 0x09, 0x20, 0x09, 0x20, 0x09, 0x20, 0x09, 0x20, 0x09, 0x20, 0x09, 0x20, 0x09, 0x20, 0x09, 0x20, 0x09, 0x20, 0x09, 0x20, 0x09, 0x20, 0x09, 0x20, 0x09, 0x20, 0x09, 0x20, 
  0x01, 0x20, 0x01, 0x20, 0x01, 0x20, 0x01, 0x20, 0x01, 0x20, 0x01, 0x20, 0x01, 0x20, 0x01, 0x20, 0x01, 0x20, 0x01, 0x20, 0x01, 0x20, 0x01, 0x20, 0x01, 0x20, 0x01, 0x20, 0x01, 0x20, 0x01, 0x20, 0x01, 0x20, 0x01, 0x20, 
  0x01, 0x20, 0x01, 0x20, 0x01, 0x20, 0x01, 0x20, 0x01, 0x20, 0x01, 0x20, 0x01, 0x20, 0x01, 0x20, 0x01, 0x20, 0x01, 0x20, 0x01, 0x20, 0x01, 0x20, 0x01, 0x20, 0x01, 0x20, 0x01, 0x20, 0x01, 0x20, 0x01, 0x20, 0x01, 0x20, 
  0x01, 0x20, 0x01, 0x20, 0x01, 0x20, 0x01, 0x20, 0x01, 0x20, 0x01, 0x20, 0x01, 0x20, 0x01, 0x20, 0x01, 0x20, 0x01, 0x20, 0x01, 0x20, 0x01, 0x20, 0x01, 0x20, 0x01, 0x20, 0x01, 0x20, 0x01, 0x20, 0x01, 0x20, 0x01, 0x20, 
  0x01, 0x20, 0x01, 0x20, 0x01, 0x20, 0x01, 0x20, 0x01, 0x20, 0x01, 0x20, 0x01, 0x20, 0x01, 0x20, 0x01, 0x20, 0x01, 0x20, 0x01, 0x20, 0x01, 0x20, 0x01, 0x20, 0x01, 0x20, 0x01, 0x20, 0x01, 0x20, 0x01, 0x20, 0x01, 0x20, 
  0x01, 0x20, 0x01, 0x20, 0x01, 0x20, 0x01, 0x20, 0x01, 0x20, 0x01, 0x20, 0x01, 0x20, 0x01, 0x20, 0x01, 0x20, 0x01, 0x20, 0x01, 0x20, 0x01, 0x20, 0x01, 0x20, 0x01, 0x20, 0x01, 0x20, 0x01, 0x20, 0x01, 0x20, 0x01, 0x20, 
  0x01, 0x20, 0x01, 0x20, 0x01, 0x20, 0x01, 0x20, 0x01, 0x20, 0x01, 0x20, 0x01, 0x20, 0x01, 0x20, 0x01, 0x20, 0x01, 0x20, 0x01, 0x20, 0x01, 0x20, 0x01, 0x20, 0x01, 0x20, 0x01, 0x20, 0x01, 0x20, 0x01, 0x20, 0x01, 0x20, 
  0x01, 0x20, 0x01, 0x20, 0x01, 0x20, 0x01, 0x20, 0x01, 0x20, 0x01, 0x20, 0x01, 0x20, 0x01, 0x20, 0x01, 0x20, 0x01, 0x20, 0x01, 0x20, 0x01, 0x20, 0x01, 0x20, 0x01, 0x20, 0x01, 0x20, 0x01, 0x20, 0x01, 0x20, 0x01, 0x20, 
  0x01, 0x20, 0x01, 0x20, 0x01, 0x20, 0x01, 0x20, 0x01, 0x20, 0x01, 0x20, 0x01, 0x20, 0x01, 0x20, 0x01, 0x20, 0x01, 0x20, 0x01, 0x20, 0x01, 0x20, 0x01, 0x20, 0x01, 0x20, 0x01, 0x20, 0x01, 0x20, 0x01, 0x20, 0x01, 0x20, 
  0x01, 0x20, 0x01, 0x20, 0x01, 0x20, 0x01, 0x20, 0x01, 0x20, 0x01, 0x20, 0x01, 0x20, 0x01, 0x20, 0x01, 0x20, 0x01, 0x20, 0x01, 0x20, 0x01, 0x20, 0x01, 0x20, 0x01, 0x20, 0x01, 0x20, 0x01, 0x20, 0x01, 0x20, 0x01, 0x20, 
  0x01, 0x20, 0x01, 0x20, 0x01, 0x20, 0x01, 0x20, 0x01, 0x20, 0x01, 0x20, 0x01, 0x20, 0x01, 0x20, 0x01, 0x20, 0x01, 0x20, 0x01, 0x20, 0x01, 0x20, 0x01, 0x20, 0x01, 0x20, 0x01, 0x20, 0x01, 0x20, 0x01, 0x20, 0x01, 0x20, 
  0x01, 0x20, 0x01, 0x20, 0x01, 0x20, 0x01, 0x20, 0x01, 0x20, 0x01, 0x20, 0x01, 0x20, 0x01, 0x20, 0x01, 0x20, 0x01, 0x20, 0x01, 0x20, 0x01, 0x20, 0x01, 0x20, 0x01, 0x20, 0x01, 0x20, 0x01, 0x20, 0x01, 0x20, 0x01, 0x20, 
  0x01, 0x20, 0x01, 0x20, 0x01, 0x20, 0x01, 0x20, 0x01, 0x20, 0x01, 0x20, 0x01, 0x20, 0x01, 0x20, 0x01, 0x20, 0x01, 0x20, 0x01, 0x20, 0x01, 0x20, 0x01, 0x20, 0x01, 0x20, 0x01, 0x20, 0x01, 0x20, 0x01, 0x20, 0x01, 0x20, 
  0x01, 0x20, 0x01, 0x20, 0x01, 0x20, 0x01, 0x20, 0x01, 0x20, 0x01, 0x20, 0x01, 0x20, 0x01, 0x20, 0x01, 0x20, 0x01, 0x20, 0x01, 0x20, 0x01, 0x20, 0x01, 0x20, 0x01, 0x20, 0x01, 0x20, 0x01, 0x20, 0x01, 0x20, 0x01, 0x20, 
  0x01, 0x20, 0x01, 0x20, 0x01, 0x20, 0x01, 0x20, 0x01, 0x20, 0x01, 0x20, 0x01, 0x20, 0x01, 0x20, 0x01, 0x20, 0x01, 0x20, 0x01, 0x20, 0x01, 0x20, 0x01, 0x20, 0x01, 0x20, 0x01, 0x20, 0x01, 0x20, 0x01, 0x20, 0x01, 0x20, 
  0x01, 0x40, 0x01, 0x40, 0x01, 0x40, 0x01, 0x40, 0x01, 0x40, 0x01, 0x40, 0x01, 0x40, 0x01, 0x40, 0x01, 0x40, 0x01, 0x40, 0x01, 0x40, 0x01, 0x40, 0x01, 0x40, 0x01, 0x40, 0x01, 0x40, 0x01, 0x40, 0x01, 0x40, 0x01, 0x40, 
  0x01, 0x40, 0x01, 0x40, 0x01, 0x40, 0x01, 0x40, 0x01, 0x40, 0x01, 0x40, 0x01, 0x40, 0x01, 0x40, 0x01, 0x40, 0x01, 0x40, 0x01, 0x40, 0x01, 0x40, 0x01, 0x40, 0x01, 0x40, 0x01, 0x40, 0x01, 0x40, 0x01, 0x40, 0x01, 0x40, 
  0x01, 0x40, 0x01, 0x40, 0x01, 0x40, 0x01, 0x40, 0x01, 0x40, 0x01, 0x40, 0x01, 0x40, 0x01, 0x40, 0x01, 0x40, 0x01, 0x40, 0x01, 0x40, 0x01, 0x40, 0x01, 0x40, 0x01, 0x40, 0x01, 0x40, 0x01, 0x40, 0x01, 0x40, 0x01, 0x40, 
  0x01, 0x40, 0x01, 0x40, 0x01, 0x40, 0x01, 0x40, 0x01, 0x40, 0x01, 0x40, 0x01, 0x40, 0x01, 0x40, 0x01, 0x40, 0x01, 0x40, 0x01, 0x40, 0x01, 0x40, 0x01, 0x40, 0x01, 0x40, 0x01, 0x40, 0x01, 0x40, 0x01, 0x40, 0x01, 0x40, 
  0x01, 0x40, 0x01, 0x40, 0x01, 0x40, 0x01, 0x40, 0x01, 0x40, 0x01, 0x40, 0x01, 0x40, 0x01, 0x40, 0x01, 0x40, 0x01, 0x40, 0x01, 0x40, 0x01, 0x40, 0x01, 0x40, 0x01, 0x40, 0x01, 0x40, 0x01, 0x40, 0x01, 0x40, 0x01, 0x40, 
  0x01, 0x40, 0x01, 0x40, 0x01, 0x40, 0x01, 0x40, 0x01, 0x40, 0x01, 0x40, 0x01, 0x40, 0x01, 0x40, 0x01, 0x40, 0x01, 0x40, 0x01, 0x40, 0x01, 0x40, 0x01, 0x40, 0x01, 0x40, 0x01, 0x40, 0x01, 0x40, 0x01, 0x40, 0x01, 0x40, 
  0x01, 0x40, 0x01, 0x40, 0x01, 0x40, 0x01, 0x40, 0x01, 0x40, 0x01, 0x40, 0x01, 0x40, 0x01, 0x40, 0x01, 0x40, 0x01, 0x40, 0x01, 0x40, 0x01, 0x40, 0x01, 0x40, 0x01, 0x40, 0x01, 0x40, 0x01, 0x40, 0x01, 0x40, 0x01, 0x40, 
  0x01, 0x40, 0x01, 0x40, 0x01, 0x40, 0x01, 0x40, 0x01, 0x40, 0x01, 0x40, 0x01, 0x40, 0x01, 0x40, 0x01, 0x40, 0x01, 0x40, 0x01, 0x40, 0x01, 0x40, 0x01, 0x40, 0x01, 0x40, 0x01, 0x40, 0x01, 0x40, 0x01, 0x40, 0x01, 0x40, 
  0x01, 0x40, 0x01, 0x40, 0x01, 0x40, 0x01, 0x40, 0x01, 0x40, 0x01, 0x40, 0x01, 0x40, 0x01, 0x40, 0x01, 0x40, 0x01, 0x40, 0x01, 0x40, 0x01, 0x40, 0x01, 0x40, 0x01, 0x40, 0x01, 0x40, 0x01, 0x40, 0x01, 0x40, 0x01, 0x40, 
  0x01, 0x40, 0x01, 0x40, 0x01, 0x40, 0x01, 0x40, 0x01, 0x40, 0x01, 0x40, 0x01, 0x40, 0x01, 0x40, 0x01, 0x40, 0x01, 0x40, 0x01, 0x40, 0x01, 0x40, 0x01, 0x40, 0x01, 0x40, 0x01, 0x40, 0x01, 0x40, 0x01, 0x40, 0x01, 0x40, 
  0x01, 0x40, 0x01, 0x40, 0x01, 0x40, 0x01, 0x40, 0x01, 0x40, 0x01, 0x40, 0x01, 0x40, 0x01, 0x40, 0x01, 0x40, 0x01, 0x40, 0x01, 0x40, 0x01, 0x40, 0x01, 0x40, 0x01, 0x40, 0x01, 0x40, 0x01, 0x40, 0x01, 0x40, 0x01, 0x40, 
  0x01, 0x40, 0x01, 0x40, 0x01, 0x40, 0x01, 0x40, 0x01, 0x40, 0x01, 0x40, 0x01, 0x40, 0x01, 0x40, 0x01, 0x40, 0x01, 0x40, 0x01, 0x40, 0x01, 0x40, 0x01, 0x40, 0x01, 0x40, 0x01, 0x40, 0x01, 0x40, 0x01, 0x40, 0x01, 0x40, 
  0x01, 0x40, 0x01, 0x40, 0x01, 0x40, 0x01, 0x40, 0x01, 0x40, 0x01, 0x40, 0x01, 0x40, 0x01, 0x40, 0x01, 0x40, 0x01, 0x40, 0x01, 0x40, 0x01, 0x40, 0x01, 0x40, 0x01, 0x40, 0x01, 0x40, 0x01, 0x40, 0x01, 0x40, 0x01, 0x40, 
  0x01, 0x40, 0x01, 0x40, 0x01, 0x40, 0x01, 0x40, 0x01, 0x40, 0x01, 0x40, 0x01, 0x40, 0x01, 0x40, 0x01, 0x40, 0x01, 0x40, 0x01, 0x40, 0x01, 0x40, 0x01, 0x40, 0x01, 0x40, 0x01, 0x40, 0x01, 0x40, 0x01, 0x40, 0x01, 0x40, 
  0x01, 0x40, 0x01, 0x40, 0x01, 0x40, 0x01, 0x40, 0x01, 0x40, 0x01, 0x40, 0x01, 0x40, 0x01, 0x40, 0x01, 0x40, 0x01, 0x40, 0x01, 0x40, 0x01, 0x40, 0x01, 0x40, 0x01, 0x40, 0x01, 0x40, 0x01, 0x40, 0x01, 0x40, 0x01, 0x40, 
  0x01, 0x40, 0x01, 0x40, 0x01, 0x40, 0x01, 0x40, 0x01, 0x40, 0x01, 0x40, 0x01, 0x40, 0x01, 0x40, 0x01, 0x40, 0x01, 0x40, 0x01, 0x40, 0x01, 0x40, 0x01, 0x40, 0x01, 0x40, 0x01, 0x40, 0x01, 0x40, 0x01, 0x40, 0x01, 0x40, 
  0x01, 0x40, 0x01, 0x40, 0x01, 0x40, 0x01, 0x40, 0x01, 0x40, 0x01, 0x40, 0x01, 0x40, 0x01, 0x40, 0x01, 0x40, 0x01, 0x40, 0x01, 0x40, 0x01, 0x40, 0x01, 0x40, 0x01, 0x40, 0x01, 0x40, 0x01, 0x40, 0x01, 0x40, 0x01, 0x40, 
  0x01, 0x40, 0x01, 0x40, 0x01, 0x40, 0x01, 0x40, 0x01, 0x40, 0x01, 0x40, 0x01, 0x40, 0x01, 0x40, 0x01, 0x40, 0x01, 0x40, 0x01, 0x40, 0x01, 0x40, 0x01, 0x40, 0x01, 0x40, 0x01, 0x40, 0x01, 0x40, 0x01, 0x40, 0x01, 0x40, 
  0x01, 0x40, 0x01, 0x40, 0x01, 0x40, 0x01, 0x40, 0x01, 0x40, 0x01, 0x40, 0x01, 0x40, 0x01, 0x40, 0x01, 0x40, 0x01, 0x40, 0x01, 0x40, 0x01, 0x40, 0x01, 0x40, 0x01, 0x40, 0x01, 0x40, 0x01, 0x40, 0x01, 0x40, 0x01, 0x40, 
  0x01, 0x40, 0x01, 0x40, 0x01, 0x40, 0x01, 0x40, 0x01, 0x40, 0x01, 0x40, 0x01, 0x40, 0x01, 0x40, 0x01, 0x40, 0x01, 0x40, 0x01, 0x40, 0x01, 0x40, 0x01, 0x40, 0x01, 0x40, 0x01, 0x40, 0x01, 0x40, 0x01, 0x40, 0x01, 0x40, 
  0x01, 0x40, 0x01, 0x40, 0x01, 0x40, 0x01, 0x40, 0x01, 0x40, 0x01, 0x40, 0x01, 0x40, 0x01, 0x40, 0x01, 0x40, 0x01, 0x40, 0x01, 0x40, 0x01, 0x40, 0x01, 0x40, 0x01, 0x40, 0x01, 0x40, 0x01, 0x40, 0x01, 0x40, 0x01, 0x40, 
  0x01, 0x40, 0x01, 0x40, 0x01, 0x40, 0x01, 0x40, 0x01, 0x40, 0x01, 0x40, 0x01, 0x40, 0x01, 0x40, 0x01, 0x40, 0x01, 0x40, 0x01, 0x40, 0x01, 0x40, 0x01, 0x40, 0x01, 0x40, 0x01, 0x40, 0x01, 0x40, 0x01, 0x40, 0x01, 0x40, 
  0x01, 0x40, 0x01, 0x40, 0x01, 0x40, 0x01, 0x40, 0x01, 0x40, 0x01, 0x40, 0x01, 0x40, 0x01, 0x40, 0x01, 0x40, 0x01, 0x40, 0x01, 0x40, 0x01, 0x40, 0x01, 0x40, 0x01, 0x40, 0x01, 0x40, 0x01, 0x40, 0x01, 0x40, 0x01, 0x40, 
  0x01, 0x40, 0x01, 0x40, 0x01, 0x40, 0x01, 0x40, 0x01, 0x40, 0x01, 0x40, 0x01, 0x40, 0x01, 0x40, 0x01, 0x40, 0x01, 0x40, 0x01, 0x40, 0x01, 0x40, 0x01, 0x40, 0x01, 0x40, 0x01, 0x40, 0x01, 0x40, 0x01, 0x40, 0x01, 0x40, 
  0x01, 0x40, 0x01, 0x40, 0x01, 0x40, 0x01, 0x40, 0x01, 0x40, 0x01, 0x40, 0x01, 0x40, 0x01, 0x40, 0x01, 0x40, 0x01, 0x40, 0x01, 0x40, 0x01, 0x40, 0x01, 0x40, 0x01, 0x40, 0x01, 0x40, 0x01, 0x40, 0x01, 0x40, 0x01, 0x40, 
  0x01, 0x40, 0x01, 0x40, 0x01, 0x40, 0x01, 0x40, 0x01, 0x40, 0x01, 0x40, 0x01, 0x40, 0x01, 0x40, 0x01, 0x40, 0x01, 0x40, 0x01, 0x40, 0x01, 0x40, 0x01, 0x40, 0x01, 0x40, 0x01, 0x40, 0x01, 0x40, 0x01, 0x40, 0x01, 0x40, 
  0x01, 0x40, 0x01, 0x40, 0x01, 0x40, 0x01, 0x40, 0x01, 0x40, 0x01, 0x40, 0x01, 0x40, 0x01, 0x40, 0x01, 0x40, 0x01, 0x40, 0x01, 0x40, 0x01, 0x40, 0x01, 0x40, 0x01, 0x40, 0x01, 0x40, 0x01, 0x40, 0x01, 0x40, 0x01, 0x40, 
  0x01, 0x40, 0x01, 0x40, 0x01, 0x40, 0x01, 0x40, 0x01, 0x40, 0x01, 0x40, 0x01, 0x40, 0x01, 0x40, 0x01, 0x40, 0x01, 0x40, 0x01, 0x40, 0x01, 0x40, 0x01, 0x40, 0x01, 0x40, 0x01, 0x40, 0x01, 0x40, 0x01, 0x40, 0x01, 0x40, 
  0x01, 0x40, 0x01, 0x40, 0x01, 0x40, 0x01, 0x40, 0x01, 0x40, 0x01, 0x40, 0x01, 0x40, 0x01, 0x40, 0x01, 0x40, 0x01, 0x40, 0x01, 0x40, 0x01, 0x40, 0x01, 0x40, 0x01, 0x40, 0x01, 0x40, 0x01, 0x40, 0x01, 0x40, 0x01, 0x40, 
  0x01, 0x40, 0x01, 0x40, 0x01, 0x40, 0x01, 0x40, 0x01, 0x40, 0x01, 0x40, 0x01, 0x40, 0x01, 0x40, 0x01, 0x40, 0x01, 0x40, 0x01, 0x40, 0x01, 0x40, 0x01, 0x40, 0x01, 0x40, 0x01, 0x40, 0x01, 0x40, 0x01, 0x40, 0x01, 0x40, 
  0x01, 0x40, 0x01, 0x40, 0x01, 0x40, 0x01, 0x40, 0x01, 0x40, 0x01, 0x40, 0x01, 0x40, 0x01, 0x40, 0x01, 0x40, 0x01, 0x40, 0x01, 0x40, 0x01, 0x40, 0x01, 0x40, 0x01, 0x40, 0x01, 0x40, 0x01, 0x40, 0x01, 0x40, 0x01, 0x40, 
  0x01, 0x40, 0x01, 0x40, 0x01, 0x40, 0x01, 0x40, 0x01, 0x40, 0x01, 0x40, 0x01, 0x40, 0x01, 0x40, 0x01, 0x40, 0x01, 0x40, 0x01, 0x40, 0x01, 0x40, 0x01, 0x40, 0x01, 0x40, 0x01, 0x40, 0x01, 0x40, 0x01, 0x40, 0x01, 0x40, 
  0x01, 0x40, 0x01, 0x40, 0x01, 0x40, 0x01, 0x40, 0x01, 0x40, 0x01, 0x40, 0x01, 0x40, 0x01, 0x40, 0x01, 0x40, 0x01, 0x40, 0x01, 0x40, 0x01, 0x40, 0x01, 0x40, 0x01, 0x40, 0x01, 0x40, 0x01, 0x40, 0x01, 0x40, 0x01, 0x40, 
  0x01, 0x40, 0x01, 0x40, 0x01, 0x40, 0x01, 0x40, 0x01, 0x40, 0x01, 0x40, 0x01, 0x40, 0x01, 0x40, 0x01, 0x40, 0x01, 0x40, 0x01, 0x40, 0x01, 0x40, 0x01, 0x40, 0x01, 0x40, 0x01, 0x40, 0x01, 0x40, 0x01, 0x40, 0x01, 0x40, 
  0x01, 0x40, 0x01, 0x40, 0x01, 0x40, 0x01, 0x40, 0x01, 0x40, 0x01, 0x40, 0x01, 0x40, 0x01, 0x40, 0x01, 0x40, 0x01, 0x40, 0x01, 0x40, 0x01, 0x40, 0x01, 0x40, 0x01, 0x40, 0x01, 0x40, 0x01, 0x40, 0x01, 0x40, 0x01, 0x40, 
  0x01, 0x40, 0x01, 0x40, 0x01, 0x40, 0x01, 0x40, 0x01, 0x40, 0x01, 0x40, 0x01, 0x40, 0x01, 0x40, 0x01, 0x40, 0x01, 0x40, 0x01, 0x40, 0x01, 0x40, 0x01, 0x40, 0x01, 0x40, 0x01, 0x40, 0x01, 0x40, 0x01, 0x40, 0x01, 0x40, 
  0x01, 0x40, 0x01, 0x40, 0x01, 0x40, 0x01, 0x40, 0x01, 0x40, 0x01, 0x40, 0x01, 0x40, 0x01, 0x40, 0x01, 0x40, 0x01, 0x40, 0x01, 0x40, 0x01, 0x40, 0x01, 0x40, 0x01, 0x40, 0x01, 0x40, 0x01, 0x40, 0x01, 0x40, 0x01, 0x40, 
  0x01, 0x40, 0x01, 0x40, 0x01, 0x40, 0x01, 0x40, 0x01, 0x40, 0x01, 0x40, 0x01, 0x40, 0x01, 0x40, 0x01, 0x40, 0x01, 0x40, 0x01, 0x40, 0x01, 0x40, 0x01, 0x40, 0x01, 0x40, 0x01, 0x40, 0x01, 0x40, 0x01, 0x40, 0x01, 0x40, 
  0x01, 0x40, 0x01, 0x40, 0x01, 0x40, 0x01, 0x40, 0x01, 0x40, 0x01, 0x40, 0x01, 0x40, 0x01, 0x40, 0x01, 0x40, 0x01, 0x40, 0x01, 0x40, 0x01, 0x40, 0x01, 0x40, 0x01, 0x40, 0x01, 0x40, 0x01, 0x40, 0x01, 0x40, 0x01, 0x40, 
  0x01, 0x40, 0x01, 0x40, 0x01, 0x40, 0x01, 0x40, 0x01, 0x40, 0x01, 0x40, 0x01, 0x40, 0x01, 0x40, 0x01, 0x40, 0x01, 0x40, 0x01, 0x40, 0x01, 0x40, 0x01, 0x40, 0x01, 0x40, 0x01, 0x40, 0x01, 0x40, 0x01, 0x40, 0x01, 0x40, 
  0x01, 0x40, 0x01, 0x40, 0x01, 0x40, 0x01, 0x40, 0x01, 0x40, 0x01, 0x40, 0x01, 0x40, 0x01, 0x40, 0x01, 0x40, 0x01, 0x40, 0x01, 0x40, 0x01, 0x40, 0x01, 0x40, 0x01, 0x40, 0x01, 0x40, 0x01, 0x40, 0x01, 0x40, 0x01, 0x40, 
  0x01, 0x40, 0x01, 0x40, 0x01, 0x40, 0x01, 0x40, 0x01, 0x40, 0x01, 0x40, 0x01, 0x40, 0x01, 0x40, 0x01, 0x40, 0x01, 0x40, 0x01, 0x40, 0x01, 0x40, 0x01, 0x40, 0x01, 0x40, 0x01, 0x40, 0x01, 0x40, 0x01, 0x40, 0x01, 0x40, 
  0x01, 0x40, 0x01, 0x40, 0x01, 0x40, 0x01, 0x40, 0x01, 0x40, 0x01, 0x40, 0x01, 0x40, 0x01, 0x40, 0x01, 0x40, 0x01, 0x40, 0x01, 0x40, 0x01, 0x40, 0x01, 0x40, 0x01, 0x40, 0x01, 0x40, 0x01, 0x40, 0x01, 0x40, 0x01, 0x40, 
  0x01, 0x40, 0x01, 0x40, 0x01, 0x40, 0x01, 0x40, 0x01, 0x40, 0x01, 0x40, 0x01, 0x40, 0x01, 0x40, 0x01, 0x40, 0x01, 0x40, 0x01, 0x40, 0x01, 0x40, 0x01, 0x40, 0x01, 0x40, 0x01, 0x40, 0x01, 0x40, 0x01, 0x40, 0x01, 0x40, 
  0x01, 0x40, 0x01, 0x40, 0x01, 0x40, 0x01, 0x40, 0x01, 0x40, 0x01, 0x40, 0x01, 0x40, 0x01, 0x40, 0x01, 0x40, 0x01, 0x40, 0x01, 0x40, 0x01, 0x40, 0x01, 0x40, 0x01, 0x40, 0x01, 0x40, 0x01, 0x40, 0x01, 0x40, 0x01, 0x40, 
  0x01, 0x40, 0x01, 0x40, 0x01, 0x40, 0x01, 0x40, 0x01, 0x40, 0x01, 0x40, 0x01, 0x40, 0x01, 0x40, 0x01, 0x40, 0x01, 0x40, 0x01, 0x40, 0x01, 0x40, 0x01, 0x40, 0x01, 0x40, 0x01, 0x40, 0x01, 0x40, 0x01, 0x40, 0x01, 0x40, 
  0x01, 0x40, 0x01, 0x40, 0x01, 0x40, 0x01, 0x40, 0x01, 0x40, 0x01, 0x40, 0x01, 0x40, 0x01, 0x40, 0x01, 0x40, 0x01, 0x40, 0x01, 0x40, 0x01, 0x40, 0x01, 0x40, 0x01, 0x40, 0x01, 0x40, 0x01, 0x40, 0x01, 0x40, 0x01, 0x40, 
  0x01, 0x40, 0x01, 0x40, 0x01, 0x40, 0x01, 0x40, 0x01, 0x40, 0x01, 0x40, 0x01, 0x40, 0x01, 0x40, 0x01, 0x40, 0x01, 0x40, 0x01, 0x40, 0x01, 0x40, 0x01, 0x40, 0x01, 0x40, 0x01, 0x40, 0x01, 0x40, 0x01, 0x40, 0x01, 0x40, 
  0x01, 0x40, 0x01, 0x40, 0x01, 0x40, 0x01, 0x40, 0x01, 0x40, 0x01, 0x40, 0x01, 0x40, 0x01, 0x40, 0x01, 0x40, 0x01, 0x40, 0x01, 0x40, 0x01, 0x40, 0x01, 0x40, 0x01, 0x40, 0x01, 0x40, 0x01, 0x40, 0x01, 0x40, 0x01, 0x40, 
  0x01, 0x40, 0x01, 0x40, 0x01, 0x40, 0x01, 0x40, 0x01, 0x40, 0x01, 0x40, 0x01, 0x40, 0x01, 0x40, 0x01, 0x40, 0x01, 0x40, 0x01, 0x40, 0x01, 0x40, 0x01, 0x40, 0x01, 0x40, 0x01, 0x40, 0x01, 0x40, 0x01, 0x40, 0x01, 0x40, 
  0x01, 0x40, 0x01, 0x40, 0x01, 0x40, 0x01, 0x40, 0x01, 0x40, 0x01, 0x40, 0x01, 0x40, 0x01, 0x40, 0x01, 0x40, 0x01, 0x40, 0x01, 0x40, 0x01, 0x40, 0x01, 0x40, 0x01, 0x40, 0x01, 0x40, 0x01, 0x40, 0x01, 0x40, 0x01, 0x40, 
  0x01, 0x40, 0x01, 0x40, 0x01, 0x40, 0x01, 0x40, 0x01, 0x40, 0x01, 0x40, 0x01, 0x40, 0x01, 0x40, 0x01, 0x40, 0x01, 0x40, 0x01, 0x40, 0x01, 0x40, 0x01, 0x40, 0x01, 0x40, 0x01, 0x40, 0x01, 0x40, 0x01, 0x40, 0x01, 0x40, 
  0x01, 0x40, 0x01, 0x40, 0x01, 0x40, 0x01, 0x40, 0x01, 0x40, 0x01, 0x40, 0x01, 0x40, 0x01, 0x40, 0x01, 0x40, 0x01, 0x40, 0x01, 0x40, 0x01, 0x40, 0x01, 0x40, 0x01, 0x40, 0x01, 0x40, 0x01, 0x40, 0x01, 0x40, 0x01, 0x40, 
  0x01, 0x40, 0x01, 0x40, 0x01, 0x40, 0x01, 0x40, 0x01, 0x40, 0x01, 0x40, 0x01, 0x40, 0x01, 0x40, 0x01, 0x40, 0x01, 0x40, 0x01, 0x40, 0x01, 0x40, 0x01, 0x40, 0x01, 0x40, 0x01, 0x40, 0x01, 0x40, 0x01, 0x40, 0x01, 0x40, 
  0x01, 0x40, 0x01, 0x40, 0x01, 0x40, 0x01, 0x40, 0x01, 0x40, 0x01, 0x40, 0x01, 0x40, 0x01, 0x40, 0x01, 0x40, 0x01, 0x40, 0x01, 0x40, 0x01, 0x40, 0x01, 0x40, 0x01, 0x40, 0x01, 0x40, 0x01, 0x40, 0x01, 0x40, 0x01, 0x40, 
  0x01, 0x40, 0x01, 0x40, 0x01, 0x40, 0x01, 0x40, 0x01, 0x40, 0x01, 0x40, 0x01, 0x40, 0x01, 0x40, 0x01, 0x40, 0x01, 0x40, 0x01, 0x40, 0x01, 0x40, 0x01, 0x40, 0x01, 0x40, 0x01, 0x40, 0x01, 0x40, 0x01, 0x40, 0x01, 0x40, 
  0x01, 0x40, 0x01, 0x40, 0x01, 0x40, 0x01, 0x40, 0x01, 0x40, 0x01, 0x40, 0x01, 0x40, 0x01, 0x40, 0x01, 0x40, 0x01, 0x40, 0x01, 0x40, 0x01, 0x40, 0x01, 0x40, 0x01, 0x40, 0x01, 0x40, 0x01, 0x40, 0x01, 0x40, 0x01, 0x40, 
  0x01, 0x40, 0x01, 0x40, 0x01, 0x40, 0x01, 0x40, 0x01, 0x40, 0x01, 0x40, 0x01, 0x40, 0x01, 0x40, 0x01, 0x40, 0x01, 0x40, 0x01, 0x40, 0x01, 0x40, 0x01, 0x40, 0x01, 0x40, 0x01, 0x40, 0x01, 0x40, 0x01, 0x40, 0x01, 0x40, 
  0x01, 0x40, 0x01, 0x40, 0x01, 0x40, 0x01, 0x40, 0x01, 0x40, 0x01, 0x40, 0x01, 0x40, 0x01, 0x40, 0x01, 0x40, 0x01, 0x40, 0x01, 0x40, 0x01, 0x40, 0x01, 0x40, 0x01, 0x40, 0x01, 0x40, 0x01, 0x40, 0x01, 0x40, 0x01, 0x40, 
  0x01, 0x40, 0x01, 0x40, 0x01, 0x40, 0x01, 0x40, 0x01, 0x40, 0x01, 0x40, 0x01, 0x40, 0x01, 0x40, 0x01, 0x40, 0x01, 0x40, 0x01, 0x40, 0x01, 0x40, 0x01, 0x40, 0x01, 0x40, 0x01, 0x40, 0x01, 0x40, 0x01, 0x40, 0x01, 0x40, 
  0x01, 0x40, 0x01, 0x40, 0x01, 0x40, 0x01, 0x40, 0x01, 0x40, 0x01, 0x40, 0x01, 0x40, 0x01, 0x40, 0x01, 0x40, 0x01, 0x40, 0x01, 0x40, 0x01, 0x40, 0x01, 0x40, 0x01, 0x40, 0x01, 0x40, 0x01, 0x40, 0x01, 0x40, 0x01, 0x40, 
  0x00, 0xe0, 0x01, 0x40, 0x01, 0x40, 0x01, 0x40, 0x01, 0x40, 0x01, 0x40, 0x01, 0x40, 0x01, 0x40, 0x01, 0x40, 0x01, 0x40, 0x01, 0x40, 0x01, 0x40, 0x01, 0x40, 0x01, 0x40, 0x01, 0x40, 0x01, 0x40, 0x01, 0x40, 0x00, 0xe0, 
  0x00, 0x40, 0x01, 0x40, 0x01, 0x40, 0x01, 0x40, 0x01, 0x40, 0x01, 0x40, 0x01, 0x40, 0x01, 0x40, 0x01, 0x40, 0x01, 0x40, 0x01, 0x40, 0x01, 0x40, 0x01, 0x40, 0x01, 0x40, 0x01, 0x40, 0x01, 0x40, 0x01, 0x40, 0x00, 0x40, 
  0x00, 0x00, 0x00, 0xa0, 0x01, 0x40, 0x01, 0x40, 0x01, 0x40, 0x01, 0x40, 0x01, 0x40, 0x01, 0x40, 0x01, 0x40, 0x01, 0x40, 0x01, 0x40, 0x01, 0x40, 0x01, 0x40, 0x01, 0x40, 0x01, 0x40, 0x01, 0x40, 0x00, 0xa0, 0x00, 0x00, 
  0x00, 0x00, 0x00, 0x00, 0x00, 0x40, 0x00, 0xe0, 0x01, 0x40, 0x01, 0x40, 0x01, 0x40, 0x01, 0x40, 0x01, 0x40, 0x01, 0x40, 0x01, 0x40, 0x01, 0x40, 0x01, 0x40, 0x01, 0x40, 0x00, 0xe0, 0x00, 0x40, 0x00, 0x00, 0x00, 0x00, 
#endif
#if LV_COLOR_DEPTH == 32
  /*Pixel format: Fix 0xFF: 8 bit, Red: 8 bit, Green: 8 bit, Blue: 8 bit*/
  0x00, 0x00, 0x00, 0xff, 0x00, 0x00, 0x00, 0xff, 0x00, 0x00, 0x09, 0xff, 0x00, 0x00, 0x1a, 0xff, 0x00, 0x00, 0x26, 0xff, 0x00, 0x00, 0x26, 0xff, 0x00, 0x00, 0x26, 0xff, 0x00, 0x00, 0x26, 0xff, 0x00, 0x00, 0x26, 0xff, 0x00, 0x00, 0x26, 0xff, 0x00, 0x00, 0x26, 0xff, 0x00, 0x00, 0x26, 0xff, 0x00, 0x00, 0x26, 0xff, 0x00, 0x00, 0x26, 0xff, 0x00, 0x00, 0x1a, 0xff, 0x00, 0x00, 0x09, 0xff, 0x00, 0x00, 0x00, 0xff, 0x00, 0x00, 0x00, 0xff, 
  0x00, 0x00, 0x00, 0xff, 0x00, 0x00, 0x13, 0xff, 0x00, 0x00, 0x26, 0xff, 0x00, 0x00, 0x26, 0xff, 0x00, 0x00, 0x26, 0xff, 0x00, 0x00, 0x26, 0xff, 0x00, 0x00, 0x26, 0xff, 0x00, 0x00, 0x26, 0xff, 0x00, 0x00, 0x26, 0xff, 0x00, 0x00, 0x26, 0xff, 0x00, 0x00, 0x26, 0xff, 0x00, 0x00, 0x26, 0xff, 0x00, 0x00, 0x26, 0xff, 0x00, 0x00, 0x26, 0xff, 0x00, 0x00, 0x26, 0xff, 0x00, 0x00, 0x26, 0xff, 0x00, 0x00, 0x13, 0xff, 0x00, 0x00, 0x00, 0xff, 
  0x00, 0x00, 0x09, 0xff, 0x00, 0x00, 0x26, 0xff, 0x00, 0x00, 0x26, 0xff, 0x00, 0x00, 0x26, 0xff, 0x00, 0x00, 0x26, 0xff, 0x00, 0x00, 0x26, 0xff, 0x00, 0x00, 0x26, 0xff, 0x00, 0x00, 0x26, 0xff, 0x00, 0x00, 0x26, 0xff, 0x00, 0x00, 0x26, 0xff, 0x00, 0x00, 0x26, 0xff, 0x00, 0x00, 0x26, 0xff, 0x00, 0x00, 0x26, 0xff, 0x00, 0x00, 0x26, 0xff, 0x00, 0x00, 0x26, 0xff, 0x00, 0x00, 0x26, 0xff, 0x00, 0x00, 0x26, 0xff, 0x00, 0x00, 0x09, 0xff, 
  0x00, 0x00, 0x1a, 0xff, 0x00, 0x00, 0x26, 0xff, 0x00, 0x00, 0x26, 0xff, 0x00, 0x00, 0x26, 0xff, 0x00, 0x00, 0x26, 0xff, 0x00, 0x00, 0x26, 0xff, 0x00, 0x00, 0x26, 0xff, 0x00, 0x00, 0x26, 0xff, 0x00, 0x00, 0x26, 0xff, 0x00, 0x00, 0x26, 0xff, 0x00, 0x00, 0x26, 0xff, 0x00, 0x00, 0x26, 0xff, 0x00, 0x00, 0x26, 0xff, 0x00, 0x00, 0x26, 0xff, 0x00, 0x00, 0x26, 0xff, 0x00, 0x00, 0x26, 0xff, 0x00, 0x00, 0x26, 0xff, 0x00, 0x00, 0x1a, 0xff, 
  0x00, 0x00, 0x26, 0xff, 0x00, 0x00, 0x26, 0xff, 0x00, 0x00, 0x26, 0xff, 0x00, 0x00, 0x26, 0xff, 0x00, 0x00, 0x26, 0xff, 0x00, 0x00, 0x26, 0xff, 0x00, 0x00, 0x26, 0xff, 0x00, 0x00, 0x26, 0xff, 0x00, 0x00, 0x26, 0xff, 0x00, 0x00, 0x26, 0xff, 0x00, 0x00, 0x26, 0xff, 0x00, 0x00, 0x26, 0xff, 0x00, 0x00, 0x26, 0xff, 0x00, 0x00, 0x26, 0xff, 0x00, 0x00, 0x26, 0xff, 0x00, 0x00, 0x26, 0xff, 0x00, 0x00, 0x26, 0xff, 0x00, 0x00, 0x26, 0xff, 
  0x00, 0x00, 0x26, 0xff, 0x00, 0x00, 0x26, 0xff, 0x00, 0x00, 0x26, 0xff, 0x00, 0x00, 0x26, 0xff, 0x00, 0x00, 0x26, 0xff, 0x00, 0x00, 0x26, 0xff, 0x00, 0x00, 0x26, 0xff, 0x00, 0x00, 0x26, 0xff, 0x00, 0x00, 0x26, 0xff, 0x00, 0x00, 0x26, 0xff, 0x00, 0x00, 0x26, 0xff, 0x00, 0x00, 0x26, 0xff, 0x00, 0x00, 0x26, 0xff, 0x00, 0x00, 0x26, 0xff, 0x00, 0x00, 0x26, 0xff, 0x00, 0x00, 0x26, 0xff, 0x00, 0x00, 0x26, 0xff, 0x00, 0x00, 0x26, 0xff, 
  0x00, 0x00, 0x26, 0xff, 0x00, 0x00, 0x26, 0xff, 0x00, 0x00, 0x26, 0xff, 0x00, 0x00, 0x26, 0xff, 0x00, 0x00, 0x26, 0xff, 0x00, 0x00, 0x26, 0xff, 0x00, 0x00, 0x26, 0xff, 0x00, 0x00, 0x26, 0xff, 0x00, 0x00, 0x26, 0xff, 0x00, 0x00, 0x26, 0xff, 0x00, 0x00, 0x26, 0xff, 0x00, 0x00, 0x26, 0xff, 0x00, 0x00, 0x26, 0xff, 0x00, 0x00, 0x26, 0xff, 0x00, 0x00, 0x26, 0xff, 0x00, 0x00, 0x26, 0xff, 0x00, 0x00, 0x26, 0xff, 0x00, 0x00, 0x26, 0xff, 
  0x00, 0x00, 0x26, 0xff, 0x00, 0x00, 0x26, 0xff, 0x00, 0x00, 0x26, 0xff, 0x00, 0x00, 0x26, 0xff, 0x00, 0x00, 0x26, 0xff, 0x00, 0x00, 0x26, 0xff, 0x00, 0x00, 0x26, 0xff, 0x00, 0x00, 0x26, 0xff, 0x00, 0x00, 0x26, 0xff, 0x00, 0x00, 0x26, 0xff, 0x00, 0x00, 0x26, 0xff, 0x00, 0x00, 0x26, 0xff, 0x00, 0x00, 0x26, 0xff, 0x00, 0x00, 0x26, 0xff, 0x00, 0x00, 0x26, 0xff, 0x00, 0x00, 0x26, 0xff, 0x00, 0x00, 0x26, 0xff, 0x00, 0x00, 0x26, 0xff, 
  0x00, 0x00, 0x26, 0xff, 0x00, 0x00, 0x26, 0xff, 0x00, 0x00, 0x26, 0xff, 0x00, 0x00, 0x26, 0xff, 0x00, 0x00, 0x26, 0xff, 0x00, 0x00, 0x26, 0xff, 0x00, 0x00, 0x26, 0xff, 0x00, 0x00, 0x26, 0xff, 0x00, 0x00, 0x26, 0xff, 0x00, 0x00, 0x26, 0xff, 0x00, 0x00, 0x26, 0xff, 0x00, 0x00, 0x26, 0xff, 0x00, 0x00, 0x26, 0xff, 0x00, 0x00, 0x26, 0xff, 0x00, 0x00, 0x26, 0xff, 0x00, 0x00, 0x26, 0xff, 0x00, 0x00, 0x26, 0xff, 0x00, 0x00, 0x26, 0xff, 
  0x00, 0x00, 0x26, 0xff, 0x00, 0x00, 0x26, 0xff, 0x00, 0x00, 0x26, 0xff, 0x00, 0x00, 0x26, 0xff, 0x00, 0x00, 0x26, 0xff, 0x00, 0x00, 0x26, 0xff, 0x00, 0x00, 0x26, 0xff, 0x00, 0x00, 0x26, 0xff, 0x00, 0x00, 0x26, 0xff, 0x00, 0x00, 0x26, 0xff, 0x00, 0x00, 0x26, 0xff, 0x00, 0x00, 0x26, 0xff, 0x00, 0x00, 0x26, 0xff, 0x00, 0x00, 0x26, 0xff, 0x00, 0x00, 0x26, 0xff, 0x00, 0x00, 0x26, 0xff, 0x00, 0x00, 0x26, 0xff, 0x00, 0x00, 0x26, 0xff, 
  0x00, 0x00, 0x26, 0xff, 0x00, 0x00, 0x26, 0xff, 0x00, 0x00, 0x26, 0xff, 0x00, 0x00, 0x26, 0xff, 0x00, 0x00, 0x26, 0xff, 0x00, 0x00, 0x26, 0xff, 0x00, 0x00, 0x26, 0xff, 0x00, 0x00, 0x26, 0xff, 0x00, 0x00, 0x26, 0xff, 0x00, 0x00, 0x26, 0xff, 0x00, 0x00, 0x26, 0xff, 0x00, 0x00, 0x26, 0xff, 0x00, 0x00, 0x26, 0xff, 0x00, 0x00, 0x26, 0xff, 0x00, 0x00, 0x26, 0xff, 0x00, 0x00, 0x26, 0xff, 0x00, 0x00, 0x26, 0xff, 0x00, 0x00, 0x26, 0xff, 
  0x00, 0x00, 0x26, 0xff, 0x00, 0x00, 0x26, 0xff, 0x00, 0x00, 0x26, 0xff, 0x00, 0x00, 0x26, 0xff, 0x00, 0x00, 0x26, 0xff, 0x00, 0x00, 0x26, 0xff, 0x00, 0x00, 0x26, 0xff, 0x00, 0x00, 0x26, 0xff, 0x00, 0x00, 0x26, 0xff, 0x00, 0x00, 0x26, 0xff, 0x00, 0x00, 0x26, 0xff, 0x00, 0x00, 0x26, 0xff, 0x00, 0x00, 0x26, 0xff, 0x00, 0x00, 0x26, 0xff, 0x00, 0x00, 0x26, 0xff, 0x00, 0x00, 0x26, 0xff, 0x00, 0x00, 0x26, 0xff, 0x00, 0x00, 0x26, 0xff, 
  0x00, 0x00, 0x26, 0xff, 0x00, 0x00, 0x26, 0xff, 0x00, 0x00, 0x26, 0xff, 0x00, 0x00, 0x26, 0xff, 0x00, 0x00, 0x26, 0xff, 0x00, 0x00, 0x26, 0xff, 0x00, 0x00, 0x26, 0xff, 0x00, 0x00, 0x26, 0xff, 0x00, 0x00, 0x26, 0xff, 0x00, 0x00, 0x26, 0xff, 0x00, 0x00, 0x26, 0xff, 0x00, 0x00, 0x26, 0xff, 0x00, 0x00, 0x26, 0xff, 0x00, 0x00, 0x26, 0xff, 0x00, 0x00, 0x26, 0xff, 0x00, 0x00, 0x26, 0xff, 0x00, 0x00, 0x26, 0xff, 0x00, 0x00, 0x26, 0xff, 
  0x00, 0x00, 0x26, 0xff, 0x00, 0x00, 0x26, 0xff, 0x00, 0x00, 0x26, 0xff, 0x00, 0x00, 0x26, 0xff, 0x00, 0x00, 0x26, 0xff, 0x00, 0x00, 0x26, 0xff, 0x00, 0x00, 0x26, 0xff, 0x00, 0x00, 0x26, 0xff, 0x00, 0x00, 0x26, 0xff, 0x00, 0x00, 0x26, 0xff, 0x00, 0x00, 0x26, 0xff, 0x00, 0x00, 0x26, 0xff, 0x00, 0x00, 0x26, 0xff, 0x00, 0x00, 0x26, 0xff, 0x00, 0x00, 0x26, 0xff, 0x00, 0x00, 0x26, 0xff, 0x00, 0x00, 0x26, 0xff, 0x00, 0x00, 0x26, 0xff, 
  0x00, 0x00, 0x26, 0xff, 0x00, 0x00, 0x26, 0xff, 0x00, 0x00, 0x26, 0xff, 0x00, 0x00, 0x26, 0xff, 0x00, 0x00, 0x26, 0xff, 0x00, 0x00, 0x26, 0xff, 0x00, 0x00, 0x26, 0xff, 0x00, 0x00, 0x26, 0xff, 0x00, 0x00, 0x26, 0xff, 0x00, 0x00, 0x26, 0xff, 0x00, 0x00, 0x26, 0xff, 0x00, 0x00, 0x26, 0xff, 0x00, 0x00, 0x26, 0xff, 0x00, 0x00, 0x26, 0xff, 0x00, 0x00, 0x26, 0xff, 0x00, 0x00, 0x26, 0xff, 0x00, 0x00, 0x26, 0xff, 0x00, 0x00, 0x26, 0xff, 
  0x00, 0x00, 0x26, 0xff, 0x00, 0x00, 0x26, 0xff, 0x00, 0x00, 0x26, 0xff, 0x00, 0x00, 0x26, 0xff, 0x00, 0x00, 0x26, 0xff, 0x00, 0x00, 0x26, 0xff, 0x00, 0x00, 0x26, 0xff, 0x00, 0x00, 0x26, 0xff, 0x00, 0x00, 0x26, 0xff, 0x00, 0x00, 0x26, 0xff, 0x00, 0x00, 0x26, 0xff, 0x00, 0x00, 0x26, 0xff, 0x00, 0x00, 0x26, 0xff, 0x00, 0x00, 0x26, 0xff, 0x00, 0x00, 0x26, 0xff, 0x00, 0x00, 0x26, 0xff, 0x00, 0x00, 0x26, 0xff, 0x00, 0x00, 0x26, 0xff, 
  0x00, 0x00, 0x26, 0xff, 0x00, 0x00, 0x26, 0xff, 0x00, 0x00, 0x26, 0xff, 0x00, 0x00, 0x26, 0xff, 0x00, 0x00, 0x26, 0xff, 0x00, 0x00, 0x26, 0xff, 0x00, 0x00, 0x26, 0xff, 0x00, 0x00, 0x26, 0xff, 0x00, 0x00, 0x26, 0xff, 0x00, 0x00, 0x26, 0xff, 0x00, 0x00, 0x26, 0xff, 0x00, 0x00, 0x26, 0xff, 0x00, 0x00, 0x26, 0xff, 0x00, 0x00, 0x26, 0xff, 0x00, 0x00, 0x26, 0xff, 0x00, 0x00, 0x26, 0xff, 0x00, 0x00, 0x26, 0xff, 0x00, 0x00, 0x26, 0xff, 
  0x00, 0x00, 0x26, 0xff, 0x00, 0x00, 0x26, 0xff, 0x00, 0x00, 0x26, 0xff, 0x00, 0x00, 0x26, 0xff, 0x00, 0x00, 0x26, 0xff, 0x00, 0x00, 0x26, 0xff, 0x00, 0x00, 0x26, 0xff, 0x00, 0x00, 0x26, 0xff, 0x00, 0x00, 0x26, 0xff, 0x00, 0x00, 0x26, 0xff, 0x00, 0x00, 0x26, 0xff, 0x00, 0x00, 0x26, 0xff, 0x00, 0x00, 0x26, 0xff, 0x00, 0x00, 0x26, 0xff, 0x00, 0x00, 0x26, 0xff, 0x00, 0x00, 0x26, 0xff, 0x00, 0x00, 0x26, 0xff, 0x00, 0x00, 0x26, 0xff, 
  0x00, 0x00, 0x26, 0xff, 0x00, 0x00, 0x26, 0xff, 0x00, 0x00, 0x26, 0xff, 0x00, 0x00, 0x26, 0xff, 0x00, 0x00, 0x26, 0xff, 0x00, 0x00, 0x26, 0xff, 0x00, 0x00, 0x26, 0xff, 0x00, 0x00, 0x26, 0xff, 0x00, 0x00, 0x26, 0xff, 0x00, 0x00, 0x26, 0xff, 0x00, 0x00, 0x26, 0xff, 0x00, 0x00, 0x26, 0xff, 0x00, 0x00, 0x26, 0xff, 0x00, 0x00, 0x26, 0xff, 0x00, 0x00, 0x26, 0xff, 0x00, 0x00, 0x26, 0xff, 0x00, 0x00, 0x26, 0xff, 0x00, 0x00, 0x26, 0xff, 
  0x00, 0x00, 0x26, 0xff, 0x00, 0x00, 0x26, 0xff, 0x00, 0x00, 0x26, 0xff, 0x00, 0x00, 0x26, 0xff, 0x00, 0x00, 0x26, 0xff, 0x00, 0x00, 0x26, 0xff, 0x00, 0x00, 0x26, 0xff, 0x00, 0x00, 0x26, 0xff, 0x00, 0x00, 0x26, 0xff, 0x00, 0x00, 0x26, 0xff, 0x00, 0x00, 0x26, 0xff, 0x00, 0x00, 0x26, 0xff, 0x00, 0x00, 0x26, 0xff, 0x00, 0x00, 0x26, 0xff, 0x00, 0x00, 0x26, 0xff, 0x00, 0x00, 0x26, 0xff, 0x00, 0x00, 0x26, 0xff, 0x00, 0x00, 0x26, 0xff, 
  0x00, 0x00, 0x26, 0xff, 0x00, 0x00, 0x26, 0xff, 0x00, 0x00, 0x26, 0xff, 0x00, 0x00, 0x26, 0xff, 0x00, 0x00, 0x26, 0xff, 0x00, 0x00, 0x26, 0xff, 0x00, 0x00, 0x26, 0xff, 0x00, 0x00, 0x26, 0xff, 0x00, 0x00, 0x26, 0xff, 0x00, 0x00, 0x26, 0xff, 0x00, 0x00, 0x26, 0xff, 0x00, 0x00, 0x26, 0xff, 0x00, 0x00, 0x26, 0xff, 0x00, 0x00, 0x26, 0xff, 0x00, 0x00, 0x26, 0xff, 0x00, 0x00, 0x26, 0xff, 0x00, 0x00, 0x26, 0xff, 0x00, 0x00, 0x26, 0xff, 
  0x00, 0x00, 0x26, 0xff, 0x00, 0x00, 0x26, 0xff, 0x00, 0x00, 0x26, 0xff, 0x00, 0x00, 0x26, 0xff, 0x00, 0x00, 0x26, 0xff, 0x00, 0x00, 0x26, 0xff, 0x00, 0x00, 0x26, 0xff, 0x00, 0x00, 0x26, 0xff, 0x00, 0x00, 0x26, 0xff, 0x00, 0x00, 0x26, 0xff, 0x00, 0x00, 0x26, 0xff, 0x00, 0x00, 0x26, 0xff, 0x00, 0x00, 0x26, 0xff, 0x00, 0x00, 0x26, 0xff, 0x00, 0x00, 0x26, 0xff, 0x00, 0x00, 0x26, 0xff, 0x00, 0x00, 0x26, 0xff, 0x00, 0x00, 0x26, 0xff, 
  0x00, 0x00, 0x26, 0xff, 0x00, 0x00, 0x26, 0xff, 0x00, 0x00, 0x26, 0xff, 0x00, 0x00, 0x26, 0xff, 0x00, 0x00, 0x26, 0xff, 0x00, 0x00, 0x26, 0xff, 0x00, 0x00, 0x26, 0xff, 0x00, 0x00, 0x26, 0xff, 0x00, 0x00, 0x26, 0xff, 0x00, 0x00, 0x26, 0xff, 0x00, 0x00, 0x26, 0xff, 0x00, 0x00, 0x26, 0xff, 0x00, 0x00, 0x26, 0xff, 0x00, 0x00, 0x26, 0xff, 0x00, 0x00, 0x26, 0xff, 0x00, 0x00, 0x26, 0xff, 0x00, 0x00, 0x26, 0xff, 0x00, 0x00, 0x26, 0xff, 
  0x00, 0x00, 0x26, 0xff, 0x00, 0x00, 0x26, 0xff, 0x00, 0x00, 0x26, 0xff, 0x00, 0x00, 0x26, 0xff, 0x00, 0x00, 0x26, 0xff, 0x00, 0x00, 0x26, 0xff, 0x00, 0x00, 0x26, 0xff, 0x00, 0x00, 0x26, 0xff, 0x00, 0x00, 0x26, 0xff, 0x00, 0x00, 0x26, 0xff, 0x00, 0x00, 0x26, 0xff, 0x00, 0x00, 0x26, 0xff, 0x00, 0x00, 0x26, 0xff, 0x00, 0x00, 0x26, 0xff, 0x00, 0x00, 0x26, 0xff, 0x00, 0x00, 0x26, 0xff, 0x00, 0x00, 0x26, 0xff, 0x00, 0x00, 0x26, 0xff, 
  0x00, 0x00, 0x26, 0xff, 0x00, 0x00, 0x26, 0xff, 0x00, 0x00, 0x26, 0xff, 0x00, 0x00, 0x26, 0xff, 0x00, 0x00, 0x26, 0xff, 0x00, 0x00, 0x26, 0xff, 0x00, 0x00, 0x26, 0xff, 0x00, 0x00, 0x26, 0xff, 0x00, 0x00, 0x26, 0xff, 0x00, 0x00, 0x26, 0xff, 0x00, 0x00, 0x26, 0xff, 0x00, 0x00, 0x26, 0xff, 0x00, 0x00, 0x26, 0xff, 0x00, 0x00, 0x26, 0xff, 0x00, 0x00, 0x26, 0xff, 0x00, 0x00, 0x26, 0xff, 0x00, 0x00, 0x26, 0xff, 0x00, 0x00, 0x26, 0xff, 
  0x00, 0x00, 0x26, 0xff, 0x00, 0x00, 0x26, 0xff, 0x00, 0x00, 0x26, 0xff, 0x00, 0x00, 0x26, 0xff, 0x00, 0x00, 0x26, 0xff, 0x00, 0x00, 0x26, 0xff, 0x00, 0x00, 0x26, 0xff, 0x00, 0x00, 0x26, 0xff, 0x00, 0x00, 0x26, 0xff, 0x00, 0x00, 0x26, 0xff, 0x00, 0x00, 0x26, 0xff, 0x00, 0x00, 0x26, 0xff, 0x00, 0x00, 0x26, 0xff, 0x00, 0x00, 0x26, 0xff, 0x00, 0x00, 0x26, 0xff, 0x00, 0x00, 0x26, 0xff, 0x00, 0x00, 0x26, 0xff, 0x00, 0x00, 0x26, 0xff, 
  0x00, 0x00, 0x26, 0xff, 0x00, 0x00, 0x26, 0xff, 0x00, 0x00, 0x26, 0xff, 0x00, 0x00, 0x26, 0xff, 0x00, 0x00, 0x26, 0xff, 0x00, 0x00, 0x26, 0xff, 0x00, 0x00, 0x26, 0xff, 0x00, 0x00, 0x26, 0xff, 0x00, 0x00, 0x26, 0xff, 0x00, 0x00, 0x26, 0xff, 0x00, 0x00, 0x26, 0xff, 0x00, 0x00, 0x26, 0xff, 0x00, 0x00, 0x26, 0xff, 0x00, 0x00, 0x26, 0xff, 0x00, 0x00, 0x26, 0xff, 0x00, 0x00, 0x26, 0xff, 0x00, 0x00, 0x26, 0xff, 0x00, 0x00, 0x26, 0xff, 
  0x00, 0x00, 0x26, 0xff, 0x00, 0x00, 0x26, 0xff, 0x00, 0x00, 0x26, 0xff, 0x00, 0x00, 0x26, 0xff, 0x00, 0x00, 0x26, 0xff, 0x00, 0x00, 0x26, 0xff, 0x00, 0x00, 0x26, 0xff, 0x00, 0x00, 0x26, 0xff, 0x00, 0x00, 0x26, 0xff, 0x00, 0x00, 0x26, 0xff, 0x00, 0x00, 0x26, 0xff, 0x00, 0x00, 0x26, 0xff, 0x00, 0x00, 0x26, 0xff, 0x00, 0x00, 0x26, 0xff, 0x00, 0x00, 0x26, 0xff, 0x00, 0x00, 0x26, 0xff, 0x00, 0x00, 0x26, 0xff, 0x00, 0x00, 0x26, 0xff, 
  0x00, 0x00, 0x26, 0xff, 0x00, 0x00, 0x26, 0xff, 0x00, 0x00, 0x26, 0xff, 0x00, 0x00, 0x26, 0xff, 0x00, 0x00, 0x26, 0xff, 0x00, 0x00, 0x26, 0xff, 0x00, 0x00, 0x26, 0xff, 0x00, 0x00, 0x26, 0xff, 0x00, 0x00, 0x26, 0xff, 0x00, 0x00, 0x26, 0xff, 0x00, 0x00, 0x26, 0xff, 0x00, 0x00, 0x26, 0xff, 0x00, 0x00, 0x26, 0xff, 0x00, 0x00, 0x26, 0xff, 0x00, 0x00, 0x26, 0xff, 0x00, 0x00, 0x26, 0xff, 0x00, 0x00, 0x26, 0xff, 0x00, 0x00, 0x26, 0xff, 
  0x00, 0x01, 0x26, 0xff, 0x00, 0x01, 0x26, 0xff, 0x00, 0x01, 0x26, 0xff, 0x00, 0x01, 0x26, 0xff, 0x00, 0x01, 0x26, 0xff, 0x00, 0x01, 0x26, 0xff, 0x00, 0x01, 0x26, 0xff, 0x00, 0x01, 0x26, 0xff, 0x00, 0x01, 0x26, 0xff, 0x00, 0x01, 0x26, 0xff, 0x00, 0x01, 0x26, 0xff, 0x00, 0x01, 0x26, 0xff, 0x00, 0x01, 0x26, 0xff, 0x00, 0x01, 0x26, 0xff, 0x00, 0x01, 0x26, 0xff, 0x00, 0x01, 0x26, 0xff, 0x00, 0x01, 0x26, 0xff, 0x00, 0x01, 0x26, 0xff, 
  0x00, 0x02, 0x26, 0xff, 0x00, 0x02, 0x26, 0xff, 0x00, 0x02, 0x26, 0xff, 0x00, 0x02, 0x26, 0xff, 0x00, 0x02, 0x26, 0xff, 0x00, 0x02, 0x26, 0xff, 0x00, 0x02, 0x26, 0xff, 0x00, 0x02, 0x26, 0xff, 0x00, 0x02, 0x26, 0xff, 0x00, 0x02, 0x26, 0xff, 0x00, 0x02, 0x26, 0xff, 0x00, 0x02, 0x26, 0xff, 0x00, 0x02, 0x26, 0xff, 0x00, 0x02, 0x26, 0xff, 0x00, 0x02, 0x26, 0xff, 0x00, 0x02, 0x26, 0xff, 0x00, 0x02, 0x26, 0xff, 0x00, 0x02, 0x26, 0xff, 
  0x00, 0x04, 0x26, 0xff, 0x00, 0x04, 0x26, 0xff, 0x00, 0x04, 0x26, 0xff, 0x00, 0x04, 0x26, 0xff, 0x00, 0x04, 0x26, 0xff, 0x00, 0x04, 0x26, 0xff, 0x00, 0x04, 0x26, 0xff, 0x00, 0x04, 0x26, 0xff, 0x00, 0x04, 0x26, 0xff, 0x00, 0x04, 0x26, 0xff, 0x00, 0x04, 0x26, 0xff, 0x00, 0x04, 0x26, 0xff, 0x00, 0x04, 0x26, 0xff, 0x00, 0x04, 0x26, 0xff, 0x00, 0x04, 0x26, 0xff, 0x00, 0x04, 0x26, 0xff, 0x00, 0x04, 0x26, 0xff, 0x00, 0x04, 0x26, 0xff, 
  0x00, 0x05, 0x26, 0xff, 0x00, 0x05, 0x26, 0xff, 0x00, 0x05, 0x26, 0xff, 0x00, 0x05, 0x26, 0xff, 0x00, 0x05, 0x26, 0xff, 0x00, 0x05, 0x26, 0xff, 0x00, 0x05, 0x26, 0xff, 0x00, 0x05, 0x26, 0xff, 0x00, 0x05, 0x26, 0xff, 0x00, 0x05, 0x26, 0xff, 0x00, 0x05, 0x26, 0xff, 0x00, 0x05, 0x26, 0xff, 0x00, 0x05, 0x26, 0xff, 0x00, 0x05, 0x26, 0xff, 0x00, 0x05, 0x26, 0xff, 0x00, 0x05, 0x26, 0xff, 0x00, 0x05, 0x26, 0xff, 0x00, 0x05, 0x26, 0xff, 
  0x00, 0x07, 0x26, 0xff, 0x00, 0x07, 0x26, 0xff, 0x00, 0x07, 0x26, 0xff, 0x00, 0x07, 0x26, 0xff, 0x00, 0x07, 0x26, 0xff, 0x00, 0x07, 0x26, 0xff, 0x00, 0x07, 0x26, 0xff, 0x00, 0x07, 0x26, 0xff, 0x00, 0x07, 0x26, 0xff, 0x00, 0x07, 0x26, 0xff, 0x00, 0x07, 0x26, 0xff, 0x00, 0x07, 0x26, 0xff, 0x00, 0x07, 0x26, 0xff, 0x00, 0x07, 0x26, 0xff, 0x00, 0x07, 0x26, 0xff, 0x00, 0x07, 0x26, 0xff, 0x00, 0x07, 0x26, 0xff, 0x00, 0x07, 0x26, 0xff, 
  0x00, 0x08, 0x26, 0xff, 0x00, 0x08, 0x26, 0xff, 0x00, 0x08, 0x26, 0xff, 0x00, 0x08, 0x26, 0xff, 0x00, 0x08, 0x26, 0xff, 0x00, 0x08, 0x26, 0xff, 0x00, 0x08, 0x26, 0xff, 0x00, 0x08, 0x26, 0xff, 0x00, 0x08, 0x26, 0xff, 0x00, 0x08, 0x26, 0xff, 0x00, 0x08, 0x26, 0xff, 0x00, 0x08, 0x26, 0xff, 0x00, 0x08, 0x26, 0xff, 0x00, 0x08, 0x26, 0xff, 0x00, 0x08, 0x26, 0xff, 0x00, 0x08, 0x26, 0xff, 0x00, 0x08, 0x26, 0xff, 0x00, 0x08, 0x26, 0xff, 
  0x00, 0x0a, 0x26, 0xff, 0x00, 0x0a, 0x26, 0xff, 0x00, 0x0a, 0x26, 0xff, 0x00, 0x0a, 0x26, 0xff, 0x00, 0x0a, 0x26, 0xff, 0x00, 0x0a, 0x26, 0xff, 0x00, 0x0a, 0x26, 0xff, 0x00, 0x0a, 0x26, 0xff, 0x00, 0x0a, 0x26, 0xff, 0x00, 0x0a, 0x26, 0xff, 0x00, 0x0a, 0x26, 0xff, 0x00, 0x0a, 0x26, 0xff, 0x00, 0x0a, 0x26, 0xff, 0x00, 0x0a, 0x26, 0xff, 0x00, 0x0a, 0x26, 0xff, 0x00, 0x0a, 0x26, 0xff, 0x00, 0x0a, 0x26, 0xff, 0x00, 0x0a, 0x26, 0xff, 
  0x00, 0x0b, 0x26, 0xff, 0x00, 0x0b, 0x26, 0xff, 0x00, 0x0b, 0x26, 0xff, 0x00, 0x0b, 0x26, 0xff, 0x00, 0x0b, 0x26, 0xff, 0x00, 0x0b, 0x26, 0xff, 0x00, 0x0b, 0x26, 0xff, 0x00, 0x0b, 0x26, 0xff, 0x00, 0x0b, 0x26, 0xff, 0x00, 0x0b, 0x26, 0xff, 0x00, 0x0b, 0x26, 0xff, 0x00, 0x0b, 0x26, 0xff, 0x00, 0x0b, 0x26, 0xff, 0x00, 0x0b, 0x26, 0xff, 0x00, 0x0b, 0x26, 0xff, 0x00, 0x0b, 0x26, 0xff, 0x00, 0x0b, 0x26, 0xff, 0x00, 0x0b, 0x26, 0xff, 
  0x00, 0x0d, 0x26, 0xff, 0x00, 0x0d, 0x26, 0xff, 0x00, 0x0d, 0x26, 0xff, 0x00, 0x0d, 0x26, 0xff, 0x00, 0x0d, 0x26, 0xff, 0x00, 0x0d, 0x26, 0xff, 0x00, 0x0d, 0x26, 0xff, 0x00, 0x0d, 0x26, 0xff, 0x00, 0x0d, 0x26, 0xff, 0x00, 0x0d, 0x26, 0xff, 0x00, 0x0d, 0x26, 0xff, 0x00, 0x0d, 0x26, 0xff, 0x00, 0x0d, 0x26, 0xff, 0x00, 0x0d, 0x26, 0xff, 0x00, 0x0d, 0x26, 0xff, 0x00, 0x0d, 0x26, 0xff, 0x00, 0x0d, 0x26, 0xff, 0x00, 0x0d, 0x26, 0xff, 
  0x00, 0x0e, 0x26, 0xff, 0x00, 0x0e, 0x26, 0xff, 0x00, 0x0e, 0x26, 0xff, 0x00, 0x0e, 0x26, 0xff, 0x00, 0x0e, 0x26, 0xff, 0x00, 0x0e, 0x26, 0xff, 0x00, 0x0e, 0x26, 0xff, 0x00, 0x0e, 0x26, 0xff, 0x00, 0x0e, 0x26, 0xff, 0x00, 0x0e, 0x26, 0xff, 0x00, 0x0e, 0x26, 0xff, 0x00, 0x0e, 0x26, 0xff, 0x00, 0x0e, 0x26, 0xff, 0x00, 0x0e, 0x26, 0xff, 0x00, 0x0e, 0x26, 0xff, 0x00, 0x0e, 0x26, 0xff, 0x00, 0x0e, 0x26, 0xff, 0x00, 0x0e, 0x26, 0xff, 
  0x00, 0x10, 0x26, 0xff, 0x00, 0x10, 0x26, 0xff, 0x00, 0x10, 0x26, 0xff, 0x00, 0x10, 0x26, 0xff, 0x00, 0x10, 0x26, 0xff, 0x00, 0x10, 0x26, 0xff, 0x00, 0x10, 0x26, 0xff, 0x00, 0x10, 0x26, 0xff, 0x00, 0x10, 0x26, 0xff, 0x00, 0x10, 0x26, 0xff, 0x00, 0x10, 0x26, 0xff, 0x00, 0x10, 0x26, 0xff, 0x00, 0x10, 0x26, 0xff, 0x00, 0x10, 0x26, 0xff, 0x00, 0x10, 0x26, 0xff, 0x00, 0x10, 0x26, 0xff, 0x00, 0x10, 0x26, 0xff, 0x00, 0x10, 0x26, 0xff, 
  0x00, 0x11, 0x26, 0xff, 0x00, 0x11, 0x26, 0xff, 0x00, 0x11, 0x26, 0xff, 0x00, 0x11, 0x26, 0xff, 0x00, 0x11, 0x26, 0xff, 0x00, 0x11, 0x26, 0xff, 0x00, 0x11, 0x26, 0xff, 0x00, 0x11, 0x26, 0xff, 0x00, 0x11, 0x26, 0xff, 0x00, 0x11, 0x26, 0xff, 0x00, 0x11, 0x26, 0xff, 0x00, 0x11, 0x26, 0xff, 0x00, 0x11, 0x26, 0xff, 0x00, 0x11, 0x26, 0xff, 0x00, 0x11, 0x26, 0xff, 0x00, 0x11, 0x26, 0xff, 0x00, 0x11, 0x26, 0xff, 0x00, 0x11, 0x26, 0xff, 
  0x00, 0x13, 0x26, 0xff, 0x00, 0x13, 0x26, 0xff, 0x00, 0x13, 0x26, 0xff, 0x00, 0x13, 0x26, 0xff, 0x00, 0x13, 0x26, 0xff, 0x00, 0x13, 0x26, 0xff, 0x00, 0x13, 0x26, 0xff, 0x00, 0x13, 0x26, 0xff, 0x00, 0x13, 0x26, 0xff, 0x00, 0x13, 0x26, 0xff, 0x00, 0x13, 0x26, 0xff, 0x00, 0x13, 0x26, 0xff, 0x00, 0x13, 0x26, 0xff, 0x00, 0x13, 0x26, 0xff, 0x00, 0x13, 0x26, 0xff, 0x00, 0x13, 0x26, 0xff, 0x00, 0x13, 0x26, 0xff, 0x00, 0x13, 0x26, 0xff, 
  0x00, 0x14, 0x26, 0xff, 0x00, 0x14, 0x26, 0xff, 0x00, 0x14, 0x26, 0xff, 0x00, 0x14, 0x26, 0xff, 0x00, 0x14, 0x26, 0xff, 0x00, 0x14, 0x26, 0xff, 0x00, 0x14, 0x26, 0xff, 0x00, 0x14, 0x26, 0xff, 0x00, 0x14, 0x26, 0xff, 0x00, 0x14, 0x26, 0xff, 0x00, 0x14, 0x26, 0xff, 0x00, 0x14, 0x26, 0xff, 0x00, 0x14, 0x26, 0xff, 0x00, 0x14, 0x26, 0xff, 0x00, 0x14, 0x26, 0xff, 0x00, 0x14, 0x26, 0xff, 0x00, 0x14, 0x26, 0xff, 0x00, 0x14, 0x26, 0xff, 
  0x00, 0x16, 0x26, 0xff, 0x00, 0x16, 0x26, 0xff, 0x00, 0x16, 0x26, 0xff, 0x00, 0x16, 0x26, 0xff, 0x00, 0x16, 0x26, 0xff, 0x00, 0x16, 0x26, 0xff, 0x00, 0x16, 0x26, 0xff, 0x00, 0x16, 0x26, 0xff, 0x00, 0x16, 0x26, 0xff, 0x00, 0x16, 0x26, 0xff, 0x00, 0x16, 0x26, 0xff, 0x00, 0x16, 0x26, 0xff, 0x00, 0x16, 0x26, 0xff, 0x00, 0x16, 0x26, 0xff, 0x00, 0x16, 0x26, 0xff, 0x00, 0x16, 0x26, 0xff, 0x00, 0x16, 0x26, 0xff, 0x00, 0x16, 0x26, 0xff, 
  0x00, 0x17, 0x26, 0xff, 0x00, 0x17, 0x26, 0xff, 0x00, 0x17, 0x26, 0xff, 0x00, 0x17, 0x26, 0xff, 0x00, 0x17, 0x26, 0xff, 0x00, 0x17, 0x26, 0xff, 0x00, 0x17, 0x26, 0xff, 0x00, 0x17, 0x26, 0xff, 0x00, 0x17, 0x26, 0xff, 0x00, 0x17, 0x26, 0xff, 0x00, 0x17, 0x26, 0xff, 0x00, 0x17, 0x26, 0xff, 0x00, 0x17, 0x26, 0xff, 0x00, 0x17, 0x26, 0xff, 0x00, 0x17, 0x26, 0xff, 0x00, 0x17, 0x26, 0xff, 0x00, 0x17, 0x26, 0xff, 0x00, 0x17, 0x26, 0xff, 
  0x00, 0x19, 0x26, 0xff, 0x00, 0x19, 0x26, 0xff, 0x00, 0x19, 0x26, 0xff, 0x00, 0x19, 0x26, 0xff, 0x00, 0x19, 0x26, 0xff, 0x00, 0x19, 0x26, 0xff, 0x00, 0x19, 0x26, 0xff, 0x00, 0x19, 0x26, 0xff, 0x00, 0x19, 0x26, 0xff, 0x00, 0x19, 0x26, 0xff, 0x00, 0x19, 0x26, 0xff, 0x00, 0x19, 0x26, 0xff, 0x00, 0x19, 0x26, 0xff, 0x00, 0x19, 0x26, 0xff, 0x00, 0x19, 0x26, 0xff, 0x00, 0x19, 0x26, 0xff, 0x00, 0x19, 0x26, 0xff, 0x00, 0x19, 0x26, 0xff, 
  0x00, 0x1a, 0x26, 0xff, 0x00, 0x1a, 0x26, 0xff, 0x00, 0x1a, 0x26, 0xff, 0x00, 0x1a, 0x26, 0xff, 0x00, 0x1a, 0x26, 0xff, 0x00, 0x1a, 0x26, 0xff, 0x00, 0x1a, 0x26, 0xff, 0x00, 0x1a, 0x26, 0xff, 0x00, 0x1a, 0x26, 0xff, 0x00, 0x1a, 0x26, 0xff, 0x00, 0x1a, 0x26, 0xff, 0x00, 0x1a, 0x26, 0xff, 0x00, 0x1a, 0x26, 0xff, 0x00, 0x1a, 0x26, 0xff, 0x00, 0x1a, 0x26, 0xff, 0x00, 0x1a, 0x26, 0xff, 0x00, 0x1a, 0x26, 0xff, 0x00, 0x1a, 0x26, 0xff, 
  0x00, 0x1c, 0x26, 0xff, 0x00, 0x1c, 0x26, 0xff, 0x00, 0x1c, 0x26, 0xff, 0x00, 0x1c, 0x26, 0xff, 0x00, 0x1c, 0x26, 0xff, 0x00, 0x1c, 0x26, 0xff, 0x00, 0x1c, 0x26, 0xff, 0x00, 0x1c, 0x26, 0xff, 0x00, 0x1c, 0x26, 0xff, 0x00, 0x1c, 0x26, 0xff, 0x00, 0x1c, 0x26, 0xff, 0x00, 0x1c, 0x26, 0xff, 0x00, 0x1c, 0x26, 0xff, 0x00, 0x1c, 0x26, 0xff, 0x00, 0x1c, 0x26, 0xff, 0x00, 0x1c, 0x26, 0xff, 0x00, 0x1c, 0x26, 0xff, 0x00, 0x1c, 0x26, 0xff, 
  0x00, 0x1d, 0x26, 0xff, 0x00, 0x1d, 0x26, 0xff, 0x00, 0x1d, 0x26, 0xff, 0x00, 0x1d, 0x26, 0xff, 0x00, 0x1d, 0x26, 0xff, 0x00, 0x1d, 0x26, 0xff, 0x00, 0x1d, 0x26, 0xff, 0x00, 0x1d, 0x26, 0xff, 0x00, 0x1d, 0x26, 0xff, 0x00, 0x1d, 0x26, 0xff, 0x00, 0x1d, 0x26, 0xff, 0x00, 0x1d, 0x26, 0xff, 0x00, 0x1d, 0x26, 0xff, 0x00, 0x1d, 0x26, 0xff, 0x00, 0x1d, 0x26, 0xff, 0x00, 0x1d, 0x26, 0xff, 0x00, 0x1d, 0x26, 0xff, 0x00, 0x1d, 0x26, 0xff, 
  0x00, 0x1f, 0x26, 0xff, 0x00, 0x1f, 0x26, 0xff, 0x00, 0x1f, 0x26, 0xff, 0x00, 0x1f, 0x26, 0xff, 0x00, 0x1f, 0x26, 0xff, 0x00, 0x1f, 0x26, 0xff, 0x00, 0x1f, 0x26, 0xff, 0x00, 0x1f, 0x26, 0xff, 0x00, 0x1f, 0x26, 0xff, 0x00, 0x1f, 0x26, 0xff, 0x00, 0x1f, 0x26, 0xff, 0x00, 0x1f, 0x26, 0xff, 0x00, 0x1f, 0x26, 0xff, 0x00, 0x1f, 0x26, 0xff, 0x00, 0x1f, 0x26, 0xff, 0x00, 0x1f, 0x26, 0xff, 0x00, 0x1f, 0x26, 0xff, 0x00, 0x1f, 0x26, 0xff, 
  0x00, 0x20, 0x26, 0xff, 0x00, 0x20, 0x26, 0xff, 0x00, 0x20, 0x26, 0xff, 0x00, 0x20, 0x26, 0xff, 0x00, 0x20, 0x26, 0xff, 0x00, 0x20, 0x26, 0xff, 0x00, 0x20, 0x26, 0xff, 0x00, 0x20, 0x26, 0xff, 0x00, 0x20, 0x26, 0xff, 0x00, 0x20, 0x26, 0xff, 0x00, 0x20, 0x26, 0xff, 0x00, 0x20, 0x26, 0xff, 0x00, 0x20, 0x26, 0xff, 0x00, 0x20, 0x26, 0xff, 0x00, 0x20, 0x26, 0xff, 0x00, 0x20, 0x26, 0xff, 0x00, 0x20, 0x26, 0xff, 0x00, 0x20, 0x26, 0xff, 
  0x00, 0x22, 0x26, 0xff, 0x00, 0x22, 0x26, 0xff, 0x00, 0x22, 0x26, 0xff, 0x00, 0x22, 0x26, 0xff, 0x00, 0x22, 0x26, 0xff, 0x00, 0x22, 0x26, 0xff, 0x00, 0x22, 0x26, 0xff, 0x00, 0x22, 0x26, 0xff, 0x00, 0x22, 0x26, 0xff, 0x00, 0x22, 0x26, 0xff, 0x00, 0x22, 0x26, 0xff, 0x00, 0x22, 0x26, 0xff, 0x00, 0x22, 0x26, 0xff, 0x00, 0x22, 0x26, 0xff, 0x00, 0x22, 0x26, 0xff, 0x00, 0x22, 0x26, 0xff, 0x00, 0x22, 0x26, 0xff, 0x00, 0x22, 0x26, 0xff, 
  0x00, 0x23, 0x26, 0xff, 0x00, 0x23, 0x26, 0xff, 0x00, 0x23, 0x26, 0xff, 0x00, 0x23, 0x26, 0xff, 0x00, 0x23, 0x26, 0xff, 0x00, 0x23, 0x26, 0xff, 0x00, 0x23, 0x26, 0xff, 0x00, 0x23, 0x26, 0xff, 0x00, 0x23, 0x26, 0xff, 0x00, 0x23, 0x26, 0xff, 0x00, 0x23, 0x26, 0xff, 0x00, 0x23, 0x26, 0xff, 0x00, 0x23, 0x26, 0xff, 0x00, 0x23, 0x26, 0xff, 0x00, 0x23, 0x26, 0xff, 0x00, 0x23, 0x26, 0xff, 0x00, 0x23, 0x26, 0xff, 0x00, 0x23, 0x26, 0xff, 
  0x00, 0x23, 0x26, 0xff, 0x00, 0x23, 0x26, 0xff, 0x00, 0x23, 0x26, 0xff, 0x00, 0x23, 0x26, 0xff, 0x00, 0x23, 0x26, 0xff, 0x00, 0x23, 0x26, 0xff, 0x00, 0x23, 0x26, 0xff, 0x00, 0x23, 0x26, 0xff, 0x00, 0x23, 0x26, 0xff, 0x00, 0x23, 0x26, 0xff, 0x00, 0x23, 0x26, 0xff, 0x00, 0x23, 0x26, 0xff, 0x00, 0x23, 0x26, 0xff, 0x00, 0x23, 0x26, 0xff, 0x00, 0x23, 0x26, 0xff, 0x00, 0x23, 0x26, 0xff, 0x00, 0x23, 0x26, 0xff, 0x00, 0x23, 0x26, 0xff, 
  0x00, 0x23, 0x26, 0xff, 0x00, 0x23, 0x26, 0xff, 0x00, 0x23, 0x26, 0xff, 0x00, 0x23, 0x26, 0xff, 0x00, 0x23, 0x26, 0xff, 0x00, 0x23, 0x26, 0xff, 0x00, 0x23, 0x26, 0xff, 0x00, 0x23, 0x26, 0xff, 0x00, 0x23, 0x26, 0xff, 0x00, 0x23, 0x26, 0xff, 0x00, 0x23, 0x26, 0xff, 0x00, 0x23, 0x26, 0xff, 0x00, 0x23, 0x26, 0xff, 0x00, 0x23, 0x26, 0xff, 0x00, 0x23, 0x26, 0xff, 0x00, 0x23, 0x26, 0xff, 0x00, 0x23, 0x26, 0xff, 0x00, 0x23, 0x26, 0xff, 
  0x00, 0x23, 0x26, 0xff, 0x00, 0x23, 0x26, 0xff, 0x00, 0x23, 0x26, 0xff, 0x00, 0x23, 0x26, 0xff, 0x00, 0x23, 0x26, 0xff, 0x00, 0x23, 0x26, 0xff, 0x00, 0x23, 0x26, 0xff, 0x00, 0x23, 0x26, 0xff, 0x00, 0x23, 0x26, 0xff, 0x00, 0x23, 0x26, 0xff, 0x00, 0x23, 0x26, 0xff, 0x00, 0x23, 0x26, 0xff, 0x00, 0x23, 0x26, 0xff, 0x00, 0x23, 0x26, 0xff, 0x00, 0x23, 0x26, 0xff, 0x00, 0x23, 0x26, 0xff, 0x00, 0x23, 0x26, 0xff, 0x00, 0x23, 0x26, 0xff, 
  0x00, 0x23, 0x26, 0xff, 0x00, 0x23, 0x26, 0xff, 0x00, 0x23, 0x26, 0xff, 0x00, 0x23, 0x26, 0xff, 0x00, 0x23, 0x26, 0xff, 0x00, 0x23, 0x26, 0xff, 0x00, 0x23, 0x26, 0xff, 0x00, 0x23, 0x26, 0xff, 0x00, 0x23, 0x26, 0xff, 0x00, 0x23, 0x26, 0xff, 0x00, 0x23, 0x26, 0xff, 0x00, 0x23, 0x26, 0xff, 0x00, 0x23, 0x26, 0xff, 0x00, 0x23, 0x26, 0xff, 0x00, 0x23, 0x26, 0xff, 0x00, 0x23, 0x26, 0xff, 0x00, 0x23, 0x26, 0xff, 0x00, 0x23, 0x26, 0xff, 
  0x00, 0x23, 0x26, 0xff, 0x00, 0x23, 0x26, 0xff, 0x00, 0x23, 0x26, 0xff, 0x00, 0x23, 0x26, 0xff, 0x00, 0x23, 0x26, 0xff, 0x00, 0x23, 0x26, 0xff, 0x00, 0x23, 0x26, 0xff, 0x00, 0x23, 0x26, 0xff, 0x00, 0x23, 0x26, 0xff, 0x00, 0x23, 0x26, 0xff, 0x00, 0x23, 0x26, 0xff, 0x00, 0x23, 0x26, 0xff, 0x00, 0x23, 0x26, 0xff, 0x00, 0x23, 0x26, 0xff, 0x00, 0x23, 0x26, 0xff, 0x00, 0x23, 0x26, 0xff, 0x00, 0x23, 0x26, 0xff, 0x00, 0x23, 0x26, 0xff, 
  0x00, 0x23, 0x26, 0xff, 0x00, 0x23, 0x26, 0xff, 0x00, 0x23, 0x26, 0xff, 0x00, 0x23, 0x26, 0xff, 0x00, 0x23, 0x26, 0xff, 0x00, 0x23, 0x26, 0xff, 0x00, 0x23, 0x26, 0xff, 0x00, 0x23, 0x26, 0xff, 0x00, 0x23, 0x26, 0xff, 0x00, 0x23, 0x26, 0xff, 0x00, 0x23, 0x26, 0xff, 0x00, 0x23, 0x26, 0xff, 0x00, 0x23, 0x26, 0xff, 0x00, 0x23, 0x26, 0xff, 0x00, 0x23, 0x26, 0xff, 0x00, 0x23, 0x26, 0xff, 0x00, 0x23, 0x26, 0xff, 0x00, 0x23, 0x26, 0xff, 
  0x00, 0x23, 0x26, 0xff, 0x00, 0x23, 0x26, 0xff, 0x00, 0x23, 0x26, 0xff, 0x00, 0x23, 0x26, 0xff, 0x00, 0x23, 0x26, 0xff, 0x00, 0x23, 0x26, 0xff, 0x00, 0x23, 0x26, 0xff, 0x00, 0x23, 0x26, 0xff, 0x00, 0x23, 0x26, 0xff, 0x00, 0x23, 0x26, 0xff, 0x00, 0x23, 0x26, 0xff, 0x00, 0x23, 0x26, 0xff, 0x00, 0x23, 0x26, 0xff, 0x00, 0x23, 0x26, 0xff, 0x00, 0x23, 0x26, 0xff, 0x00, 0x23, 0x26, 0xff, 0x00, 0x23, 0x26, 0xff, 0x00, 0x23, 0x26, 0xff, 
  0x00, 0x23, 0x26, 0xff, 0x00, 0x23, 0x26, 0xff, 0x00, 0x23, 0x26, 0xff, 0x00, 0x23, 0x26, 0xff, 0x00, 0x23, 0x26, 0xff, 0x00, 0x23, 0x26, 0xff, 0x00, 0x23, 0x26, 0xff, 0x00, 0x23, 0x26, 0xff, 0x00, 0x23, 0x26, 0xff, 0x00, 0x23, 0x26, 0xff, 0x00, 0x23, 0x26, 0xff, 0x00, 0x23, 0x26, 0xff, 0x00, 0x23, 0x26, 0xff, 0x00, 0x23, 0x26, 0xff, 0x00, 0x23, 0x26, 0xff, 0x00, 0x23, 0x26, 0xff, 0x00, 0x23, 0x26, 0xff, 0x00, 0x23, 0x26, 0xff, 
  0x00, 0x23, 0x26, 0xff, 0x00, 0x23, 0x26, 0xff, 0x00, 0x23, 0x26, 0xff, 0x00, 0x23, 0x26, 0xff, 0x00, 0x23, 0x26, 0xff, 0x00, 0x23, 0x26, 0xff, 0x00, 0x23, 0x26, 0xff, 0x00, 0x23, 0x26, 0xff, 0x00, 0x23, 0x26, 0xff, 0x00, 0x23, 0x26, 0xff, 0x00, 0x23, 0x26, 0xff, 0x00, 0x23, 0x26, 0xff, 0x00, 0x23, 0x26, 0xff, 0x00, 0x23, 0x26, 0xff, 0x00, 0x23, 0x26, 0xff, 0x00, 0x23, 0x26, 0xff, 0x00, 0x23, 0x26, 0xff, 0x00, 0x23, 0x26, 0xff, 
  0x00, 0x23, 0x26, 0xff, 0x00, 0x23, 0x26, 0xff, 0x00, 0x23, 0x26, 0xff, 0x00, 0x23, 0x26, 0xff, 0x00, 0x23, 0x26, 0xff, 0x00, 0x23, 0x26, 0xff, 0x00, 0x23, 0x26, 0xff, 0x00, 0x23, 0x26, 0xff, 0x00, 0x23, 0x26, 0xff, 0x00, 0x23, 0x26, 0xff, 0x00, 0x23, 0x26, 0xff, 0x00, 0x23, 0x26, 0xff, 0x00, 0x23, 0x26, 0xff, 0x00, 0x23, 0x26, 0xff, 0x00, 0x23, 0x26, 0xff, 0x00, 0x23, 0x26, 0xff, 0x00, 0x23, 0x26, 0xff, 0x00, 0x23, 0x26, 0xff, 
  0x00, 0x23, 0x26, 0xff, 0x00, 0x23, 0x26, 0xff, 0x00, 0x23, 0x26, 0xff, 0x00, 0x23, 0x26, 0xff, 0x00, 0x23, 0x26, 0xff, 0x00, 0x23, 0x26, 0xff, 0x00, 0x23, 0x26, 0xff, 0x00, 0x23, 0x26, 0xff, 0x00, 0x23, 0x26, 0xff, 0x00, 0x23, 0x26, 0xff, 0x00, 0x23, 0x26, 0xff, 0x00, 0x23, 0x26, 0xff, 0x00, 0x23, 0x26, 0xff, 0x00, 0x23, 0x26, 0xff, 0x00, 0x23, 0x26, 0xff, 0x00, 0x23, 0x26, 0xff, 0x00, 0x23, 0x26, 0xff, 0x00, 0x23, 0x26, 0xff, 
  0x00, 0x23, 0x26, 0xff, 0x00, 0x23, 0x26, 0xff, 0x00, 0x23, 0x26, 0xff, 0x00, 0x23, 0x26, 0xff, 0x00, 0x23, 0x26, 0xff, 0x00, 0x23, 0x26, 0xff, 0x00, 0x23, 0x26, 0xff, 0x00, 0x23, 0x26, 0xff, 0x00, 0x23, 0x26, 0xff, 0x00, 0x23, 0x26, 0xff, 0x00, 0x23, 0x26, 0xff, 0x00, 0x23, 0x26, 0xff, 0x00, 0x23, 0x26, 0xff, 0x00, 0x23, 0x26, 0xff, 0x00, 0x23, 0x26, 0xff, 0x00, 0x23, 0x26, 0xff, 0x00, 0x23, 0x26, 0xff, 0x00, 0x23, 0x26, 0xff, 
  0x00, 0x23, 0x26, 0xff, 0x00, 0x23, 0x26, 0xff, 0x00, 0x23, 0x26, 0xff, 0x00, 0x23, 0x26, 0xff, 0x00, 0x23, 0x26, 0xff, 0x00, 0x23, 0x26, 0xff, 0x00, 0x23, 0x26, 0xff, 0x00, 0x23, 0x26, 0xff, 0x00, 0x23, 0x26, 0xff, 0x00, 0x23, 0x26, 0xff, 0x00, 0x23, 0x26, 0xff, 0x00, 0x23, 0x26, 0xff, 0x00, 0x23, 0x26, 0xff, 0x00, 0x23, 0x26, 0xff, 0x00, 0x23, 0x26, 0xff, 0x00, 0x23, 0x26, 0xff, 0x00, 0x23, 0x26, 0xff, 0x00, 0x23, 0x26, 0xff, 
  0x00, 0x23, 0x26, 0xff, 0x00, 0x23, 0x26, 0xff, 0x00, 0x23, 0x26, 0xff, 0x00, 0x23, 0x26, 0xff, 0x00, 0x23, 0x26, 0xff, 0x00, 0x23, 0x26, 0xff, 0x00, 0x23, 0x26, 0xff, 0x00, 0x23, 0x26, 0xff, 0x00, 0x23, 0x26, 0xff, 0x00, 0x23, 0x26, 0xff, 0x00, 0x23, 0x26, 0xff, 0x00, 0x23, 0x26, 0xff, 0x00, 0x23, 0x26, 0xff, 0x00, 0x23, 0x26, 0xff, 0x00, 0x23, 0x26, 0xff, 0x00, 0x23, 0x26, 0xff, 0x00, 0x23, 0x26, 0xff, 0x00, 0x23, 0x26, 0xff, 
  0x00, 0x23, 0x26, 0xff, 0x00, 0x23, 0x26, 0xff, 0x00, 0x23, 0x26, 0xff, 0x00, 0x23, 0x26, 0xff, 0x00, 0x23, 0x26, 0xff, 0x00, 0x23, 0x26, 0xff, 0x00, 0x23, 0x26, 0xff, 0x00, 0x23, 0x26, 0xff, 0x00, 0x23, 0x26, 0xff, 0x00, 0x23, 0x26, 0xff, 0x00, 0x23, 0x26, 0xff, 0x00, 0x23, 0x26, 0xff, 0x00, 0x23, 0x26, 0xff, 0x00, 0x23, 0x26, 0xff, 0x00, 0x23, 0x26, 0xff, 0x00, 0x23, 0x26, 0xff, 0x00, 0x23, 0x26, 0xff, 0x00, 0x23, 0x26, 0xff, 
  0x00, 0x23, 0x26, 0xff, 0x00, 0x23, 0x26, 0xff, 0x00, 0x23, 0x26, 0xff, 0x00, 0x23, 0x26, 0xff, 0x00, 0x23, 0x26, 0xff, 0x00, 0x23, 0x26, 0xff, 0x00, 0x23, 0x26, 0xff, 0x00, 0x23, 0x26, 0xff, 0x00, 0x23, 0x26, 0xff, 0x00, 0x23, 0x26, 0xff, 0x00, 0x23, 0x26, 0xff, 0x00, 0x23, 0x26, 0xff, 0x00, 0x23, 0x26, 0xff, 0x00, 0x23, 0x26, 0xff, 0x00, 0x23, 0x26, 0xff, 0x00, 0x23, 0x26, 0xff, 0x00, 0x23, 0x26, 0xff, 0x00, 0x23, 0x26, 0xff, 
  0x00, 0x23, 0x26, 0xff, 0x00, 0x23, 0x26, 0xff, 0x00, 0x23, 0x26, 0xff, 0x00, 0x23, 0x26, 0xff, 0x00, 0x23, 0x26, 0xff, 0x00, 0x23, 0x26, 0xff, 0x00, 0x23, 0x26, 0xff, 0x00, 0x23, 0x26, 0xff, 0x00, 0x23, 0x26, 0xff, 0x00, 0x23, 0x26, 0xff, 0x00, 0x23, 0x26, 0xff, 0x00, 0x23, 0x26, 0xff, 0x00, 0x23, 0x26, 0xff, 0x00, 0x23, 0x26, 0xff, 0x00, 0x23, 0x26, 0xff, 0x00, 0x23, 0x26, 0xff, 0x00, 0x23, 0x26, 0xff, 0x00, 0x23, 0x26, 0xff, 
  0x00, 0x23, 0x26, 0xff, 0x00, 0x23, 0x26, 0xff, 0x00, 0x23, 0x26, 0xff, 0x00, 0x23, 0x26, 0xff, 0x00, 0x23, 0x26, 0xff, 0x00, 0x23, 0x26, 0xff, 0x00, 0x23, 0x26, 0xff, 0x00, 0x23, 0x26, 0xff, 0x00, 0x23, 0x26, 0xff, 0x00, 0x23, 0x26, 0xff, 0x00, 0x23, 0x26, 0xff, 0x00, 0x23, 0x26, 0xff, 0x00, 0x23, 0x26, 0xff, 0x00, 0x23, 0x26, 0xff, 0x00, 0x23, 0x26, 0xff, 0x00, 0x23, 0x26, 0xff, 0x00, 0x23, 0x26, 0xff, 0x00, 0x23, 0x26, 0xff, 
  0x00, 0x23, 0x26, 0xff, 0x00, 0x23, 0x26, 0xff, 0x00, 0x23, 0x26, 0xff, 0x00, 0x23, 0x26, 0xff, 0x00, 0x23, 0x26, 0xff, 0x00, 0x23, 0x26, 0xff, 0x00, 0x23, 0x26, 0xff, 0x00, 0x23, 0x26, 0xff, 0x00, 0x23, 0x26, 0xff, 0x00, 0x23, 0x26, 0xff, 0x00, 0x23, 0x26, 0xff, 0x00, 0x23, 0x26, 0xff, 0x00, 0x23, 0x26, 0xff, 0x00, 0x23, 0x26, 0xff, 0x00, 0x23, 0x26, 0xff, 0x00, 0x23, 0x26, 0xff, 0x00, 0x23, 0x26, 0xff, 0x00, 0x23, 0x26, 0xff, 
  0x00, 0x23, 0x26, 0xff, 0x00, 0x23, 0x26, 0xff, 0x00, 0x23, 0x26, 0xff, 0x00, 0x23, 0x26, 0xff, 0x00, 0x23, 0x26, 0xff, 0x00, 0x23, 0x26, 0xff, 0x00, 0x23, 0x26, 0xff, 0x00, 0x23, 0x26, 0xff, 0x00, 0x23, 0x26, 0xff, 0x00, 0x23, 0x26, 0xff, 0x00, 0x23, 0x26, 0xff, 0x00, 0x23, 0x26, 0xff, 0x00, 0x23, 0x26, 0xff, 0x00, 0x23, 0x26, 0xff, 0x00, 0x23, 0x26, 0xff, 0x00, 0x23, 0x26, 0xff, 0x00, 0x23, 0x26, 0xff, 0x00, 0x23, 0x26, 0xff, 
  0x00, 0x23, 0x26, 0xff, 0x00, 0x23, 0x26, 0xff, 0x00, 0x23, 0x26, 0xff, 0x00, 0x23, 0x26, 0xff, 0x00, 0x23, 0x26, 0xff, 0x00, 0x23, 0x26, 0xff, 0x00, 0x23, 0x26, 0xff, 0x00, 0x23, 0x26, 0xff, 0x00, 0x23, 0x26, 0xff, 0x00, 0x23, 0x26, 0xff, 0x00, 0x23, 0x26, 0xff, 0x00, 0x23, 0x26, 0xff, 0x00, 0x23, 0x26, 0xff, 0x00, 0x23, 0x26, 0xff, 0x00, 0x23, 0x26, 0xff, 0x00, 0x23, 0x26, 0xff, 0x00, 0x23, 0x26, 0xff, 0x00, 0x23, 0x26, 0xff, 
  0x00, 0x23, 0x26, 0xff, 0x00, 0x23, 0x26, 0xff, 0x00, 0x23, 0x26, 0xff, 0x00, 0x23, 0x26, 0xff, 0x00, 0x23, 0x26, 0xff, 0x00, 0x23, 0x26, 0xff, 0x00, 0x23, 0x26, 0xff, 0x00, 0x23, 0x26, 0xff, 0x00, 0x23, 0x26, 0xff, 0x00, 0x23, 0x26, 0xff, 0x00, 0x23, 0x26, 0xff, 0x00, 0x23, 0x26, 0xff, 0x00, 0x23, 0x26, 0xff, 0x00, 0x23, 0x26, 0xff, 0x00, 0x23, 0x26, 0xff, 0x00, 0x23, 0x26, 0xff, 0x00, 0x23, 0x26, 0xff, 0x00, 0x23, 0x26, 0xff, 
  0x00, 0x23, 0x26, 0xff, 0x00, 0x23, 0x26, 0xff, 0x00, 0x23, 0x26, 0xff, 0x00, 0x23, 0x26, 0xff, 0x00, 0x23, 0x26, 0xff, 0x00, 0x23, 0x26, 0xff, 0x00, 0x23, 0x26, 0xff, 0x00, 0x23, 0x26, 0xff, 0x00, 0x23, 0x26, 0xff, 0x00, 0x23, 0x26, 0xff, 0x00, 0x23, 0x26, 0xff, 0x00, 0x23, 0x26, 0xff, 0x00, 0x23, 0x26, 0xff, 0x00, 0x23, 0x26, 0xff, 0x00, 0x23, 0x26, 0xff, 0x00, 0x23, 0x26, 0xff, 0x00, 0x23, 0x26, 0xff, 0x00, 0x23, 0x26, 0xff, 
  0x00, 0x23, 0x26, 0xff, 0x00, 0x23, 0x26, 0xff, 0x00, 0x23, 0x26, 0xff, 0x00, 0x23, 0x26, 0xff, 0x00, 0x23, 0x26, 0xff, 0x00, 0x23, 0x26, 0xff, 0x00, 0x23, 0x26, 0xff, 0x00, 0x23, 0x26, 0xff, 0x00, 0x23, 0x26, 0xff, 0x00, 0x23, 0x26, 0xff, 0x00, 0x23, 0x26, 0xff, 0x00, 0x23, 0x26, 0xff, 0x00, 0x23, 0x26, 0xff, 0x00, 0x23, 0x26, 0xff, 0x00, 0x23, 0x26, 0xff, 0x00, 0x23, 0x26, 0xff, 0x00, 0x23, 0x26, 0xff, 0x00, 0x23, 0x26, 0xff, 
  0x00, 0x23, 0x26, 0xff, 0x00, 0x23, 0x26, 0xff, 0x00, 0x23, 0x26, 0xff, 0x00, 0x23, 0x26, 0xff, 0x00, 0x23, 0x26, 0xff, 0x00, 0x23, 0x26, 0xff, 0x00, 0x23, 0x26, 0xff, 0x00, 0x23, 0x26, 0xff, 0x00, 0x23, 0x26, 0xff, 0x00, 0x23, 0x26, 0xff, 0x00, 0x23, 0x26, 0xff, 0x00, 0x23, 0x26, 0xff, 0x00, 0x23, 0x26, 0xff, 0x00, 0x23, 0x26, 0xff, 0x00, 0x23, 0x26, 0xff, 0x00, 0x23, 0x26, 0xff, 0x00, 0x23, 0x26, 0xff, 0x00, 0x23, 0x26, 0xff, 
  0x00, 0x23, 0x26, 0xff, 0x00, 0x23, 0x26, 0xff, 0x00, 0x23, 0x26, 0xff, 0x00, 0x23, 0x26, 0xff, 0x00, 0x23, 0x26, 0xff, 0x00, 0x23, 0x26, 0xff, 0x00, 0x23, 0x26, 0xff, 0x00, 0x23, 0x26, 0xff, 0x00, 0x23, 0x26, 0xff, 0x00, 0x23, 0x26, 0xff, 0x00, 0x23, 0x26, 0xff, 0x00, 0x23, 0x26, 0xff, 0x00, 0x23, 0x26, 0xff, 0x00, 0x23, 0x26, 0xff, 0x00, 0x23, 0x26, 0xff, 0x00, 0x23, 0x26, 0xff, 0x00, 0x23, 0x26, 0xff, 0x00, 0x23, 0x26, 0xff, 
  0x00, 0x23, 0x26, 0xff, 0x00, 0x23, 0x26, 0xff, 0x00, 0x23, 0x26, 0xff, 0x00, 0x23, 0x26, 0xff, 0x00, 0x23, 0x26, 0xff, 0x00, 0x23, 0x26, 0xff, 0x00, 0x23, 0x26, 0xff, 0x00, 0x23, 0x26, 0xff, 0x00, 0x23, 0x26, 0xff, 0x00, 0x23, 0x26, 0xff, 0x00, 0x23, 0x26, 0xff, 0x00, 0x23, 0x26, 0xff, 0x00, 0x23, 0x26, 0xff, 0x00, 0x23, 0x26, 0xff, 0x00, 0x23, 0x26, 0xff, 0x00, 0x23, 0x26, 0xff, 0x00, 0x23, 0x26, 0xff, 0x00, 0x23, 0x26, 0xff, 
  0x00, 0x23, 0x26, 0xff, 0x00, 0x23, 0x26, 0xff, 0x00, 0x23, 0x26, 0xff, 0x00, 0x23, 0x26, 0xff, 0x00, 0x23, 0x26, 0xff, 0x00, 0x23, 0x26, 0xff, 0x00, 0x23, 0x26, 0xff, 0x00, 0x23, 0x26, 0xff, 0x00, 0x23, 0x26, 0xff, 0x00, 0x23, 0x26, 0xff, 0x00, 0x23, 0x26, 0xff, 0x00, 0x23, 0x26, 0xff, 0x00, 0x23, 0x26, 0xff, 0x00, 0x23, 0x26, 0xff, 0x00, 0x23, 0x26, 0xff, 0x00, 0x23, 0x26, 0xff, 0x00, 0x23, 0x26, 0xff, 0x00, 0x23, 0x26, 0xff, 
  0x00, 0x23, 0x26, 0xff, 0x00, 0x23, 0x26, 0xff, 0x00, 0x23, 0x26, 0xff, 0x00, 0x23, 0x26, 0xff, 0x00, 0x23, 0x26, 0xff, 0x00, 0x23, 0x26, 0xff, 0x00, 0x23, 0x26, 0xff, 0x00, 0x23, 0x26, 0xff, 0x00, 0x23, 0x26, 0xff, 0x00, 0x23, 0x26, 0xff, 0x00, 0x23, 0x26, 0xff, 0x00, 0x23, 0x26, 0xff, 0x00, 0x23, 0x26, 0xff, 0x00, 0x23, 0x26, 0xff, 0x00, 0x23, 0x26, 0xff, 0x00, 0x23, 0x26, 0xff, 0x00, 0x23, 0x26, 0xff, 0x00, 0x23, 0x26, 0xff, 
  0x00, 0x23, 0x26, 0xff, 0x00, 0x23, 0x26, 0xff, 0x00, 0x23, 0x26, 0xff, 0x00, 0x23, 0x26, 0xff, 0x00, 0x23, 0x26, 0xff, 0x00, 0x23, 0x26, 0xff, 0x00, 0x23, 0x26, 0xff, 0x00, 0x23, 0x26, 0xff, 0x00, 0x23, 0x26, 0xff, 0x00, 0x23, 0x26, 0xff, 0x00, 0x23, 0x26, 0xff, 0x00, 0x23, 0x26, 0xff, 0x00, 0x23, 0x26, 0xff, 0x00, 0x23, 0x26, 0xff, 0x00, 0x23, 0x26, 0xff, 0x00, 0x23, 0x26, 0xff, 0x00, 0x23, 0x26, 0xff, 0x00, 0x23, 0x26, 0xff, 
  0x00, 0x23, 0x26, 0xff, 0x00, 0x23, 0x26, 0xff, 0x00, 0x23, 0x26, 0xff, 0x00, 0x23, 0x26, 0xff, 0x00, 0x23, 0x26, 0xff, 0x00, 0x23, 0x26, 0xff, 0x00, 0x23, 0x26, 0xff, 0x00, 0x23, 0x26, 0xff, 0x00, 0x23, 0x26, 0xff, 0x00, 0x23, 0x26, 0xff, 0x00, 0x23, 0x26, 0xff, 0x00, 0x23, 0x26, 0xff, 0x00, 0x23, 0x26, 0xff, 0x00, 0x23, 0x26, 0xff, 0x00, 0x23, 0x26, 0xff, 0x00, 0x23, 0x26, 0xff, 0x00, 0x23, 0x26, 0xff, 0x00, 0x23, 0x26, 0xff, 
  0x00, 0x23, 0x26, 0xff, 0x00, 0x23, 0x26, 0xff, 0x00, 0x23, 0x26, 0xff, 0x00, 0x23, 0x26, 0xff, 0x00, 0x23, 0x26, 0xff, 0x00, 0x23, 0x26, 0xff, 0x00, 0x23, 0x26, 0xff, 0x00, 0x23, 0x26, 0xff, 0x00, 0x23, 0x26, 0xff, 0x00, 0x23, 0x26, 0xff, 0x00, 0x23, 0x26, 0xff, 0x00, 0x23, 0x26, 0xff, 0x00, 0x23, 0x26, 0xff, 0x00, 0x23, 0x26, 0xff, 0x00, 0x23, 0x26, 0xff, 0x00, 0x23, 0x26, 0xff, 0x00, 0x23, 0x26, 0xff, 0x00, 0x23, 0x26, 0xff, 
  0x00, 0x23, 0x26, 0xff, 0x00, 0x23, 0x26, 0xff, 0x00, 0x23, 0x26, 0xff, 0x00, 0x23, 0x26, 0xff, 0x00, 0x23, 0x26, 0xff, 0x00, 0x23, 0x26, 0xff, 0x00, 0x23, 0x26, 0xff, 0x00, 0x23, 0x26, 0xff, 0x00, 0x23, 0x26, 0xff, 0x00, 0x23, 0x26, 0xff, 0x00, 0x23, 0x26, 0xff, 0x00, 0x23, 0x26, 0xff, 0x00, 0x23, 0x26, 0xff, 0x00, 0x23, 0x26, 0xff, 0x00, 0x23, 0x26, 0xff, 0x00, 0x23, 0x26, 0xff, 0x00, 0x23, 0x26, 0xff, 0x00, 0x23, 0x26, 0xff, 
  0x00, 0x23, 0x26, 0xff, 0x00, 0x23, 0x26, 0xff, 0x00, 0x23, 0x26, 0xff, 0x00, 0x23, 0x26, 0xff, 0x00, 0x23, 0x26, 0xff, 0x00, 0x23, 0x26, 0xff, 0x00, 0x23, 0x26, 0xff, 0x00, 0x23, 0x26, 0xff, 0x00, 0x23, 0x26, 0xff, 0x00, 0x23, 0x26, 0xff, 0x00, 0x23, 0x26, 0xff, 0x00, 0x23, 0x26, 0xff, 0x00, 0x23, 0x26, 0xff, 0x00, 0x23, 0x26, 0xff, 0x00, 0x23, 0x26, 0xff, 0x00, 0x23, 0x26, 0xff, 0x00, 0x23, 0x26, 0xff, 0x00, 0x23, 0x26, 0xff, 
  0x00, 0x23, 0x25, 0xff, 0x00, 0x23, 0x25, 0xff, 0x00, 0x23, 0x25, 0xff, 0x00, 0x23, 0x25, 0xff, 0x00, 0x23, 0x25, 0xff, 0x00, 0x23, 0x25, 0xff, 0x00, 0x23, 0x25, 0xff, 0x00, 0x23, 0x25, 0xff, 0x00, 0x23, 0x25, 0xff, 0x00, 0x23, 0x25, 0xff, 0x00, 0x23, 0x25, 0xff, 0x00, 0x23, 0x25, 0xff, 0x00, 0x23, 0x25, 0xff, 0x00, 0x23, 0x25, 0xff, 0x00, 0x23, 0x25, 0xff, 0x00, 0x23, 0x25, 0xff, 0x00, 0x23, 0x25, 0xff, 0x00, 0x23, 0x25, 0xff, 
  0x00, 0x23, 0x25, 0xff, 0x00, 0x23, 0x25, 0xff, 0x00, 0x23, 0x25, 0xff, 0x00, 0x23, 0x25, 0xff, 0x00, 0x23, 0x25, 0xff, 0x00, 0x23, 0x25, 0xff, 0x00, 0x23, 0x25, 0xff, 0x00, 0x23, 0x25, 0xff, 0x00, 0x23, 0x25, 0xff, 0x00, 0x23, 0x25, 0xff, 0x00, 0x23, 0x25, 0xff, 0x00, 0x23, 0x25, 0xff, 0x00, 0x23, 0x25, 0xff, 0x00, 0x23, 0x25, 0xff, 0x00, 0x23, 0x25, 0xff, 0x00, 0x23, 0x25, 0xff, 0x00, 0x23, 0x25, 0xff, 0x00, 0x23, 0x25, 0xff, 
  0x00, 0x23, 0x25, 0xff, 0x00, 0x23, 0x25, 0xff, 0x00, 0x23, 0x25, 0xff, 0x00, 0x23, 0x25, 0xff, 0x00, 0x23, 0x25, 0xff, 0x00, 0x23, 0x25, 0xff, 0x00, 0x23, 0x25, 0xff, 0x00, 0x23, 0x25, 0xff, 0x00, 0x23, 0x25, 0xff, 0x00, 0x23, 0x25, 0xff, 0x00, 0x23, 0x25, 0xff, 0x00, 0x23, 0x25, 0xff, 0x00, 0x23, 0x25, 0xff, 0x00, 0x23, 0x25, 0xff, 0x00, 0x23, 0x25, 0xff, 0x00, 0x23, 0x25, 0xff, 0x00, 0x23, 0x25, 0xff, 0x00, 0x23, 0x25, 0xff, 
  0x00, 0x23, 0x24, 0xff, 0x00, 0x23, 0x24, 0xff, 0x00, 0x23, 0x24, 0xff, 0x00, 0x23, 0x24, 0xff, 0x00, 0x23, 0x24, 0xff, 0x00, 0x23, 0x24, 0xff, 0x00, 0x23, 0x24, 0xff, 0x00, 0x23, 0x24, 0xff, 0x00, 0x23, 0x24, 0xff, 0x00, 0x23, 0x24, 0xff, 0x00, 0x23, 0x24, 0xff, 0x00, 0x23, 0x24, 0xff, 0x00, 0x23, 0x24, 0xff, 0x00, 0x23, 0x24, 0xff, 0x00, 0x23, 0x24, 0xff, 0x00, 0x23, 0x24, 0xff, 0x00, 0x23, 0x24, 0xff, 0x00, 0x23, 0x24, 0xff, 
  0x00, 0x23, 0x24, 0xff, 0x00, 0x23, 0x24, 0xff, 0x00, 0x23, 0x24, 0xff, 0x00, 0x23, 0x24, 0xff, 0x00, 0x23, 0x24, 0xff, 0x00, 0x23, 0x24, 0xff, 0x00, 0x23, 0x24, 0xff, 0x00, 0x23, 0x24, 0xff, 0x00, 0x23, 0x24, 0xff, 0x00, 0x23, 0x24, 0xff, 0x00, 0x23, 0x24, 0xff, 0x00, 0x23, 0x24, 0xff, 0x00, 0x23, 0x24, 0xff, 0x00, 0x23, 0x24, 0xff, 0x00, 0x23, 0x24, 0xff, 0x00, 0x23, 0x24, 0xff, 0x00, 0x23, 0x24, 0xff, 0x00, 0x23, 0x24, 0xff, 
  0x00, 0x23, 0x24, 0xff, 0x00, 0x23, 0x24, 0xff, 0x00, 0x23, 0x24, 0xff, 0x00, 0x23, 0x24, 0xff, 0x00, 0x23, 0x24, 0xff, 0x00, 0x23, 0x24, 0xff, 0x00, 0x23, 0x24, 0xff, 0x00, 0x23, 0x24, 0xff, 0x00, 0x23, 0x24, 0xff, 0x00, 0x23, 0x24, 0xff, 0x00, 0x23, 0x24, 0xff, 0x00, 0x23, 0x24, 0xff, 0x00, 0x23, 0x24, 0xff, 0x00, 0x23, 0x24, 0xff, 0x00, 0x23, 0x24, 0xff, 0x00, 0x23, 0x24, 0xff, 0x00, 0x23, 0x24, 0xff, 0x00, 0x23, 0x24, 0xff, 
  0x00, 0x23, 0x24, 0xff, 0x00, 0x23, 0x24, 0xff, 0x00, 0x23, 0x24, 0xff, 0x00, 0x23, 0x24, 0xff, 0x00, 0x23, 0x24, 0xff, 0x00, 0x23, 0x24, 0xff, 0x00, 0x23, 0x24, 0xff, 0x00, 0x23, 0x24, 0xff, 0x00, 0x23, 0x24, 0xff, 0x00, 0x23, 0x24, 0xff, 0x00, 0x23, 0x24, 0xff, 0x00, 0x23, 0x24, 0xff, 0x00, 0x23, 0x24, 0xff, 0x00, 0x23, 0x24, 0xff, 0x00, 0x23, 0x24, 0xff, 0x00, 0x23, 0x24, 0xff, 0x00, 0x23, 0x24, 0xff, 0x00, 0x23, 0x24, 0xff, 
  0x00, 0x23, 0x23, 0xff, 0x00, 0x23, 0x23, 0xff, 0x00, 0x23, 0x23, 0xff, 0x00, 0x23, 0x23, 0xff, 0x00, 0x23, 0x23, 0xff, 0x00, 0x23, 0x23, 0xff, 0x00, 0x23, 0x23, 0xff, 0x00, 0x23, 0x23, 0xff, 0x00, 0x23, 0x23, 0xff, 0x00, 0x23, 0x23, 0xff, 0x00, 0x23, 0x23, 0xff, 0x00, 0x23, 0x23, 0xff, 0x00, 0x23, 0x23, 0xff, 0x00, 0x23, 0x23, 0xff, 0x00, 0x23, 0x23, 0xff, 0x00, 0x23, 0x23, 0xff, 0x00, 0x23, 0x23, 0xff, 0x00, 0x23, 0x23, 0xff, 
  0x00, 0x23, 0x23, 0xff, 0x00, 0x23, 0x23, 0xff, 0x00, 0x23, 0x23, 0xff, 0x00, 0x23, 0x23, 0xff, 0x00, 0x23, 0x23, 0xff, 0x00, 0x23, 0x23, 0xff, 0x00, 0x23, 0x23, 0xff, 0x00, 0x23, 0x23, 0xff, 0x00, 0x23, 0x23, 0xff, 0x00, 0x23, 0x23, 0xff, 0x00, 0x23, 0x23, 0xff, 0x00, 0x23, 0x23, 0xff, 0x00, 0x23, 0x23, 0xff, 0x00, 0x23, 0x23, 0xff, 0x00, 0x23, 0x23, 0xff, 0x00, 0x23, 0x23, 0xff, 0x00, 0x23, 0x23, 0xff, 0x00, 0x23, 0x23, 0xff, 
  0x00, 0x23, 0x23, 0xff, 0x00, 0x23, 0x23, 0xff, 0x00, 0x23, 0x23, 0xff, 0x00, 0x23, 0x23, 0xff, 0x00, 0x23, 0x23, 0xff, 0x00, 0x23, 0x23, 0xff, 0x00, 0x23, 0x23, 0xff, 0x00, 0x23, 0x23, 0xff, 0x00, 0x23, 0x23, 0xff, 0x00, 0x23, 0x23, 0xff, 0x00, 0x23, 0x23, 0xff, 0x00, 0x23, 0x23, 0xff, 0x00, 0x23, 0x23, 0xff, 0x00, 0x23, 0x23, 0xff, 0x00, 0x23, 0x23, 0xff, 0x00, 0x23, 0x23, 0xff, 0x00, 0x23, 0x23, 0xff, 0x00, 0x23, 0x23, 0xff, 
  0x00, 0x23, 0x23, 0xff, 0x00, 0x23, 0x23, 0xff, 0x00, 0x23, 0x23, 0xff, 0x00, 0x23, 0x23, 0xff, 0x00, 0x23, 0x23, 0xff, 0x00, 0x23, 0x23, 0xff, 0x00, 0x23, 0x23, 0xff, 0x00, 0x23, 0x23, 0xff, 0x00, 0x23, 0x23, 0xff, 0x00, 0x23, 0x23, 0xff, 0x00, 0x23, 0x23, 0xff, 0x00, 0x23, 0x23, 0xff, 0x00, 0x23, 0x23, 0xff, 0x00, 0x23, 0x23, 0xff, 0x00, 0x23, 0x23, 0xff, 0x00, 0x23, 0x23, 0xff, 0x00, 0x23, 0x23, 0xff, 0x00, 0x23, 0x23, 0xff, 
  0x00, 0x23, 0x22, 0xff, 0x00, 0x23, 0x22, 0xff, 0x00, 0x23, 0x22, 0xff, 0x00, 0x23, 0x22, 0xff, 0x00, 0x23, 0x22, 0xff, 0x00, 0x23, 0x22, 0xff, 0x00, 0x23, 0x22, 0xff, 0x00, 0x23, 0x22, 0xff, 0x00, 0x23, 0x22, 0xff, 0x00, 0x23, 0x22, 0xff, 0x00, 0x23, 0x22, 0xff, 0x00, 0x23, 0x22, 0xff, 0x00, 0x23, 0x22, 0xff, 0x00, 0x23, 0x22, 0xff, 0x00, 0x23, 0x22, 0xff, 0x00, 0x23, 0x22, 0xff, 0x00, 0x23, 0x22, 0xff, 0x00, 0x23, 0x22, 0xff, 
  0x00, 0x23, 0x22, 0xff, 0x00, 0x23, 0x22, 0xff, 0x00, 0x23, 0x22, 0xff, 0x00, 0x23, 0x22, 0xff, 0x00, 0x23, 0x22, 0xff, 0x00, 0x23, 0x22, 0xff, 0x00, 0x23, 0x22, 0xff, 0x00, 0x23, 0x22, 0xff, 0x00, 0x23, 0x22, 0xff, 0x00, 0x23, 0x22, 0xff, 0x00, 0x23, 0x22, 0xff, 0x00, 0x23, 0x22, 0xff, 0x00, 0x23, 0x22, 0xff, 0x00, 0x23, 0x22, 0xff, 0x00, 0x23, 0x22, 0xff, 0x00, 0x23, 0x22, 0xff, 0x00, 0x23, 0x22, 0xff, 0x00, 0x23, 0x22, 0xff, 
  0x00, 0x23, 0x22, 0xff, 0x00, 0x23, 0x22, 0xff, 0x00, 0x23, 0x22, 0xff, 0x00, 0x23, 0x22, 0xff, 0x00, 0x23, 0x22, 0xff, 0x00, 0x23, 0x22, 0xff, 0x00, 0x23, 0x22, 0xff, 0x00, 0x23, 0x22, 0xff, 0x00, 0x23, 0x22, 0xff, 0x00, 0x23, 0x22, 0xff, 0x00, 0x23, 0x22, 0xff, 0x00, 0x23, 0x22, 0xff, 0x00, 0x23, 0x22, 0xff, 0x00, 0x23, 0x22, 0xff, 0x00, 0x23, 0x22, 0xff, 0x00, 0x23, 0x22, 0xff, 0x00, 0x23, 0x22, 0xff, 0x00, 0x23, 0x22, 0xff, 
  0x00, 0x23, 0x22, 0xff, 0x00, 0x23, 0x22, 0xff, 0x00, 0x23, 0x22, 0xff, 0x00, 0x23, 0x22, 0xff, 0x00, 0x23, 0x22, 0xff, 0x00, 0x23, 0x22, 0xff, 0x00, 0x23, 0x22, 0xff, 0x00, 0x23, 0x22, 0xff, 0x00, 0x23, 0x22, 0xff, 0x00, 0x23, 0x22, 0xff, 0x00, 0x23, 0x22, 0xff, 0x00, 0x23, 0x22, 0xff, 0x00, 0x23, 0x22, 0xff, 0x00, 0x23, 0x22, 0xff, 0x00, 0x23, 0x22, 0xff, 0x00, 0x23, 0x22, 0xff, 0x00, 0x23, 0x22, 0xff, 0x00, 0x23, 0x22, 0xff, 
  0x00, 0x23, 0x21, 0xff, 0x00, 0x23, 0x21, 0xff, 0x00, 0x23, 0x21, 0xff, 0x00, 0x23, 0x21, 0xff, 0x00, 0x23, 0x21, 0xff, 0x00, 0x23, 0x21, 0xff, 0x00, 0x23, 0x21, 0xff, 0x00, 0x23, 0x21, 0xff, 0x00, 0x23, 0x21, 0xff, 0x00, 0x23, 0x21, 0xff, 0x00, 0x23, 0x21, 0xff, 0x00, 0x23, 0x21, 0xff, 0x00, 0x23, 0x21, 0xff, 0x00, 0x23, 0x21, 0xff, 0x00, 0x23, 0x21, 0xff, 0x00, 0x23, 0x21, 0xff, 0x00, 0x23, 0x21, 0xff, 0x00, 0x23, 0x21, 0xff, 
  0x00, 0x23, 0x21, 0xff, 0x00, 0x23, 0x21, 0xff, 0x00, 0x23, 0x21, 0xff, 0x00, 0x23, 0x21, 0xff, 0x00, 0x23, 0x21, 0xff, 0x00, 0x23, 0x21, 0xff, 0x00, 0x23, 0x21, 0xff, 0x00, 0x23, 0x21, 0xff, 0x00, 0x23, 0x21, 0xff, 0x00, 0x23, 0x21, 0xff, 0x00, 0x23, 0x21, 0xff, 0x00, 0x23, 0x21, 0xff, 0x00, 0x23, 0x21, 0xff, 0x00, 0x23, 0x21, 0xff, 0x00, 0x23, 0x21, 0xff, 0x00, 0x23, 0x21, 0xff, 0x00, 0x23, 0x21, 0xff, 0x00, 0x23, 0x21, 0xff, 
  0x00, 0x23, 0x21, 0xff, 0x00, 0x23, 0x21, 0xff, 0x00, 0x23, 0x21, 0xff, 0x00, 0x23, 0x21, 0xff, 0x00, 0x23, 0x21, 0xff, 0x00, 0x23, 0x21, 0xff, 0x00, 0x23, 0x21, 0xff, 0x00, 0x23, 0x21, 0xff, 0x00, 0x23, 0x21, 0xff, 0x00, 0x23, 0x21, 0xff, 0x00, 0x23, 0x21, 0xff, 0x00, 0x23, 0x21, 0xff, 0x00, 0x23, 0x21, 0xff, 0x00, 0x23, 0x21, 0xff, 0x00, 0x23, 0x21, 0xff, 0x00, 0x23, 0x21, 0xff, 0x00, 0x23, 0x21, 0xff, 0x00, 0x23, 0x21, 0xff, 
  0x00, 0x23, 0x21, 0xff, 0x00, 0x23, 0x21, 0xff, 0x00, 0x23, 0x21, 0xff, 0x00, 0x23, 0x21, 0xff, 0x00, 0x23, 0x21, 0xff, 0x00, 0x23, 0x21, 0xff, 0x00, 0x23, 0x21, 0xff, 0x00, 0x23, 0x21, 0xff, 0x00, 0x23, 0x21, 0xff, 0x00, 0x23, 0x21, 0xff, 0x00, 0x23, 0x21, 0xff, 0x00, 0x23, 0x21, 0xff, 0x00, 0x23, 0x21, 0xff, 0x00, 0x23, 0x21, 0xff, 0x00, 0x23, 0x21, 0xff, 0x00, 0x23, 0x21, 0xff, 0x00, 0x23, 0x21, 0xff, 0x00, 0x23, 0x21, 0xff, 
  0x00, 0x24, 0x20, 0xff, 0x00, 0x24, 0x20, 0xff, 0x00, 0x24, 0x20, 0xff, 0x00, 0x24, 0x20, 0xff, 0x00, 0x24, 0x20, 0xff, 0x00, 0x24, 0x20, 0xff, 0x00, 0x24, 0x20, 0xff, 0x00, 0x24, 0x20, 0xff, 0x00, 0x24, 0x20, 0xff, 0x00, 0x24, 0x20, 0xff, 0x00, 0x24, 0x20, 0xff, 0x00, 0x24, 0x20, 0xff, 0x00, 0x24, 0x20, 0xff, 0x00, 0x24, 0x20, 0xff, 0x00, 0x24, 0x20, 0xff, 0x00, 0x24, 0x20, 0xff, 0x00, 0x24, 0x20, 0xff, 0x00, 0x24, 0x20, 0xff, 
  0x00, 0x24, 0x20, 0xff, 0x00, 0x24, 0x20, 0xff, 0x00, 0x24, 0x20, 0xff, 0x00, 0x24, 0x20, 0xff, 0x00, 0x24, 0x20, 0xff, 0x00, 0x24, 0x20, 0xff, 0x00, 0x24, 0x20, 0xff, 0x00, 0x24, 0x20, 0xff, 0x00, 0x24, 0x20, 0xff, 0x00, 0x24, 0x20, 0xff, 0x00, 0x24, 0x20, 0xff, 0x00, 0x24, 0x20, 0xff, 0x00, 0x24, 0x20, 0xff, 0x00, 0x24, 0x20, 0xff, 0x00, 0x24, 0x20, 0xff, 0x00, 0x24, 0x20, 0xff, 0x00, 0x24, 0x20, 0xff, 0x00, 0x24, 0x20, 0xff, 
  0x00, 0x24, 0x20, 0xff, 0x00, 0x24, 0x20, 0xff, 0x00, 0x24, 0x20, 0xff, 0x00, 0x24, 0x20, 0xff, 0x00, 0x24, 0x20, 0xff, 0x00, 0x24, 0x20, 0xff, 0x00, 0x24, 0x20, 0xff, 0x00, 0x24, 0x20, 0xff, 0x00, 0x24, 0x20, 0xff, 0x00, 0x24, 0x20, 0xff, 0x00, 0x24, 0x20, 0xff, 0x00, 0x24, 0x20, 0xff, 0x00, 0x24, 0x20, 0xff, 0x00, 0x24, 0x20, 0xff, 0x00, 0x24, 0x20, 0xff, 0x00, 0x24, 0x20, 0xff, 0x00, 0x24, 0x20, 0xff, 0x00, 0x24, 0x20, 0xff, 
  0x00, 0x24, 0x20, 0xff, 0x00, 0x24, 0x20, 0xff, 0x00, 0x24, 0x20, 0xff, 0x00, 0x24, 0x20, 0xff, 0x00, 0x24, 0x20, 0xff, 0x00, 0x24, 0x20, 0xff, 0x00, 0x24, 0x20, 0xff, 0x00, 0x24, 0x20, 0xff, 0x00, 0x24, 0x20, 0xff, 0x00, 0x24, 0x20, 0xff, 0x00, 0x24, 0x20, 0xff, 0x00, 0x24, 0x20, 0xff, 0x00, 0x24, 0x20, 0xff, 0x00, 0x24, 0x20, 0xff, 0x00, 0x24, 0x20, 0xff, 0x00, 0x24, 0x20, 0xff, 0x00, 0x24, 0x20, 0xff, 0x00, 0x24, 0x20, 0xff, 
  0x00, 0x24, 0x1f, 0xff, 0x00, 0x24, 0x1f, 0xff, 0x00, 0x24, 0x1f, 0xff, 0x00, 0x24, 0x1f, 0xff, 0x00, 0x24, 0x1f, 0xff, 0x00, 0x24, 0x1f, 0xff, 0x00, 0x24, 0x1f, 0xff, 0x00, 0x24, 0x1f, 0xff, 0x00, 0x24, 0x1f, 0xff, 0x00, 0x24, 0x1f, 0xff, 0x00, 0x24, 0x1f, 0xff, 0x00, 0x24, 0x1f, 0xff, 0x00, 0x24, 0x1f, 0xff, 0x00, 0x24, 0x1f, 0xff, 0x00, 0x24, 0x1f, 0xff, 0x00, 0x24, 0x1f, 0xff, 0x00, 0x24, 0x1f, 0xff, 0x00, 0x24, 0x1f, 0xff, 
  0x00, 0x24, 0x1f, 0xff, 0x00, 0x24, 0x1f, 0xff, 0x00, 0x24, 0x1f, 0xff, 0x00, 0x24, 0x1f, 0xff, 0x00, 0x24, 0x1f, 0xff, 0x00, 0x24, 0x1f, 0xff, 0x00, 0x24, 0x1f, 0xff, 0x00, 0x24, 0x1f, 0xff, 0x00, 0x24, 0x1f, 0xff, 0x00, 0x24, 0x1f, 0xff, 0x00, 0x24, 0x1f, 0xff, 0x00, 0x24, 0x1f, 0xff, 0x00, 0x24, 0x1f, 0xff, 0x00, 0x24, 0x1f, 0xff, 0x00, 0x24, 0x1f, 0xff, 0x00, 0x24, 0x1f, 0xff, 0x00, 0x24, 0x1f, 0xff, 0x00, 0x24, 0x1f, 0xff, 
  0x00, 0x24, 0x1f, 0xff, 0x00, 0x24, 0x1f, 0xff, 0x00, 0x24, 0x1f, 0xff, 0x00, 0x24, 0x1f, 0xff, 0x00, 0x24, 0x1f, 0xff, 0x00, 0x24, 0x1f, 0xff, 0x00, 0x24, 0x1f, 0xff, 0x00, 0x24, 0x1f, 0xff, 0x00, 0x24, 0x1f, 0xff, 0x00, 0x24, 0x1f, 0xff, 0x00, 0x24, 0x1f, 0xff, 0x00, 0x24, 0x1f, 0xff, 0x00, 0x24, 0x1f, 0xff, 0x00, 0x24, 0x1f, 0xff, 0x00, 0x24, 0x1f, 0xff, 0x00, 0x24, 0x1f, 0xff, 0x00, 0x24, 0x1f, 0xff, 0x00, 0x24, 0x1f, 0xff, 
  0x00, 0x24, 0x1e, 0xff, 0x00, 0x24, 0x1e, 0xff, 0x00, 0x24, 0x1e, 0xff, 0x00, 0x24, 0x1e, 0xff, 0x00, 0x24, 0x1e, 0xff, 0x00, 0x24, 0x1e, 0xff, 0x00, 0x24, 0x1e, 0xff, 0x00, 0x24, 0x1e, 0xff, 0x00, 0x24, 0x1e, 0xff, 0x00, 0x24, 0x1e, 0xff, 0x00, 0x24, 0x1e, 0xff, 0x00, 0x24, 0x1e, 0xff, 0x00, 0x24, 0x1e, 0xff, 0x00, 0x24, 0x1e, 0xff, 0x00, 0x24, 0x1e, 0xff, 0x00, 0x24, 0x1e, 0xff, 0x00, 0x24, 0x1e, 0xff, 0x00, 0x24, 0x1e, 0xff, 
  0x00, 0x24, 0x1e, 0xff, 0x00, 0x24, 0x1e, 0xff, 0x00, 0x24, 0x1e, 0xff, 0x00, 0x24, 0x1e, 0xff, 0x00, 0x24, 0x1e, 0xff, 0x00, 0x24, 0x1e, 0xff, 0x00, 0x24, 0x1e, 0xff, 0x00, 0x24, 0x1e, 0xff, 0x00, 0x24, 0x1e, 0xff, 0x00, 0x24, 0x1e, 0xff, 0x00, 0x24, 0x1e, 0xff, 0x00, 0x24, 0x1e, 0xff, 0x00, 0x24, 0x1e, 0xff, 0x00, 0x24, 0x1e, 0xff, 0x00, 0x24, 0x1e, 0xff, 0x00, 0x24, 0x1e, 0xff, 0x00, 0x24, 0x1e, 0xff, 0x00, 0x24, 0x1e, 0xff, 
  0x00, 0x24, 0x1e, 0xff, 0x00, 0x24, 0x1e, 0xff, 0x00, 0x24, 0x1e, 0xff, 0x00, 0x24, 0x1e, 0xff, 0x00, 0x24, 0x1e, 0xff, 0x00, 0x24, 0x1e, 0xff, 0x00, 0x24, 0x1e, 0xff, 0x00, 0x24, 0x1e, 0xff, 0x00, 0x24, 0x1e, 0xff, 0x00, 0x24, 0x1e, 0xff, 0x00, 0x24, 0x1e, 0xff, 0x00, 0x24, 0x1e, 0xff, 0x00, 0x24, 0x1e, 0xff, 0x00, 0x24, 0x1e, 0xff, 0x00, 0x24, 0x1e, 0xff, 0x00, 0x24, 0x1e, 0xff, 0x00, 0x24, 0x1e, 0xff, 0x00, 0x24, 0x1e, 0xff, 
  0x00, 0x24, 0x1e, 0xff, 0x00, 0x24, 0x1e, 0xff, 0x00, 0x24, 0x1e, 0xff, 0x00, 0x24, 0x1e, 0xff, 0x00, 0x24, 0x1e, 0xff, 0x00, 0x24, 0x1e, 0xff, 0x00, 0x24, 0x1e, 0xff, 0x00, 0x24, 0x1e, 0xff, 0x00, 0x24, 0x1e, 0xff, 0x00, 0x24, 0x1e, 0xff, 0x00, 0x24, 0x1e, 0xff, 0x00, 0x24, 0x1e, 0xff, 0x00, 0x24, 0x1e, 0xff, 0x00, 0x24, 0x1e, 0xff, 0x00, 0x24, 0x1e, 0xff, 0x00, 0x24, 0x1e, 0xff, 0x00, 0x24, 0x1e, 0xff, 0x00, 0x24, 0x1e, 0xff, 
  0x00, 0x24, 0x1d, 0xff, 0x00, 0x24, 0x1d, 0xff, 0x00, 0x24, 0x1d, 0xff, 0x00, 0x24, 0x1d, 0xff, 0x00, 0x24, 0x1d, 0xff, 0x00, 0x24, 0x1d, 0xff, 0x00, 0x24, 0x1d, 0xff, 0x00, 0x24, 0x1d, 0xff, 0x00, 0x24, 0x1d, 0xff, 0x00, 0x24, 0x1d, 0xff, 0x00, 0x24, 0x1d, 0xff, 0x00, 0x24, 0x1d, 0xff, 0x00, 0x24, 0x1d, 0xff, 0x00, 0x24, 0x1d, 0xff, 0x00, 0x24, 0x1d, 0xff, 0x00, 0x24, 0x1d, 0xff, 0x00, 0x24, 0x1d, 0xff, 0x00, 0x24, 0x1d, 0xff, 
  0x00, 0x24, 0x1d, 0xff, 0x00, 0x24, 0x1d, 0xff, 0x00, 0x24, 0x1d, 0xff, 0x00, 0x24, 0x1d, 0xff, 0x00, 0x24, 0x1d, 0xff, 0x00, 0x24, 0x1d, 0xff, 0x00, 0x24, 0x1d, 0xff, 0x00, 0x24, 0x1d, 0xff, 0x00, 0x24, 0x1d, 0xff, 0x00, 0x24, 0x1d, 0xff, 0x00, 0x24, 0x1d, 0xff, 0x00, 0x24, 0x1d, 0xff, 0x00, 0x24, 0x1d, 0xff, 0x00, 0x24, 0x1d, 0xff, 0x00, 0x24, 0x1d, 0xff, 0x00, 0x24, 0x1d, 0xff, 0x00, 0x24, 0x1d, 0xff, 0x00, 0x24, 0x1d, 0xff, 
  0x00, 0x24, 0x1d, 0xff, 0x00, 0x24, 0x1d, 0xff, 0x00, 0x24, 0x1d, 0xff, 0x00, 0x24, 0x1d, 0xff, 0x00, 0x24, 0x1d, 0xff, 0x00, 0x24, 0x1d, 0xff, 0x00, 0x24, 0x1d, 0xff, 0x00, 0x24, 0x1d, 0xff, 0x00, 0x24, 0x1d, 0xff, 0x00, 0x24, 0x1d, 0xff, 0x00, 0x24, 0x1d, 0xff, 0x00, 0x24, 0x1d, 0xff, 0x00, 0x24, 0x1d, 0xff, 0x00, 0x24, 0x1d, 0xff, 0x00, 0x24, 0x1d, 0xff, 0x00, 0x24, 0x1d, 0xff, 0x00, 0x24, 0x1d, 0xff, 0x00, 0x24, 0x1d, 0xff, 
  0x00, 0x24, 0x1d, 0xff, 0x00, 0x24, 0x1d, 0xff, 0x00, 0x24, 0x1d, 0xff, 0x00, 0x24, 0x1d, 0xff, 0x00, 0x24, 0x1d, 0xff, 0x00, 0x24, 0x1d, 0xff, 0x00, 0x24, 0x1d, 0xff, 0x00, 0x24, 0x1d, 0xff, 0x00, 0x24, 0x1d, 0xff, 0x00, 0x24, 0x1d, 0xff, 0x00, 0x24, 0x1d, 0xff, 0x00, 0x24, 0x1d, 0xff, 0x00, 0x24, 0x1d, 0xff, 0x00, 0x24, 0x1d, 0xff, 0x00, 0x24, 0x1d, 0xff, 0x00, 0x24, 0x1d, 0xff, 0x00, 0x24, 0x1d, 0xff, 0x00, 0x24, 0x1d, 0xff, 
  0x00, 0x24, 0x1c, 0xff, 0x00, 0x24, 0x1c, 0xff, 0x00, 0x24, 0x1c, 0xff, 0x00, 0x24, 0x1c, 0xff, 0x00, 0x24, 0x1c, 0xff, 0x00, 0x24, 0x1c, 0xff, 0x00, 0x24, 0x1c, 0xff, 0x00, 0x24, 0x1c, 0xff, 0x00, 0x24, 0x1c, 0xff, 0x00, 0x24, 0x1c, 0xff, 0x00, 0x24, 0x1c, 0xff, 0x00, 0x24, 0x1c, 0xff, 0x00, 0x24, 0x1c, 0xff, 0x00, 0x24, 0x1c, 0xff, 0x00, 0x24, 0x1c, 0xff, 0x00, 0x24, 0x1c, 0xff, 0x00, 0x24, 0x1c, 0xff, 0x00, 0x24, 0x1c, 0xff, 
  0x00, 0x24, 0x1c, 0xff, 0x00, 0x24, 0x1c, 0xff, 0x00, 0x24, 0x1c, 0xff, 0x00, 0x24, 0x1c, 0xff, 0x00, 0x24, 0x1c, 0xff, 0x00, 0x24, 0x1c, 0xff, 0x00, 0x24, 0x1c, 0xff, 0x00, 0x24, 0x1c, 0xff, 0x00, 0x24, 0x1c, 0xff, 0x00, 0x24, 0x1c, 0xff, 0x00, 0x24, 0x1c, 0xff, 0x00, 0x24, 0x1c, 0xff, 0x00, 0x24, 0x1c, 0xff, 0x00, 0x24, 0x1c, 0xff, 0x00, 0x24, 0x1c, 0xff, 0x00, 0x24, 0x1c, 0xff, 0x00, 0x24, 0x1c, 0xff, 0x00, 0x24, 0x1c, 0xff, 
  0x00, 0x24, 0x1c, 0xff, 0x00, 0x24, 0x1c, 0xff, 0x00, 0x24, 0x1c, 0xff, 0x00, 0x24, 0x1c, 0xff, 0x00, 0x24, 0x1c, 0xff, 0x00, 0x24, 0x1c, 0xff, 0x00, 0x24, 0x1c, 0xff, 0x00, 0x24, 0x1c, 0xff, 0x00, 0x24, 0x1c, 0xff, 0x00, 0x24, 0x1c, 0xff, 0x00, 0x24, 0x1c, 0xff, 0x00, 0x24, 0x1c, 0xff, 0x00, 0x24, 0x1c, 0xff, 0x00, 0x24, 0x1c, 0xff, 0x00, 0x24, 0x1c, 0xff, 0x00, 0x24, 0x1c, 0xff, 0x00, 0x24, 0x1c, 0xff, 0x00, 0x24, 0x1c, 0xff, 
  0x00, 0x24, 0x1c, 0xff, 0x00, 0x24, 0x1c, 0xff, 0x00, 0x24, 0x1c, 0xff, 0x00, 0x24, 0x1c, 0xff, 0x00, 0x24, 0x1c, 0xff, 0x00, 0x24, 0x1c, 0xff, 0x00, 0x24, 0x1c, 0xff, 0x00, 0x24, 0x1c, 0xff, 0x00, 0x24, 0x1c, 0xff, 0x00, 0x24, 0x1c, 0xff, 0x00, 0x24, 0x1c, 0xff, 0x00, 0x24, 0x1c, 0xff, 0x00, 0x24, 0x1c, 0xff, 0x00, 0x24, 0x1c, 0xff, 0x00, 0x24, 0x1c, 0xff, 0x00, 0x24, 0x1c, 0xff, 0x00, 0x24, 0x1c, 0xff, 0x00, 0x24, 0x1c, 0xff, 
  0x00, 0x24, 0x1b, 0xff, 0x00, 0x24, 0x1b, 0xff, 0x00, 0x24, 0x1b, 0xff, 0x00, 0x24, 0x1b, 0xff, 0x00, 0x24, 0x1b, 0xff, 0x00, 0x24, 0x1b, 0xff, 0x00, 0x24, 0x1b, 0xff, 0x00, 0x24, 0x1b, 0xff, 0x00, 0x24, 0x1b, 0xff, 0x00, 0x24, 0x1b, 0xff, 0x00, 0x24, 0x1b, 0xff, 0x00, 0x24, 0x1b, 0xff, 0x00, 0x24, 0x1b, 0xff, 0x00, 0x24, 0x1b, 0xff, 0x00, 0x24, 0x1b, 0xff, 0x00, 0x24, 0x1b, 0xff, 0x00, 0x24, 0x1b, 0xff, 0x00, 0x24, 0x1b, 0xff, 
  0x00, 0x24, 0x1b, 0xff, 0x00, 0x24, 0x1b, 0xff, 0x00, 0x24, 0x1b, 0xff, 0x00, 0x24, 0x1b, 0xff, 0x00, 0x24, 0x1b, 0xff, 0x00, 0x24, 0x1b, 0xff, 0x00, 0x24, 0x1b, 0xff, 0x00, 0x24, 0x1b, 0xff, 0x00, 0x24, 0x1b, 0xff, 0x00, 0x24, 0x1b, 0xff, 0x00, 0x24, 0x1b, 0xff, 0x00, 0x24, 0x1b, 0xff, 0x00, 0x24, 0x1b, 0xff, 0x00, 0x24, 0x1b, 0xff, 0x00, 0x24, 0x1b, 0xff, 0x00, 0x24, 0x1b, 0xff, 0x00, 0x24, 0x1b, 0xff, 0x00, 0x24, 0x1b, 0xff, 
  0x00, 0x24, 0x1b, 0xff, 0x00, 0x24, 0x1b, 0xff, 0x00, 0x24, 0x1b, 0xff, 0x00, 0x24, 0x1b, 0xff, 0x00, 0x24, 0x1b, 0xff, 0x00, 0x24, 0x1b, 0xff, 0x00, 0x24, 0x1b, 0xff, 0x00, 0x24, 0x1b, 0xff, 0x00, 0x24, 0x1b, 0xff, 0x00, 0x24, 0x1b, 0xff, 0x00, 0x24, 0x1b, 0xff, 0x00, 0x24, 0x1b, 0xff, 0x00, 0x24, 0x1b, 0xff, 0x00, 0x24, 0x1b, 0xff, 0x00, 0x24, 0x1b, 0xff, 0x00, 0x24, 0x1b, 0xff, 0x00, 0x24, 0x1b, 0xff, 0x00, 0x24, 0x1b, 0xff, 
  0x00, 0x24, 0x1b, 0xff, 0x00, 0x24, 0x1b, 0xff, 0x00, 0x24, 0x1b, 0xff, 0x00, 0x24, 0x1b, 0xff, 0x00, 0x24, 0x1b, 0xff, 0x00, 0x24, 0x1b, 0xff, 0x00, 0x24, 0x1b, 0xff, 0x00, 0x24, 0x1b, 0xff, 0x00, 0x24, 0x1b, 0xff, 0x00, 0x24, 0x1b, 0xff, 0x00, 0x24, 0x1b, 0xff, 0x00, 0x24, 0x1b, 0xff, 0x00, 0x24, 0x1b, 0xff, 0x00, 0x24, 0x1b, 0xff, 0x00, 0x24, 0x1b, 0xff, 0x00, 0x24, 0x1b, 0xff, 0x00, 0x24, 0x1b, 0xff, 0x00, 0x24, 0x1b, 0xff, 
  0x00, 0x24, 0x1a, 0xff, 0x00, 0x24, 0x1a, 0xff, 0x00, 0x24, 0x1a, 0xff, 0x00, 0x24, 0x1a, 0xff, 0x00, 0x24, 0x1a, 0xff, 0x00, 0x24, 0x1a, 0xff, 0x00, 0x24, 0x1a, 0xff, 0x00, 0x24, 0x1a, 0xff, 0x00, 0x24, 0x1a, 0xff, 0x00, 0x24, 0x1a, 0xff, 0x00, 0x24, 0x1a, 0xff, 0x00, 0x24, 0x1a, 0xff, 0x00, 0x24, 0x1a, 0xff, 0x00, 0x24, 0x1a, 0xff, 0x00, 0x24, 0x1a, 0xff, 0x00, 0x24, 0x1a, 0xff, 0x00, 0x24, 0x1a, 0xff, 0x00, 0x24, 0x1a, 0xff, 
  0x00, 0x24, 0x1a, 0xff, 0x00, 0x24, 0x1a, 0xff, 0x00, 0x24, 0x1a, 0xff, 0x00, 0x24, 0x1a, 0xff, 0x00, 0x24, 0x1a, 0xff, 0x00, 0x24, 0x1a, 0xff, 0x00, 0x24, 0x1a, 0xff, 0x00, 0x24, 0x1a, 0xff, 0x00, 0x24, 0x1a, 0xff, 0x00, 0x24, 0x1a, 0xff, 0x00, 0x24, 0x1a, 0xff, 0x00, 0x24, 0x1a, 0xff, 0x00, 0x24, 0x1a, 0xff, 0x00, 0x24, 0x1a, 0xff, 0x00, 0x24, 0x1a, 0xff, 0x00, 0x24, 0x1a, 0xff, 0x00, 0x24, 0x1a, 0xff, 0x00, 0x24, 0x1a, 0xff, 
  0x00, 0x24, 0x1a, 0xff, 0x00, 0x24, 0x1a, 0xff, 0x00, 0x24, 0x1a, 0xff, 0x00, 0x24, 0x1a, 0xff, 0x00, 0x24, 0x1a, 0xff, 0x00, 0x24, 0x1a, 0xff, 0x00, 0x24, 0x1a, 0xff, 0x00, 0x24, 0x1a, 0xff, 0x00, 0x24, 0x1a, 0xff, 0x00, 0x24, 0x1a, 0xff, 0x00, 0x24, 0x1a, 0xff, 0x00, 0x24, 0x1a, 0xff, 0x00, 0x24, 0x1a, 0xff, 0x00, 0x24, 0x1a, 0xff, 0x00, 0x24, 0x1a, 0xff, 0x00, 0x24, 0x1a, 0xff, 0x00, 0x24, 0x1a, 0xff, 0x00, 0x24, 0x1a, 0xff, 
  0x00, 0x24, 0x1a, 0xff, 0x00, 0x24, 0x1a, 0xff, 0x00, 0x24, 0x1a, 0xff, 0x00, 0x24, 0x1a, 0xff, 0x00, 0x24, 0x1a, 0xff, 0x00, 0x24, 0x1a, 0xff, 0x00, 0x24, 0x1a, 0xff, 0x00, 0x24, 0x1a, 0xff, 0x00, 0x24, 0x1a, 0xff, 0x00, 0x24, 0x1a, 0xff, 0x00, 0x24, 0x1a, 0xff, 0x00, 0x24, 0x1a, 0xff, 0x00, 0x24, 0x1a, 0xff, 0x00, 0x24, 0x1a, 0xff, 0x00, 0x24, 0x1a, 0xff, 0x00, 0x24, 0x1a, 0xff, 0x00, 0x24, 0x1a, 0xff, 0x00, 0x24, 0x1a, 0xff, 
  0x00, 0x24, 0x19, 0xff, 0x00, 0x24, 0x19, 0xff, 0x00, 0x24, 0x19, 0xff, 0x00, 0x24, 0x19, 0xff, 0x00, 0x24, 0x19, 0xff, 0x00, 0x24, 0x19, 0xff, 0x00, 0x24, 0x19, 0xff, 0x00, 0x24, 0x19, 0xff, 0x00, 0x24, 0x19, 0xff, 0x00, 0x24, 0x19, 0xff, 0x00, 0x24, 0x19, 0xff, 0x00, 0x24, 0x19, 0xff, 0x00, 0x24, 0x19, 0xff, 0x00, 0x24, 0x19, 0xff, 0x00, 0x24, 0x19, 0xff, 0x00, 0x24, 0x19, 0xff, 0x00, 0x24, 0x19, 0xff, 0x00, 0x24, 0x19, 0xff, 
  0x00, 0x24, 0x19, 0xff, 0x00, 0x24, 0x19, 0xff, 0x00, 0x24, 0x19, 0xff, 0x00, 0x24, 0x19, 0xff, 0x00, 0x24, 0x19, 0xff, 0x00, 0x24, 0x19, 0xff, 0x00, 0x24, 0x19, 0xff, 0x00, 0x24, 0x19, 0xff, 0x00, 0x24, 0x19, 0xff, 0x00, 0x24, 0x19, 0xff, 0x00, 0x24, 0x19, 0xff, 0x00, 0x24, 0x19, 0xff, 0x00, 0x24, 0x19, 0xff, 0x00, 0x24, 0x19, 0xff, 0x00, 0x24, 0x19, 0xff, 0x00, 0x24, 0x19, 0xff, 0x00, 0x24, 0x19, 0xff, 0x00, 0x24, 0x19, 0xff, 
  0x00, 0x24, 0x19, 0xff, 0x00, 0x24, 0x19, 0xff, 0x00, 0x24, 0x19, 0xff, 0x00, 0x24, 0x19, 0xff, 0x00, 0x24, 0x19, 0xff, 0x00, 0x24, 0x19, 0xff, 0x00, 0x24, 0x19, 0xff, 0x00, 0x24, 0x19, 0xff, 0x00, 0x24, 0x19, 0xff, 0x00, 0x24, 0x19, 0xff, 0x00, 0x24, 0x19, 0xff, 0x00, 0x24, 0x19, 0xff, 0x00, 0x24, 0x19, 0xff, 0x00, 0x24, 0x19, 0xff, 0x00, 0x24, 0x19, 0xff, 0x00, 0x24, 0x19, 0xff, 0x00, 0x24, 0x19, 0xff, 0x00, 0x24, 0x19, 0xff, 
  0x00, 0x24, 0x19, 0xff, 0x00, 0x24, 0x19, 0xff, 0x00, 0x24, 0x19, 0xff, 0x00, 0x24, 0x19, 0xff, 0x00, 0x24, 0x19, 0xff, 0x00, 0x24, 0x19, 0xff, 0x00, 0x24, 0x19, 0xff, 0x00, 0x24, 0x19, 0xff, 0x00, 0x24, 0x19, 0xff, 0x00, 0x24, 0x19, 0xff, 0x00, 0x24, 0x19, 0xff, 0x00, 0x24, 0x19, 0xff, 0x00, 0x24, 0x19, 0xff, 0x00, 0x24, 0x19, 0xff, 0x00, 0x24, 0x19, 0xff, 0x00, 0x24, 0x19, 0xff, 0x00, 0x24, 0x19, 0xff, 0x00, 0x24, 0x19, 0xff, 
  0x00, 0x24, 0x18, 0xff, 0x00, 0x24, 0x18, 0xff, 0x00, 0x24, 0x18, 0xff, 0x00, 0x24, 0x18, 0xff, 0x00, 0x24, 0x18, 0xff, 0x00, 0x24, 0x18, 0xff, 0x00, 0x24, 0x18, 0xff, 0x00, 0x24, 0x18, 0xff, 0x00, 0x24, 0x18, 0xff, 0x00, 0x24, 0x18, 0xff, 0x00, 0x24, 0x18, 0xff, 0x00, 0x24, 0x18, 0xff, 0x00, 0x24, 0x18, 0xff, 0x00, 0x24, 0x18, 0xff, 0x00, 0x24, 0x18, 0xff, 0x00, 0x24, 0x18, 0xff, 0x00, 0x24, 0x18, 0xff, 0x00, 0x24, 0x18, 0xff, 
  0x00, 0x24, 0x18, 0xff, 0x00, 0x24, 0x18, 0xff, 0x00, 0x24, 0x18, 0xff, 0x00, 0x24, 0x18, 0xff, 0x00, 0x24, 0x18, 0xff, 0x00, 0x24, 0x18, 0xff, 0x00, 0x24, 0x18, 0xff, 0x00, 0x24, 0x18, 0xff, 0x00, 0x24, 0x18, 0xff, 0x00, 0x24, 0x18, 0xff, 0x00, 0x24, 0x18, 0xff, 0x00, 0x24, 0x18, 0xff, 0x00, 0x24, 0x18, 0xff, 0x00, 0x24, 0x18, 0xff, 0x00, 0x24, 0x18, 0xff, 0x00, 0x24, 0x18, 0xff, 0x00, 0x24, 0x18, 0xff, 0x00, 0x24, 0x18, 0xff, 
  0x00, 0x24, 0x18, 0xff, 0x00, 0x24, 0x18, 0xff, 0x00, 0x24, 0x18, 0xff, 0x00, 0x24, 0x18, 0xff, 0x00, 0x24, 0x18, 0xff, 0x00, 0x24, 0x18, 0xff, 0x00, 0x24, 0x18, 0xff, 0x00, 0x24, 0x18, 0xff, 0x00, 0x24, 0x18, 0xff, 0x00, 0x24, 0x18, 0xff, 0x00, 0x24, 0x18, 0xff, 0x00, 0x24, 0x18, 0xff, 0x00, 0x24, 0x18, 0xff, 0x00, 0x24, 0x18, 0xff, 0x00, 0x24, 0x18, 0xff, 0x00, 0x24, 0x18, 0xff, 0x00, 0x24, 0x18, 0xff, 0x00, 0x24, 0x18, 0xff, 
  0x00, 0x24, 0x17, 0xff, 0x00, 0x24, 0x17, 0xff, 0x00, 0x24, 0x17, 0xff, 0x00, 0x24, 0x17, 0xff, 0x00, 0x24, 0x17, 0xff, 0x00, 0x24, 0x17, 0xff, 0x00, 0x24, 0x17, 0xff, 0x00, 0x24, 0x17, 0xff, 0x00, 0x24, 0x17, 0xff, 0x00, 0x24, 0x17, 0xff, 0x00, 0x24, 0x17, 0xff, 0x00, 0x24, 0x17, 0xff, 0x00, 0x24, 0x17, 0xff, 0x00, 0x24, 0x17, 0xff, 0x00, 0x24, 0x17, 0xff, 0x00, 0x24, 0x17, 0xff, 0x00, 0x24, 0x17, 0xff, 0x00, 0x24, 0x17, 0xff, 
  0x00, 0x24, 0x17, 0xff, 0x00, 0x24, 0x17, 0xff, 0x00, 0x24, 0x17, 0xff, 0x00, 0x24, 0x17, 0xff, 0x00, 0x24, 0x17, 0xff, 0x00, 0x24, 0x17, 0xff, 0x00, 0x24, 0x17, 0xff, 0x00, 0x24, 0x17, 0xff, 0x00, 0x24, 0x17, 0xff, 0x00, 0x24, 0x17, 0xff, 0x00, 0x24, 0x17, 0xff, 0x00, 0x24, 0x17, 0xff, 0x00, 0x24, 0x17, 0xff, 0x00, 0x24, 0x17, 0xff, 0x00, 0x24, 0x17, 0xff, 0x00, 0x24, 0x17, 0xff, 0x00, 0x24, 0x17, 0xff, 0x00, 0x24, 0x17, 0xff, 
  0x00, 0x24, 0x17, 0xff, 0x00, 0x24, 0x17, 0xff, 0x00, 0x24, 0x17, 0xff, 0x00, 0x24, 0x17, 0xff, 0x00, 0x24, 0x17, 0xff, 0x00, 0x24, 0x17, 0xff, 0x00, 0x24, 0x17, 0xff, 0x00, 0x24, 0x17, 0xff, 0x00, 0x24, 0x17, 0xff, 0x00, 0x24, 0x17, 0xff, 0x00, 0x24, 0x17, 0xff, 0x00, 0x24, 0x17, 0xff, 0x00, 0x24, 0x17, 0xff, 0x00, 0x24, 0x17, 0xff, 0x00, 0x24, 0x17, 0xff, 0x00, 0x24, 0x17, 0xff, 0x00, 0x24, 0x17, 0xff, 0x00, 0x24, 0x17, 0xff, 
  0x00, 0x24, 0x17, 0xff, 0x00, 0x24, 0x17, 0xff, 0x00, 0x24, 0x17, 0xff, 0x00, 0x24, 0x17, 0xff, 0x00, 0x24, 0x17, 0xff, 0x00, 0x24, 0x17, 0xff, 0x00, 0x24, 0x17, 0xff, 0x00, 0x24, 0x17, 0xff, 0x00, 0x24, 0x17, 0xff, 0x00, 0x24, 0x17, 0xff, 0x00, 0x24, 0x17, 0xff, 0x00, 0x24, 0x17, 0xff, 0x00, 0x24, 0x17, 0xff, 0x00, 0x24, 0x17, 0xff, 0x00, 0x24, 0x17, 0xff, 0x00, 0x24, 0x17, 0xff, 0x00, 0x24, 0x17, 0xff, 0x00, 0x24, 0x17, 0xff, 
  0x00, 0x24, 0x16, 0xff, 0x00, 0x24, 0x16, 0xff, 0x00, 0x24, 0x16, 0xff, 0x00, 0x24, 0x16, 0xff, 0x00, 0x24, 0x16, 0xff, 0x00, 0x24, 0x16, 0xff, 0x00, 0x24, 0x16, 0xff, 0x00, 0x24, 0x16, 0xff, 0x00, 0x24, 0x16, 0xff, 0x00, 0x24, 0x16, 0xff, 0x00, 0x24, 0x16, 0xff, 0x00, 0x24, 0x16, 0xff, 0x00, 0x24, 0x16, 0xff, 0x00, 0x24, 0x16, 0xff, 0x00, 0x24, 0x16, 0xff, 0x00, 0x24, 0x16, 0xff, 0x00, 0x24, 0x16, 0xff, 0x00, 0x24, 0x16, 0xff, 
  0x00, 0x24, 0x16, 0xff, 0x00, 0x24, 0x16, 0xff, 0x00, 0x24, 0x16, 0xff, 0x00, 0x24, 0x16, 0xff, 0x00, 0x24, 0x16, 0xff, 0x00, 0x24, 0x16, 0xff, 0x00, 0x24, 0x16, 0xff, 0x00, 0x24, 0x16, 0xff, 0x00, 0x24, 0x16, 0xff, 0x00, 0x24, 0x16, 0xff, 0x00, 0x24, 0x16, 0xff, 0x00, 0x24, 0x16, 0xff, 0x00, 0x24, 0x16, 0xff, 0x00, 0x24, 0x16, 0xff, 0x00, 0x24, 0x16, 0xff, 0x00, 0x24, 0x16, 0xff, 0x00, 0x24, 0x16, 0xff, 0x00, 0x24, 0x16, 0xff, 
  0x00, 0x24, 0x16, 0xff, 0x00, 0x24, 0x16, 0xff, 0x00, 0x24, 0x16, 0xff, 0x00, 0x24, 0x16, 0xff, 0x00, 0x24, 0x16, 0xff, 0x00, 0x24, 0x16, 0xff, 0x00, 0x24, 0x16, 0xff, 0x00, 0x24, 0x16, 0xff, 0x00, 0x24, 0x16, 0xff, 0x00, 0x24, 0x16, 0xff, 0x00, 0x24, 0x16, 0xff, 0x00, 0x24, 0x16, 0xff, 0x00, 0x24, 0x16, 0xff, 0x00, 0x24, 0x16, 0xff, 0x00, 0x24, 0x16, 0xff, 0x00, 0x24, 0x16, 0xff, 0x00, 0x24, 0x16, 0xff, 0x00, 0x24, 0x16, 0xff, 
  0x00, 0x24, 0x16, 0xff, 0x00, 0x24, 0x16, 0xff, 0x00, 0x24, 0x16, 0xff, 0x00, 0x24, 0x16, 0xff, 0x00, 0x24, 0x16, 0xff, 0x00, 0x24, 0x16, 0xff, 0x00, 0x24, 0x16, 0xff, 0x00, 0x24, 0x16, 0xff, 0x00, 0x24, 0x16, 0xff, 0x00, 0x24, 0x16, 0xff, 0x00, 0x24, 0x16, 0xff, 0x00, 0x24, 0x16, 0xff, 0x00, 0x24, 0x16, 0xff, 0x00, 0x24, 0x16, 0xff, 0x00, 0x24, 0x16, 0xff, 0x00, 0x24, 0x16, 0xff, 0x00, 0x24, 0x16, 0xff, 0x00, 0x24, 0x16, 0xff, 
  0x00, 0x24, 0x15, 0xff, 0x00, 0x24, 0x15, 0xff, 0x00, 0x24, 0x15, 0xff, 0x00, 0x24, 0x15, 0xff, 0x00, 0x24, 0x15, 0xff, 0x00, 0x24, 0x15, 0xff, 0x00, 0x24, 0x15, 0xff, 0x00, 0x24, 0x15, 0xff, 0x00, 0x24, 0x15, 0xff, 0x00, 0x24, 0x15, 0xff, 0x00, 0x24, 0x15, 0xff, 0x00, 0x24, 0x15, 0xff, 0x00, 0x24, 0x15, 0xff, 0x00, 0x24, 0x15, 0xff, 0x00, 0x24, 0x15, 0xff, 0x00, 0x24, 0x15, 0xff, 0x00, 0x24, 0x15, 0xff, 0x00, 0x24, 0x15, 0xff, 
  0x00, 0x24, 0x15, 0xff, 0x00, 0x24, 0x15, 0xff, 0x00, 0x24, 0x15, 0xff, 0x00, 0x24, 0x15, 0xff, 0x00, 0x24, 0x15, 0xff, 0x00, 0x24, 0x15, 0xff, 0x00, 0x24, 0x15, 0xff, 0x00, 0x24, 0x15, 0xff, 0x00, 0x24, 0x15, 0xff, 0x00, 0x24, 0x15, 0xff, 0x00, 0x24, 0x15, 0xff, 0x00, 0x24, 0x15, 0xff, 0x00, 0x24, 0x15, 0xff, 0x00, 0x24, 0x15, 0xff, 0x00, 0x24, 0x15, 0xff, 0x00, 0x24, 0x15, 0xff, 0x00, 0x24, 0x15, 0xff, 0x00, 0x24, 0x15, 0xff, 
  0x00, 0x24, 0x15, 0xff, 0x00, 0x24, 0x15, 0xff, 0x00, 0x24, 0x15, 0xff, 0x00, 0x24, 0x15, 0xff, 0x00, 0x24, 0x15, 0xff, 0x00, 0x24, 0x15, 0xff, 0x00, 0x24, 0x15, 0xff, 0x00, 0x24, 0x15, 0xff, 0x00, 0x24, 0x15, 0xff, 0x00, 0x24, 0x15, 0xff, 0x00, 0x24, 0x15, 0xff, 0x00, 0x24, 0x15, 0xff, 0x00, 0x24, 0x15, 0xff, 0x00, 0x24, 0x15, 0xff, 0x00, 0x24, 0x15, 0xff, 0x00, 0x24, 0x15, 0xff, 0x00, 0x24, 0x15, 0xff, 0x00, 0x24, 0x15, 0xff, 
  0x00, 0x24, 0x15, 0xff, 0x00, 0x24, 0x15, 0xff, 0x00, 0x24, 0x15, 0xff, 0x00, 0x24, 0x15, 0xff, 0x00, 0x24, 0x15, 0xff, 0x00, 0x24, 0x15, 0xff, 0x00, 0x24, 0x15, 0xff, 0x00, 0x24, 0x15, 0xff, 0x00, 0x24, 0x15, 0xff, 0x00, 0x24, 0x15, 0xff, 0x00, 0x24, 0x15, 0xff, 0x00, 0x24, 0x15, 0xff, 0x00, 0x24, 0x15, 0xff, 0x00, 0x24, 0x15, 0xff, 0x00, 0x24, 0x15, 0xff, 0x00, 0x24, 0x15, 0xff, 0x00, 0x24, 0x15, 0xff, 0x00, 0x24, 0x15, 0xff, 
  0x00, 0x24, 0x14, 0xff, 0x00, 0x24, 0x14, 0xff, 0x00, 0x24, 0x14, 0xff, 0x00, 0x24, 0x14, 0xff, 0x00, 0x24, 0x14, 0xff, 0x00, 0x24, 0x14, 0xff, 0x00, 0x24, 0x14, 0xff, 0x00, 0x24, 0x14, 0xff, 0x00, 0x24, 0x14, 0xff, 0x00, 0x24, 0x14, 0xff, 0x00, 0x24, 0x14, 0xff, 0x00, 0x24, 0x14, 0xff, 0x00, 0x24, 0x14, 0xff, 0x00, 0x24, 0x14, 0xff, 0x00, 0x24, 0x14, 0xff, 0x00, 0x24, 0x14, 0xff, 0x00, 0x24, 0x14, 0xff, 0x00, 0x24, 0x14, 0xff, 
  0x00, 0x24, 0x14, 0xff, 0x00, 0x24, 0x14, 0xff, 0x00, 0x24, 0x14, 0xff, 0x00, 0x24, 0x14, 0xff, 0x00, 0x24, 0x14, 0xff, 0x00, 0x24, 0x14, 0xff, 0x00, 0x24, 0x14, 0xff, 0x00, 0x24, 0x14, 0xff, 0x00, 0x24, 0x14, 0xff, 0x00, 0x24, 0x14, 0xff, 0x00, 0x24, 0x14, 0xff, 0x00, 0x24, 0x14, 0xff, 0x00, 0x24, 0x14, 0xff, 0x00, 0x24, 0x14, 0xff, 0x00, 0x24, 0x14, 0xff, 0x00, 0x24, 0x14, 0xff, 0x00, 0x24, 0x14, 0xff, 0x00, 0x24, 0x14, 0xff, 
  0x00, 0x24, 0x14, 0xff, 0x00, 0x24, 0x14, 0xff, 0x00, 0x24, 0x14, 0xff, 0x00, 0x24, 0x14, 0xff, 0x00, 0x24, 0x14, 0xff, 0x00, 0x24, 0x14, 0xff, 0x00, 0x24, 0x14, 0xff, 0x00, 0x24, 0x14, 0xff, 0x00, 0x24, 0x14, 0xff, 0x00, 0x24, 0x14, 0xff, 0x00, 0x24, 0x14, 0xff, 0x00, 0x24, 0x14, 0xff, 0x00, 0x24, 0x14, 0xff, 0x00, 0x24, 0x14, 0xff, 0x00, 0x24, 0x14, 0xff, 0x00, 0x24, 0x14, 0xff, 0x00, 0x24, 0x14, 0xff, 0x00, 0x24, 0x14, 0xff, 
  0x00, 0x24, 0x13, 0xff, 0x00, 0x24, 0x13, 0xff, 0x00, 0x24, 0x13, 0xff, 0x00, 0x24, 0x13, 0xff, 0x00, 0x24, 0x13, 0xff, 0x00, 0x24, 0x13, 0xff, 0x00, 0x24, 0x13, 0xff, 0x00, 0x24, 0x13, 0xff, 0x00, 0x24, 0x13, 0xff, 0x00, 0x24, 0x13, 0xff, 0x00, 0x24, 0x13, 0xff, 0x00, 0x24, 0x13, 0xff, 0x00, 0x24, 0x13, 0xff, 0x00, 0x24, 0x13, 0xff, 0x00, 0x24, 0x13, 0xff, 0x00, 0x24, 0x13, 0xff, 0x00, 0x24, 0x13, 0xff, 0x00, 0x24, 0x13, 0xff, 
  0x00, 0x24, 0x13, 0xff, 0x00, 0x24, 0x13, 0xff, 0x00, 0x24, 0x13, 0xff, 0x00, 0x24, 0x13, 0xff, 0x00, 0x24, 0x13, 0xff, 0x00, 0x24, 0x13, 0xff, 0x00, 0x24, 0x13, 0xff, 0x00, 0x24, 0x13, 0xff, 0x00, 0x24, 0x13, 0xff, 0x00, 0x24, 0x13, 0xff, 0x00, 0x24, 0x13, 0xff, 0x00, 0x24, 0x13, 0xff, 0x00, 0x24, 0x13, 0xff, 0x00, 0x24, 0x13, 0xff, 0x00, 0x24, 0x13, 0xff, 0x00, 0x24, 0x13, 0xff, 0x00, 0x24, 0x13, 0xff, 0x00, 0x24, 0x13, 0xff, 
  0x00, 0x24, 0x13, 0xff, 0x00, 0x24, 0x13, 0xff, 0x00, 0x24, 0x13, 0xff, 0x00, 0x24, 0x13, 0xff, 0x00, 0x24, 0x13, 0xff, 0x00, 0x24, 0x13, 0xff, 0x00, 0x24, 0x13, 0xff, 0x00, 0x24, 0x13, 0xff, 0x00, 0x24, 0x13, 0xff, 0x00, 0x24, 0x13, 0xff, 0x00, 0x24, 0x13, 0xff, 0x00, 0x24, 0x13, 0xff, 0x00, 0x24, 0x13, 0xff, 0x00, 0x24, 0x13, 0xff, 0x00, 0x24, 0x13, 0xff, 0x00, 0x24, 0x13, 0xff, 0x00, 0x24, 0x13, 0xff, 0x00, 0x24, 0x13, 0xff, 
  0x00, 0x24, 0x13, 0xff, 0x00, 0x24, 0x13, 0xff, 0x00, 0x24, 0x13, 0xff, 0x00, 0x24, 0x13, 0xff, 0x00, 0x24, 0x13, 0xff, 0x00, 0x24, 0x13, 0xff, 0x00, 0x24, 0x13, 0xff, 0x00, 0x24, 0x13, 0xff, 0x00, 0x24, 0x13, 0xff, 0x00, 0x24, 0x13, 0xff, 0x00, 0x24, 0x13, 0xff, 0x00, 0x24, 0x13, 0xff, 0x00, 0x24, 0x13, 0xff, 0x00, 0x24, 0x13, 0xff, 0x00, 0x24, 0x13, 0xff, 0x00, 0x24, 0x13, 0xff, 0x00, 0x24, 0x13, 0xff, 0x00, 0x24, 0x13, 0xff, 
  0x00, 0x24, 0x12, 0xff, 0x00, 0x24, 0x12, 0xff, 0x00, 0x24, 0x12, 0xff, 0x00, 0x24, 0x12, 0xff, 0x00, 0x24, 0x12, 0xff, 0x00, 0x24, 0x12, 0xff, 0x00, 0x24, 0x12, 0xff, 0x00, 0x24, 0x12, 0xff, 0x00, 0x24, 0x12, 0xff, 0x00, 0x24, 0x12, 0xff, 0x00, 0x24, 0x12, 0xff, 0x00, 0x24, 0x12, 0xff, 0x00, 0x24, 0x12, 0xff, 0x00, 0x24, 0x12, 0xff, 0x00, 0x24, 0x12, 0xff, 0x00, 0x24, 0x12, 0xff, 0x00, 0x24, 0x12, 0xff, 0x00, 0x24, 0x12, 0xff, 
  0x00, 0x24, 0x12, 0xff, 0x00, 0x24, 0x12, 0xff, 0x00, 0x24, 0x12, 0xff, 0x00, 0x24, 0x12, 0xff, 0x00, 0x24, 0x12, 0xff, 0x00, 0x24, 0x12, 0xff, 0x00, 0x24, 0x12, 0xff, 0x00, 0x24, 0x12, 0xff, 0x00, 0x24, 0x12, 0xff, 0x00, 0x24, 0x12, 0xff, 0x00, 0x24, 0x12, 0xff, 0x00, 0x24, 0x12, 0xff, 0x00, 0x24, 0x12, 0xff, 0x00, 0x24, 0x12, 0xff, 0x00, 0x24, 0x12, 0xff, 0x00, 0x24, 0x12, 0xff, 0x00, 0x24, 0x12, 0xff, 0x00, 0x24, 0x12, 0xff, 
  0x00, 0x24, 0x12, 0xff, 0x00, 0x24, 0x12, 0xff, 0x00, 0x24, 0x12, 0xff, 0x00, 0x24, 0x12, 0xff, 0x00, 0x24, 0x12, 0xff, 0x00, 0x24, 0x12, 0xff, 0x00, 0x24, 0x12, 0xff, 0x00, 0x24, 0x12, 0xff, 0x00, 0x24, 0x12, 0xff, 0x00, 0x24, 0x12, 0xff, 0x00, 0x24, 0x12, 0xff, 0x00, 0x24, 0x12, 0xff, 0x00, 0x24, 0x12, 0xff, 0x00, 0x24, 0x12, 0xff, 0x00, 0x24, 0x12, 0xff, 0x00, 0x24, 0x12, 0xff, 0x00, 0x24, 0x12, 0xff, 0x00, 0x24, 0x12, 0xff, 
  0x00, 0x24, 0x12, 0xff, 0x00, 0x24, 0x12, 0xff, 0x00, 0x24, 0x12, 0xff, 0x00, 0x24, 0x12, 0xff, 0x00, 0x24, 0x12, 0xff, 0x00, 0x24, 0x12, 0xff, 0x00, 0x24, 0x12, 0xff, 0x00, 0x24, 0x12, 0xff, 0x00, 0x24, 0x12, 0xff, 0x00, 0x24, 0x12, 0xff, 0x00, 0x24, 0x12, 0xff, 0x00, 0x24, 0x12, 0xff, 0x00, 0x24, 0x12, 0xff, 0x00, 0x24, 0x12, 0xff, 0x00, 0x24, 0x12, 0xff, 0x00, 0x24, 0x12, 0xff, 0x00, 0x24, 0x12, 0xff, 0x00, 0x24, 0x12, 0xff, 
  0x00, 0x24, 0x11, 0xff, 0x00, 0x24, 0x11, 0xff, 0x00, 0x24, 0x11, 0xff, 0x00, 0x24, 0x11, 0xff, 0x00, 0x24, 0x11, 0xff, 0x00, 0x24, 0x11, 0xff, 0x00, 0x24, 0x11, 0xff, 0x00, 0x24, 0x11, 0xff, 0x00, 0x24, 0x11, 0xff, 0x00, 0x24, 0x11, 0xff, 0x00, 0x24, 0x11, 0xff, 0x00, 0x24, 0x11, 0xff, 0x00, 0x24, 0x11, 0xff, 0x00, 0x24, 0x11, 0xff, 0x00, 0x24, 0x11, 0xff, 0x00, 0x24, 0x11, 0xff, 0x00, 0x24, 0x11, 0xff, 0x00, 0x24, 0x11, 0xff, 
  0x00, 0x24, 0x11, 0xff, 0x00, 0x24, 0x11, 0xff, 0x00, 0x24, 0x11, 0xff, 0x00, 0x24, 0x11, 0xff, 0x00, 0x24, 0x11, 0xff, 0x00, 0x24, 0x11, 0xff, 0x00, 0x24, 0x11, 0xff, 0x00, 0x24, 0x11, 0xff, 0x00, 0x24, 0x11, 0xff, 0x00, 0x24, 0x11, 0xff, 0x00, 0x24, 0x11, 0xff, 0x00, 0x24, 0x11, 0xff, 0x00, 0x24, 0x11, 0xff, 0x00, 0x24, 0x11, 0xff, 0x00, 0x24, 0x11, 0xff, 0x00, 0x24, 0x11, 0xff, 0x00, 0x24, 0x11, 0xff, 0x00, 0x24, 0x11, 0xff, 
  0x00, 0x24, 0x11, 0xff, 0x00, 0x24, 0x11, 0xff, 0x00, 0x24, 0x11, 0xff, 0x00, 0x24, 0x11, 0xff, 0x00, 0x24, 0x11, 0xff, 0x00, 0x24, 0x11, 0xff, 0x00, 0x24, 0x11, 0xff, 0x00, 0x24, 0x11, 0xff, 0x00, 0x24, 0x11, 0xff, 0x00, 0x24, 0x11, 0xff, 0x00, 0x24, 0x11, 0xff, 0x00, 0x24, 0x11, 0xff, 0x00, 0x24, 0x11, 0xff, 0x00, 0x24, 0x11, 0xff, 0x00, 0x24, 0x11, 0xff, 0x00, 0x24, 0x11, 0xff, 0x00, 0x24, 0x11, 0xff, 0x00, 0x24, 0x11, 0xff, 
  0x00, 0x24, 0x11, 0xff, 0x00, 0x24, 0x11, 0xff, 0x00, 0x24, 0x11, 0xff, 0x00, 0x24, 0x11, 0xff, 0x00, 0x24, 0x11, 0xff, 0x00, 0x24, 0x11, 0xff, 0x00, 0x24, 0x11, 0xff, 0x00, 0x24, 0x11, 0xff, 0x00, 0x24, 0x11, 0xff, 0x00, 0x24, 0x11, 0xff, 0x00, 0x24, 0x11, 0xff, 0x00, 0x24, 0x11, 0xff, 0x00, 0x24, 0x11, 0xff, 0x00, 0x24, 0x11, 0xff, 0x00, 0x24, 0x11, 0xff, 0x00, 0x24, 0x11, 0xff, 0x00, 0x24, 0x11, 0xff, 0x00, 0x24, 0x11, 0xff, 
  0x00, 0x24, 0x10, 0xff, 0x00, 0x24, 0x10, 0xff, 0x00, 0x24, 0x10, 0xff, 0x00, 0x24, 0x10, 0xff, 0x00, 0x24, 0x10, 0xff, 0x00, 0x24, 0x10, 0xff, 0x00, 0x24, 0x10, 0xff, 0x00, 0x24, 0x10, 0xff, 0x00, 0x24, 0x10, 0xff, 0x00, 0x24, 0x10, 0xff, 0x00, 0x24, 0x10, 0xff, 0x00, 0x24, 0x10, 0xff, 0x00, 0x24, 0x10, 0xff, 0x00, 0x24, 0x10, 0xff, 0x00, 0x24, 0x10, 0xff, 0x00, 0x24, 0x10, 0xff, 0x00, 0x24, 0x10, 0xff, 0x00, 0x24, 0x10, 0xff, 
  0x00, 0x24, 0x10, 0xff, 0x00, 0x24, 0x10, 0xff, 0x00, 0x24, 0x10, 0xff, 0x00, 0x24, 0x10, 0xff, 0x00, 0x24, 0x10, 0xff, 0x00, 0x24, 0x10, 0xff, 0x00, 0x24, 0x10, 0xff, 0x00, 0x24, 0x10, 0xff, 0x00, 0x24, 0x10, 0xff, 0x00, 0x24, 0x10, 0xff, 0x00, 0x24, 0x10, 0xff, 0x00, 0x24, 0x10, 0xff, 0x00, 0x24, 0x10, 0xff, 0x00, 0x24, 0x10, 0xff, 0x00, 0x24, 0x10, 0xff, 0x00, 0x24, 0x10, 0xff, 0x00, 0x24, 0x10, 0xff, 0x00, 0x24, 0x10, 0xff, 
  0x00, 0x24, 0x10, 0xff, 0x00, 0x24, 0x10, 0xff, 0x00, 0x24, 0x10, 0xff, 0x00, 0x24, 0x10, 0xff, 0x00, 0x24, 0x10, 0xff, 0x00, 0x24, 0x10, 0xff, 0x00, 0x24, 0x10, 0xff, 0x00, 0x24, 0x10, 0xff, 0x00, 0x24, 0x10, 0xff, 0x00, 0x24, 0x10, 0xff, 0x00, 0x24, 0x10, 0xff, 0x00, 0x24, 0x10, 0xff, 0x00, 0x24, 0x10, 0xff, 0x00, 0x24, 0x10, 0xff, 0x00, 0x24, 0x10, 0xff, 0x00, 0x24, 0x10, 0xff, 0x00, 0x24, 0x10, 0xff, 0x00, 0x24, 0x10, 0xff, 
  0x00, 0x24, 0x10, 0xff, 0x00, 0x24, 0x10, 0xff, 0x00, 0x24, 0x10, 0xff, 0x00, 0x24, 0x10, 0xff, 0x00, 0x24, 0x10, 0xff, 0x00, 0x24, 0x10, 0xff, 0x00, 0x24, 0x10, 0xff, 0x00, 0x24, 0x10, 0xff, 0x00, 0x24, 0x10, 0xff, 0x00, 0x24, 0x10, 0xff, 0x00, 0x24, 0x10, 0xff, 0x00, 0x24, 0x10, 0xff, 0x00, 0x24, 0x10, 0xff, 0x00, 0x24, 0x10, 0xff, 0x00, 0x24, 0x10, 0xff, 0x00, 0x24, 0x10, 0xff, 0x00, 0x24, 0x10, 0xff, 0x00, 0x24, 0x10, 0xff, 
  0x00, 0x24, 0x0f, 0xff, 0x00, 0x24, 0x0f, 0xff, 0x00, 0x24, 0x0f, 0xff, 0x00, 0x24, 0x0f, 0xff, 0x00, 0x24, 0x0f, 0xff, 0x00, 0x24, 0x0f, 0xff, 0x00, 0x24, 0x0f, 0xff, 0x00, 0x24, 0x0f, 0xff, 0x00, 0x24, 0x0f, 0xff, 0x00, 0x24, 0x0f, 0xff, 0x00, 0x24, 0x0f, 0xff, 0x00, 0x24, 0x0f, 0xff, 0x00, 0x24, 0x0f, 0xff, 0x00, 0x24, 0x0f, 0xff, 0x00, 0x24, 0x0f, 0xff, 0x00, 0x24, 0x0f, 0xff, 0x00, 0x24, 0x0f, 0xff, 0x00, 0x24, 0x0f, 0xff, 
  0x00, 0x24, 0x0f, 0xff, 0x00, 0x24, 0x0f, 0xff, 0x00, 0x24, 0x0f, 0xff, 0x00, 0x24, 0x0f, 0xff, 0x00, 0x24, 0x0f, 0xff, 0x00, 0x24, 0x0f, 0xff, 0x00, 0x24, 0x0f, 0xff, 0x00, 0x24, 0x0f, 0xff, 0x00, 0x24, 0x0f, 0xff, 0x00, 0x24, 0x0f, 0xff, 0x00, 0x24, 0x0f, 0xff, 0x00, 0x24, 0x0f, 0xff, 0x00, 0x24, 0x0f, 0xff, 0x00, 0x24, 0x0f, 0xff, 0x00, 0x24, 0x0f, 0xff, 0x00, 0x24, 0x0f, 0xff, 0x00, 0x24, 0x0f, 0xff, 0x00, 0x24, 0x0f, 0xff, 
  0x00, 0x25, 0x0f, 0xff, 0x00, 0x25, 0x0f, 0xff, 0x00, 0x25, 0x0f, 0xff, 0x00, 0x25, 0x0f, 0xff, 0x00, 0x25, 0x0f, 0xff, 0x00, 0x25, 0x0f, 0xff, 0x00, 0x25, 0x0f, 0xff, 0x00, 0x25, 0x0f, 0xff, 0x00, 0x25, 0x0f, 0xff, 0x00, 0x25, 0x0f, 0xff, 0x00, 0x25, 0x0f, 0xff, 0x00, 0x25, 0x0f, 0xff, 0x00, 0x25, 0x0f, 0xff, 0x00, 0x25, 0x0f, 0xff, 0x00, 0x25, 0x0f, 0xff, 0x00, 0x25, 0x0f, 0xff, 0x00, 0x25, 0x0f, 0xff, 0x00, 0x25, 0x0f, 0xff, 
  0x00, 0x25, 0x0f, 0xff, 0x00, 0x25, 0x0f, 0xff, 0x00, 0x25, 0x0f, 0xff, 0x00, 0x25, 0x0f, 0xff, 0x00, 0x25, 0x0f, 0xff, 0x00, 0x25, 0x0f, 0xff, 0x00, 0x25, 0x0f, 0xff, 0x00, 0x25, 0x0f, 0xff, 0x00, 0x25, 0x0f, 0xff, 0x00, 0x25, 0x0f, 0xff, 0x00, 0x25, 0x0f, 0xff, 0x00, 0x25, 0x0f, 0xff, 0x00, 0x25, 0x0f, 0xff, 0x00, 0x25, 0x0f, 0xff, 0x00, 0x25, 0x0f, 0xff, 0x00, 0x25, 0x0f, 0xff, 0x00, 0x25, 0x0f, 0xff, 0x00, 0x25, 0x0f, 0xff, 
  0x00, 0x25, 0x0e, 0xff, 0x00, 0x25, 0x0e, 0xff, 0x00, 0x25, 0x0e, 0xff, 0x00, 0x25, 0x0e, 0xff, 0x00, 0x25, 0x0e, 0xff, 0x00, 0x25, 0x0e, 0xff, 0x00, 0x25, 0x0e, 0xff, 0x00, 0x25, 0x0e, 0xff, 0x00, 0x25, 0x0e, 0xff, 0x00, 0x25, 0x0e, 0xff, 0x00, 0x25, 0x0e, 0xff, 0x00, 0x25, 0x0e, 0xff, 0x00, 0x25, 0x0e, 0xff, 0x00, 0x25, 0x0e, 0xff, 0x00, 0x25, 0x0e, 0xff, 0x00, 0x25, 0x0e, 0xff, 0x00, 0x25, 0x0e, 0xff, 0x00, 0x25, 0x0e, 0xff, 
  0x00, 0x25, 0x0e, 0xff, 0x00, 0x25, 0x0e, 0xff, 0x00, 0x25, 0x0e, 0xff, 0x00, 0x25, 0x0e, 0xff, 0x00, 0x25, 0x0e, 0xff, 0x00, 0x25, 0x0e, 0xff, 0x00, 0x25, 0x0e, 0xff, 0x00, 0x25, 0x0e, 0xff, 0x00, 0x25, 0x0e, 0xff, 0x00, 0x25, 0x0e, 0xff, 0x00, 0x25, 0x0e, 0xff, 0x00, 0x25, 0x0e, 0xff, 0x00, 0x25, 0x0e, 0xff, 0x00, 0x25, 0x0e, 0xff, 0x00, 0x25, 0x0e, 0xff, 0x00, 0x25, 0x0e, 0xff, 0x00, 0x25, 0x0e, 0xff, 0x00, 0x25, 0x0e, 0xff, 
  0x00, 0x25, 0x0e, 0xff, 0x00, 0x25, 0x0e, 0xff, 0x00, 0x25, 0x0e, 0xff, 0x00, 0x25, 0x0e, 0xff, 0x00, 0x25, 0x0e, 0xff, 0x00, 0x25, 0x0e, 0xff, 0x00, 0x25, 0x0e, 0xff, 0x00, 0x25, 0x0e, 0xff, 0x00, 0x25, 0x0e, 0xff, 0x00, 0x25, 0x0e, 0xff, 0x00, 0x25, 0x0e, 0xff, 0x00, 0x25, 0x0e, 0xff, 0x00, 0x25, 0x0e, 0xff, 0x00, 0x25, 0x0e, 0xff, 0x00, 0x25, 0x0e, 0xff, 0x00, 0x25, 0x0e, 0xff, 0x00, 0x25, 0x0e, 0xff, 0x00, 0x25, 0x0e, 0xff, 
  0x00, 0x25, 0x0e, 0xff, 0x00, 0x25, 0x0e, 0xff, 0x00, 0x25, 0x0e, 0xff, 0x00, 0x25, 0x0e, 0xff, 0x00, 0x25, 0x0e, 0xff, 0x00, 0x25, 0x0e, 0xff, 0x00, 0x25, 0x0e, 0xff, 0x00, 0x25, 0x0e, 0xff, 0x00, 0x25, 0x0e, 0xff, 0x00, 0x25, 0x0e, 0xff, 0x00, 0x25, 0x0e, 0xff, 0x00, 0x25, 0x0e, 0xff, 0x00, 0x25, 0x0e, 0xff, 0x00, 0x25, 0x0e, 0xff, 0x00, 0x25, 0x0e, 0xff, 0x00, 0x25, 0x0e, 0xff, 0x00, 0x25, 0x0e, 0xff, 0x00, 0x25, 0x0e, 0xff, 
  0x00, 0x25, 0x0d, 0xff, 0x00, 0x25, 0x0d, 0xff, 0x00, 0x25, 0x0d, 0xff, 0x00, 0x25, 0x0d, 0xff, 0x00, 0x25, 0x0d, 0xff, 0x00, 0x25, 0x0d, 0xff, 0x00, 0x25, 0x0d, 0xff, 0x00, 0x25, 0x0d, 0xff, 0x00, 0x25, 0x0d, 0xff, 0x00, 0x25, 0x0d, 0xff, 0x00, 0x25, 0x0d, 0xff, 0x00, 0x25, 0x0d, 0xff, 0x00, 0x25, 0x0d, 0xff, 0x00, 0x25, 0x0d, 0xff, 0x00, 0x25, 0x0d, 0xff, 0x00, 0x25, 0x0d, 0xff, 0x00, 0x25, 0x0d, 0xff, 0x00, 0x25, 0x0d, 0xff, 
  0x00, 0x25, 0x0d, 0xff, 0x00, 0x25, 0x0d, 0xff, 0x00, 0x25, 0x0d, 0xff, 0x00, 0x25, 0x0d, 0xff, 0x00, 0x25, 0x0d, 0xff, 0x00, 0x25, 0x0d, 0xff, 0x00, 0x25, 0x0d, 0xff, 0x00, 0x25, 0x0d, 0xff, 0x00, 0x25, 0x0d, 0xff, 0x00, 0x25, 0x0d, 0xff, 0x00, 0x25, 0x0d, 0xff, 0x00, 0x25, 0x0d, 0xff, 0x00, 0x25, 0x0d, 0xff, 0x00, 0x25, 0x0d, 0xff, 0x00, 0x25, 0x0d, 0xff, 0x00, 0x25, 0x0d, 0xff, 0x00, 0x25, 0x0d, 0xff, 0x00, 0x25, 0x0d, 0xff, 
  0x00, 0x25, 0x0d, 0xff, 0x00, 0x25, 0x0d, 0xff, 0x00, 0x25, 0x0d, 0xff, 0x00, 0x25, 0x0d, 0xff, 0x00, 0x25, 0x0d, 0xff, 0x00, 0x25, 0x0d, 0xff, 0x00, 0x25, 0x0d, 0xff, 0x00, 0x25, 0x0d, 0xff, 0x00, 0x25, 0x0d, 0xff, 0x00, 0x25, 0x0d, 0xff, 0x00, 0x25, 0x0d, 0xff, 0x00, 0x25, 0x0d, 0xff, 0x00, 0x25, 0x0d, 0xff, 0x00, 0x25, 0x0d, 0xff, 0x00, 0x25, 0x0d, 0xff, 0x00, 0x25, 0x0d, 0xff, 0x00, 0x25, 0x0d, 0xff, 0x00, 0x25, 0x0d, 0xff, 
  0x00, 0x25, 0x0c, 0xff, 0x00, 0x25, 0x0c, 0xff, 0x00, 0x25, 0x0c, 0xff, 0x00, 0x25, 0x0c, 0xff, 0x00, 0x25, 0x0c, 0xff, 0x00, 0x25, 0x0c, 0xff, 0x00, 0x25, 0x0c, 0xff, 0x00, 0x25, 0x0c, 0xff, 0x00, 0x25, 0x0c, 0xff, 0x00, 0x25, 0x0c, 0xff, 0x00, 0x25, 0x0c, 0xff, 0x00, 0x25, 0x0c, 0xff, 0x00, 0x25, 0x0c, 0xff, 0x00, 0x25, 0x0c, 0xff, 0x00, 0x25, 0x0c, 0xff, 0x00, 0x25, 0x0c, 0xff, 0x00, 0x25, 0x0c, 0xff, 0x00, 0x25, 0x0c, 0xff, 
  0x00, 0x25, 0x0c, 0xff, 0x00, 0x25, 0x0c, 0xff, 0x00, 0x25, 0x0c, 0xff, 0x00, 0x25, 0x0c, 0xff, 0x00, 0x25, 0x0c, 0xff, 0x00, 0x25, 0x0c, 0xff, 0x00, 0x25, 0x0c, 0xff, 0x00, 0x25, 0x0c, 0xff, 0x00, 0x25, 0x0c, 0xff, 0x00, 0x25, 0x0c, 0xff, 0x00, 0x25, 0x0c, 0xff, 0x00, 0x25, 0x0c, 0xff, 0x00, 0x25, 0x0c, 0xff, 0x00, 0x25, 0x0c, 0xff, 0x00, 0x25, 0x0c, 0xff, 0x00, 0x25, 0x0c, 0xff, 0x00, 0x25, 0x0c, 0xff, 0x00, 0x25, 0x0c, 0xff, 
  0x00, 0x25, 0x0c, 0xff, 0x00, 0x25, 0x0c, 0xff, 0x00, 0x25, 0x0c, 0xff, 0x00, 0x25, 0x0c, 0xff, 0x00, 0x25, 0x0c, 0xff, 0x00, 0x25, 0x0c, 0xff, 0x00, 0x25, 0x0c, 0xff, 0x00, 0x25, 0x0c, 0xff, 0x00, 0x25, 0x0c, 0xff, 0x00, 0x25, 0x0c, 0xff, 0x00, 0x25, 0x0c, 0xff, 0x00, 0x25, 0x0c, 0xff, 0x00, 0x25, 0x0c, 0xff, 0x00, 0x25, 0x0c, 0xff, 0x00, 0x25, 0x0c, 0xff, 0x00, 0x25, 0x0c, 0xff, 0x00, 0x25, 0x0c, 0xff, 0x00, 0x25, 0x0c, 0xff, 
  0x00, 0x25, 0x0c, 0xff, 0x00, 0x25, 0x0c, 0xff, 0x00, 0x25, 0x0c, 0xff, 0x00, 0x25, 0x0c, 0xff, 0x00, 0x25, 0x0c, 0xff, 0x00, 0x25, 0x0c, 0xff, 0x00, 0x25, 0x0c, 0xff, 0x00, 0x25, 0x0c, 0xff, 0x00, 0x25, 0x0c, 0xff, 0x00, 0x25, 0x0c, 0xff, 0x00, 0x25, 0x0c, 0xff, 0x00, 0x25, 0x0c, 0xff, 0x00, 0x25, 0x0c, 0xff, 0x00, 0x25, 0x0c, 0xff, 0x00, 0x25, 0x0c, 0xff, 0x00, 0x25, 0x0c, 0xff, 0x00, 0x25, 0x0c, 0xff, 0x00, 0x25, 0x0c, 0xff, 
  0x00, 0x25, 0x0b, 0xff, 0x00, 0x25, 0x0b, 0xff, 0x00, 0x25, 0x0b, 0xff, 0x00, 0x25, 0x0b, 0xff, 0x00, 0x25, 0x0b, 0xff, 0x00, 0x25, 0x0b, 0xff, 0x00, 0x25, 0x0b, 0xff, 0x00, 0x25, 0x0b, 0xff, 0x00, 0x25, 0x0b, 0xff, 0x00, 0x25, 0x0b, 0xff, 0x00, 0x25, 0x0b, 0xff, 0x00, 0x25, 0x0b, 0xff, 0x00, 0x25, 0x0b, 0xff, 0x00, 0x25, 0x0b, 0xff, 0x00, 0x25, 0x0b, 0xff, 0x00, 0x25, 0x0b, 0xff, 0x00, 0x25, 0x0b, 0xff, 0x00, 0x25, 0x0b, 0xff, 
  0x00, 0x25, 0x0b, 0xff, 0x00, 0x25, 0x0b, 0xff, 0x00, 0x25, 0x0b, 0xff, 0x00, 0x25, 0x0b, 0xff, 0x00, 0x25, 0x0b, 0xff, 0x00, 0x25, 0x0b, 0xff, 0x00, 0x25, 0x0b, 0xff, 0x00, 0x25, 0x0b, 0xff, 0x00, 0x25, 0x0b, 0xff, 0x00, 0x25, 0x0b, 0xff, 0x00, 0x25, 0x0b, 0xff, 0x00, 0x25, 0x0b, 0xff, 0x00, 0x25, 0x0b, 0xff, 0x00, 0x25, 0x0b, 0xff, 0x00, 0x25, 0x0b, 0xff, 0x00, 0x25, 0x0b, 0xff, 0x00, 0x25, 0x0b, 0xff, 0x00, 0x25, 0x0b, 0xff, 
  0x00, 0x25, 0x0b, 0xff, 0x00, 0x25, 0x0b, 0xff, 0x00, 0x25, 0x0b, 0xff, 0x00, 0x25, 0x0b, 0xff, 0x00, 0x25, 0x0b, 0xff, 0x00, 0x25, 0x0b, 0xff, 0x00, 0x25, 0x0b, 0xff, 0x00, 0x25, 0x0b, 0xff, 0x00, 0x25, 0x0b, 0xff, 0x00, 0x25, 0x0b, 0xff, 0x00, 0x25, 0x0b, 0xff, 0x00, 0x25, 0x0b, 0xff, 0x00, 0x25, 0x0b, 0xff, 0x00, 0x25, 0x0b, 0xff, 0x00, 0x25, 0x0b, 0xff, 0x00, 0x25, 0x0b, 0xff, 0x00, 0x25, 0x0b, 0xff, 0x00, 0x25, 0x0b, 0xff, 
  0x00, 0x25, 0x0b, 0xff, 0x00, 0x25, 0x0b, 0xff, 0x00, 0x25, 0x0b, 0xff, 0x00, 0x25, 0x0b, 0xff, 0x00, 0x25, 0x0b, 0xff, 0x00, 0x25, 0x0b, 0xff, 0x00, 0x25, 0x0b, 0xff, 0x00, 0x25, 0x0b, 0xff, 0x00, 0x25, 0x0b, 0xff, 0x00, 0x25, 0x0b, 0xff, 0x00, 0x25, 0x0b, 0xff, 0x00, 0x25, 0x0b, 0xff, 0x00, 0x25, 0x0b, 0xff, 0x00, 0x25, 0x0b, 0xff, 0x00, 0x25, 0x0b, 0xff, 0x00, 0x25, 0x0b, 0xff, 0x00, 0x25, 0x0b, 0xff, 0x00, 0x25, 0x0b, 0xff, 
  0x00, 0x25, 0x0a, 0xff, 0x00, 0x25, 0x0a, 0xff, 0x00, 0x25, 0x0a, 0xff, 0x00, 0x25, 0x0a, 0xff, 0x00, 0x25, 0x0a, 0xff, 0x00, 0x25, 0x0a, 0xff, 0x00, 0x25, 0x0a, 0xff, 0x00, 0x25, 0x0a, 0xff, 0x00, 0x25, 0x0a, 0xff, 0x00, 0x25, 0x0a, 0xff, 0x00, 0x25, 0x0a, 0xff, 0x00, 0x25, 0x0a, 0xff, 0x00, 0x25, 0x0a, 0xff, 0x00, 0x25, 0x0a, 0xff, 0x00, 0x25, 0x0a, 0xff, 0x00, 0x25, 0x0a, 0xff, 0x00, 0x25, 0x0a, 0xff, 0x00, 0x25, 0x0a, 0xff, 
  0x00, 0x25, 0x0a, 0xff, 0x00, 0x25, 0x0a, 0xff, 0x00, 0x25, 0x0a, 0xff, 0x00, 0x25, 0x0a, 0xff, 0x00, 0x25, 0x0a, 0xff, 0x00, 0x25, 0x0a, 0xff, 0x00, 0x25, 0x0a, 0xff, 0x00, 0x25, 0x0a, 0xff, 0x00, 0x25, 0x0a, 0xff, 0x00, 0x25, 0x0a, 0xff, 0x00, 0x25, 0x0a, 0xff, 0x00, 0x25, 0x0a, 0xff, 0x00, 0x25, 0x0a, 0xff, 0x00, 0x25, 0x0a, 0xff, 0x00, 0x25, 0x0a, 0xff, 0x00, 0x25, 0x0a, 0xff, 0x00, 0x25, 0x0a, 0xff, 0x00, 0x25, 0x0a, 0xff, 
  0x00, 0x25, 0x0a, 0xff, 0x00, 0x25, 0x0a, 0xff, 0x00, 0x25, 0x0a, 0xff, 0x00, 0x25, 0x0a, 0xff, 0x00, 0x25, 0x0a, 0xff, 0x00, 0x25, 0x0a, 0xff, 0x00, 0x25, 0x0a, 0xff, 0x00, 0x25, 0x0a, 0xff, 0x00, 0x25, 0x0a, 0xff, 0x00, 0x25, 0x0a, 0xff, 0x00, 0x25, 0x0a, 0xff, 0x00, 0x25, 0x0a, 0xff, 0x00, 0x25, 0x0a, 0xff, 0x00, 0x25, 0x0a, 0xff, 0x00, 0x25, 0x0a, 0xff, 0x00, 0x25, 0x0a, 0xff, 0x00, 0x25, 0x0a, 0xff, 0x00, 0x25, 0x0a, 0xff, 
  0x00, 0x25, 0x09, 0xff, 0x00, 0x25, 0x09, 0xff, 0x00, 0x25, 0x09, 0xff, 0x00, 0x25, 0x09, 0xff, 0x00, 0x25, 0x09, 0xff, 0x00, 0x25, 0x09, 0xff, 0x00, 0x25, 0x09, 0xff, 0x00, 0x25, 0x09, 0xff, 0x00, 0x25, 0x09, 0xff, 0x00, 0x25, 0x09, 0xff, 0x00, 0x25, 0x09, 0xff, 0x00, 0x25, 0x09, 0xff, 0x00, 0x25, 0x09, 0xff, 0x00, 0x25, 0x09, 0xff, 0x00, 0x25, 0x09, 0xff, 0x00, 0x25, 0x09, 0xff, 0x00, 0x25, 0x09, 0xff, 0x00, 0x25, 0x09, 0xff, 
  0x00, 0x25, 0x09, 0xff, 0x00, 0x25, 0x09, 0xff, 0x00, 0x25, 0x09, 0xff, 0x00, 0x25, 0x09, 0xff, 0x00, 0x25, 0x09, 0xff, 0x00, 0x25, 0x09, 0xff, 0x00, 0x25, 0x09, 0xff, 0x00, 0x25, 0x09, 0xff, 0x00, 0x25, 0x09, 0xff, 0x00, 0x25, 0x09, 0xff, 0x00, 0x25, 0x09, 0xff, 0x00, 0x25, 0x09, 0xff, 0x00, 0x25, 0x09, 0xff, 0x00, 0x25, 0x09, 0xff, 0x00, 0x25, 0x09, 0xff, 0x00, 0x25, 0x09, 0xff, 0x00, 0x25, 0x09, 0xff, 0x00, 0x25, 0x09, 0xff, 
  0x00, 0x25, 0x09, 0xff, 0x00, 0x25, 0x09, 0xff, 0x00, 0x25, 0x09, 0xff, 0x00, 0x25, 0x09, 0xff, 0x00, 0x25, 0x09, 0xff, 0x00, 0x25, 0x09, 0xff, 0x00, 0x25, 0x09, 0xff, 0x00, 0x25, 0x09, 0xff, 0x00, 0x25, 0x09, 0xff, 0x00, 0x25, 0x09, 0xff, 0x00, 0x25, 0x09, 0xff, 0x00, 0x25, 0x09, 0xff, 0x00, 0x25, 0x09, 0xff, 0x00, 0x25, 0x09, 0xff, 0x00, 0x25, 0x09, 0xff, 0x00, 0x25, 0x09, 0xff, 0x00, 0x25, 0x09, 0xff, 0x00, 0x25, 0x09, 0xff, 
  0x00, 0x25, 0x09, 0xff, 0x00, 0x25, 0x09, 0xff, 0x00, 0x25, 0x09, 0xff, 0x00, 0x25, 0x09, 0xff, 0x00, 0x25, 0x09, 0xff, 0x00, 0x25, 0x09, 0xff, 0x00, 0x25, 0x09, 0xff, 0x00, 0x25, 0x09, 0xff, 0x00, 0x25, 0x09, 0xff, 0x00, 0x25, 0x09, 0xff, 0x00, 0x25, 0x09, 0xff, 0x00, 0x25, 0x09, 0xff, 0x00, 0x25, 0x09, 0xff, 0x00, 0x25, 0x09, 0xff, 0x00, 0x25, 0x09, 0xff, 0x00, 0x25, 0x09, 0xff, 0x00, 0x25, 0x09, 0xff, 0x00, 0x25, 0x09, 0xff, 
  0x00, 0x25, 0x08, 0xff, 0x00, 0x25, 0x08, 0xff, 0x00, 0x25, 0x08, 0xff, 0x00, 0x25, 0x08, 0xff, 0x00, 0x25, 0x08, 0xff, 0x00, 0x25, 0x08, 0xff, 0x00, 0x25, 0x08, 0xff, 0x00, 0x25, 0x08, 0xff, 0x00, 0x25, 0x08, 0xff, 0x00, 0x25, 0x08, 0xff, 0x00, 0x25, 0x08, 0xff, 0x00, 0x25, 0x08, 0xff, 0x00, 0x25, 0x08, 0xff, 0x00, 0x25, 0x08, 0xff, 0x00, 0x25, 0x08, 0xff, 0x00, 0x25, 0x08, 0xff, 0x00, 0x25, 0x08, 0xff, 0x00, 0x25, 0x08, 0xff, 
  0x00, 0x25, 0x08, 0xff, 0x00, 0x25, 0x08, 0xff, 0x00, 0x25, 0x08, 0xff, 0x00, 0x25, 0x08, 0xff, 0x00, 0x25, 0x08, 0xff, 0x00, 0x25, 0x08, 0xff, 0x00, 0x25, 0x08, 0xff, 0x00, 0x25, 0x08, 0xff, 0x00, 0x25, 0x08, 0xff, 0x00, 0x25, 0x08, 0xff, 0x00, 0x25, 0x08, 0xff, 0x00, 0x25, 0x08, 0xff, 0x00, 0x25, 0x08, 0xff, 0x00, 0x25, 0x08, 0xff, 0x00, 0x25, 0x08, 0xff, 0x00, 0x25, 0x08, 0xff, 0x00, 0x25, 0x08, 0xff, 0x00, 0x25, 0x08, 0xff, 
  0x00, 0x25, 0x08, 0xff, 0x00, 0x25, 0x08, 0xff, 0x00, 0x25, 0x08, 0xff, 0x00, 0x25, 0x08, 0xff, 0x00, 0x25, 0x08, 0xff, 0x00, 0x25, 0x08, 0xff, 0x00, 0x25, 0x08, 0xff, 0x00, 0x25, 0x08, 0xff, 0x00, 0x25, 0x08, 0xff, 0x00, 0x25, 0x08, 0xff, 0x00, 0x25, 0x08, 0xff, 0x00, 0x25, 0x08, 0xff, 0x00, 0x25, 0x08, 0xff, 0x00, 0x25, 0x08, 0xff, 0x00, 0x25, 0x08, 0xff, 0x00, 0x25, 0x08, 0xff, 0x00, 0x25, 0x08, 0xff, 0x00, 0x25, 0x08, 0xff, 
  0x00, 0x25, 0x08, 0xff, 0x00, 0x25, 0x08, 0xff, 0x00, 0x25, 0x08, 0xff, 0x00, 0x25, 0x08, 0xff, 0x00, 0x25, 0x08, 0xff, 0x00, 0x25, 0x08, 0xff, 0x00, 0x25, 0x08, 0xff, 0x00, 0x25, 0x08, 0xff, 0x00, 0x25, 0x08, 0xff, 0x00, 0x25, 0x08, 0xff, 0x00, 0x25, 0x08, 0xff, 0x00, 0x25, 0x08, 0xff, 0x00, 0x25, 0x08, 0xff, 0x00, 0x25, 0x08, 0xff, 0x00, 0x25, 0x08, 0xff, 0x00, 0x25, 0x08, 0xff, 0x00, 0x25, 0x08, 0xff, 0x00, 0x25, 0x08, 0xff, 
  0x00, 0x25, 0x07, 0xff, 0x00, 0x25, 0x07, 0xff, 0x00, 0x25, 0x07, 0xff, 0x00, 0x25, 0x07, 0xff, 0x00, 0x25, 0x07, 0xff, 0x00, 0x25, 0x07, 0xff, 0x00, 0x25, 0x07, 0xff, 0x00, 0x25, 0x07, 0xff, 0x00, 0x25, 0x07, 0xff, 0x00, 0x25, 0x07, 0xff, 0x00, 0x25, 0x07, 0xff, 0x00, 0x25, 0x07, 0xff, 0x00, 0x25, 0x07, 0xff, 0x00, 0x25, 0x07, 0xff, 0x00, 0x25, 0x07, 0xff, 0x00, 0x25, 0x07, 0xff, 0x00, 0x25, 0x07, 0xff, 0x00, 0x25, 0x07, 0xff, 
  0x00, 0x25, 0x07, 0xff, 0x00, 0x25, 0x07, 0xff, 0x00, 0x25, 0x07, 0xff, 0x00, 0x25, 0x07, 0xff, 0x00, 0x25, 0x07, 0xff, 0x00, 0x25, 0x07, 0xff, 0x00, 0x25, 0x07, 0xff, 0x00, 0x25, 0x07, 0xff, 0x00, 0x25, 0x07, 0xff, 0x00, 0x25, 0x07, 0xff, 0x00, 0x25, 0x07, 0xff, 0x00, 0x25, 0x07, 0xff, 0x00, 0x25, 0x07, 0xff, 0x00, 0x25, 0x07, 0xff, 0x00, 0x25, 0x07, 0xff, 0x00, 0x25, 0x07, 0xff, 0x00, 0x25, 0x07, 0xff, 0x00, 0x25, 0x07, 0xff, 
  0x00, 0x25, 0x07, 0xff, 0x00, 0x25, 0x07, 0xff, 0x00, 0x25, 0x07, 0xff, 0x00, 0x25, 0x07, 0xff, 0x00, 0x25, 0x07, 0xff, 0x00, 0x25, 0x07, 0xff, 0x00, 0x25, 0x07, 0xff, 0x00, 0x25, 0x07, 0xff, 0x00, 0x25, 0x07, 0xff, 0x00, 0x25, 0x07, 0xff, 0x00, 0x25, 0x07, 0xff, 0x00, 0x25, 0x07, 0xff, 0x00, 0x25, 0x07, 0xff, 0x00, 0x25, 0x07, 0xff, 0x00, 0x25, 0x07, 0xff, 0x00, 0x25, 0x07, 0xff, 0x00, 0x25, 0x07, 0xff, 0x00, 0x25, 0x07, 0xff, 
  0x00, 0x25, 0x07, 0xff, 0x00, 0x25, 0x07, 0xff, 0x00, 0x25, 0x07, 0xff, 0x00, 0x25, 0x07, 0xff, 0x00, 0x25, 0x07, 0xff, 0x00, 0x25, 0x07, 0xff, 0x00, 0x25, 0x07, 0xff, 0x00, 0x25, 0x07, 0xff, 0x00, 0x25, 0x07, 0xff, 0x00, 0x25, 0x07, 0xff, 0x00, 0x25, 0x07, 0xff, 0x00, 0x25, 0x07, 0xff, 0x00, 0x25, 0x07, 0xff, 0x00, 0x25, 0x07, 0xff, 0x00, 0x25, 0x07, 0xff, 0x00, 0x25, 0x07, 0xff, 0x00, 0x25, 0x07, 0xff, 0x00, 0x25, 0x07, 0xff, 
  0x00, 0x25, 0x06, 0xff, 0x00, 0x25, 0x06, 0xff, 0x00, 0x25, 0x06, 0xff, 0x00, 0x25, 0x06, 0xff, 0x00, 0x25, 0x06, 0xff, 0x00, 0x25, 0x06, 0xff, 0x00, 0x25, 0x06, 0xff, 0x00, 0x25, 0x06, 0xff, 0x00, 0x25, 0x06, 0xff, 0x00, 0x25, 0x06, 0xff, 0x00, 0x25, 0x06, 0xff, 0x00, 0x25, 0x06, 0xff, 0x00, 0x25, 0x06, 0xff, 0x00, 0x25, 0x06, 0xff, 0x00, 0x25, 0x06, 0xff, 0x00, 0x25, 0x06, 0xff, 0x00, 0x25, 0x06, 0xff, 0x00, 0x25, 0x06, 0xff, 
  0x00, 0x25, 0x06, 0xff, 0x00, 0x25, 0x06, 0xff, 0x00, 0x25, 0x06, 0xff, 0x00, 0x25, 0x06, 0xff, 0x00, 0x25, 0x06, 0xff, 0x00, 0x25, 0x06, 0xff, 0x00, 0x25, 0x06, 0xff, 0x00, 0x25, 0x06, 0xff, 0x00, 0x25, 0x06, 0xff, 0x00, 0x25, 0x06, 0xff, 0x00, 0x25, 0x06, 0xff, 0x00, 0x25, 0x06, 0xff, 0x00, 0x25, 0x06, 0xff, 0x00, 0x25, 0x06, 0xff, 0x00, 0x25, 0x06, 0xff, 0x00, 0x25, 0x06, 0xff, 0x00, 0x25, 0x06, 0xff, 0x00, 0x25, 0x06, 0xff, 
  0x00, 0x25, 0x06, 0xff, 0x00, 0x25, 0x06, 0xff, 0x00, 0x25, 0x06, 0xff, 0x00, 0x25, 0x06, 0xff, 0x00, 0x25, 0x06, 0xff, 0x00, 0x25, 0x06, 0xff, 0x00, 0x25, 0x06, 0xff, 0x00, 0x25, 0x06, 0xff, 0x00, 0x25, 0x06, 0xff, 0x00, 0x25, 0x06, 0xff, 0x00, 0x25, 0x06, 0xff, 0x00, 0x25, 0x06, 0xff, 0x00, 0x25, 0x06, 0xff, 0x00, 0x25, 0x06, 0xff, 0x00, 0x25, 0x06, 0xff, 0x00, 0x25, 0x06, 0xff, 0x00, 0x25, 0x06, 0xff, 0x00, 0x25, 0x06, 0xff, 
  0x00, 0x25, 0x06, 0xff, 0x00, 0x25, 0x06, 0xff, 0x00, 0x25, 0x06, 0xff, 0x00, 0x25, 0x06, 0xff, 0x00, 0x25, 0x06, 0xff, 0x00, 0x25, 0x06, 0xff, 0x00, 0x25, 0x06, 0xff, 0x00, 0x25, 0x06, 0xff, 0x00, 0x25, 0x06, 0xff, 0x00, 0x25, 0x06, 0xff, 0x00, 0x25, 0x06, 0xff, 0x00, 0x25, 0x06, 0xff, 0x00, 0x25, 0x06, 0xff, 0x00, 0x25, 0x06, 0xff, 0x00, 0x25, 0x06, 0xff, 0x00, 0x25, 0x06, 0xff, 0x00, 0x25, 0x06, 0xff, 0x00, 0x25, 0x06, 0xff, 
  0x00, 0x25, 0x05, 0xff, 0x00, 0x25, 0x05, 0xff, 0x00, 0x25, 0x05, 0xff, 0x00, 0x25, 0x05, 0xff, 0x00, 0x25, 0x05, 0xff, 0x00, 0x25, 0x05, 0xff, 0x00, 0x25, 0x05, 0xff, 0x00, 0x25, 0x05, 0xff, 0x00, 0x25, 0x05, 0xff, 0x00, 0x25, 0x05, 0xff, 0x00, 0x25, 0x05, 0xff, 0x00, 0x25, 0x05, 0xff, 0x00, 0x25, 0x05, 0xff, 0x00, 0x25, 0x05, 0xff, 0x00, 0x25, 0x05, 0xff, 0x00, 0x25, 0x05, 0xff, 0x00, 0x25, 0x05, 0xff, 0x00, 0x25, 0x05, 0xff, 
  0x00, 0x25, 0x05, 0xff, 0x00, 0x25, 0x05, 0xff, 0x00, 0x25, 0x05, 0xff, 0x00, 0x25, 0x05, 0xff, 0x00, 0x25, 0x05, 0xff, 0x00, 0x25, 0x05, 0xff, 0x00, 0x25, 0x05, 0xff, 0x00, 0x25, 0x05, 0xff, 0x00, 0x25, 0x05, 0xff, 0x00, 0x25, 0x05, 0xff, 0x00, 0x25, 0x05, 0xff, 0x00, 0x25, 0x05, 0xff, 0x00, 0x25, 0x05, 0xff, 0x00, 0x25, 0x05, 0xff, 0x00, 0x25, 0x05, 0xff, 0x00, 0x25, 0x05, 0xff, 0x00, 0x25, 0x05, 0xff, 0x00, 0x25, 0x05, 0xff, 
  0x00, 0x25, 0x05, 0xff, 0x00, 0x25, 0x05, 0xff, 0x00, 0x25, 0x05, 0xff, 0x00, 0x25, 0x05, 0xff, 0x00, 0x25, 0x05, 0xff, 0x00, 0x25, 0x05, 0xff, 0x00, 0x25, 0x05, 0xff, 0x00, 0x25, 0x05, 0xff, 0x00, 0x25, 0x05, 0xff, 0x00, 0x25, 0x05, 0xff, 0x00, 0x25, 0x05, 0xff, 0x00, 0x25, 0x05, 0xff, 0x00, 0x25, 0x05, 0xff, 0x00, 0x25, 0x05, 0xff, 0x00, 0x25, 0x05, 0xff, 0x00, 0x25, 0x05, 0xff, 0x00, 0x25, 0x05, 0xff, 0x00, 0x25, 0x05, 0xff, 
  0x00, 0x25, 0x05, 0xff, 0x00, 0x25, 0x05, 0xff, 0x00, 0x25, 0x05, 0xff, 0x00, 0x25, 0x05, 0xff, 0x00, 0x25, 0x05, 0xff, 0x00, 0x25, 0x05, 0xff, 0x00, 0x25, 0x05, 0xff, 0x00, 0x25, 0x05, 0xff, 0x00, 0x25, 0x05, 0xff, 0x00, 0x25, 0x05, 0xff, 0x00, 0x25, 0x05, 0xff, 0x00, 0x25, 0x05, 0xff, 0x00, 0x25, 0x05, 0xff, 0x00, 0x25, 0x05, 0xff, 0x00, 0x25, 0x05, 0xff, 0x00, 0x25, 0x05, 0xff, 0x00, 0x25, 0x05, 0xff, 0x00, 0x25, 0x05, 0xff, 
  0x00, 0x25, 0x04, 0xff, 0x00, 0x25, 0x04, 0xff, 0x00, 0x25, 0x04, 0xff, 0x00, 0x25, 0x04, 0xff, 0x00, 0x25, 0x04, 0xff, 0x00, 0x25, 0x04, 0xff, 0x00, 0x25, 0x04, 0xff, 0x00, 0x25, 0x04, 0xff, 0x00, 0x25, 0x04, 0xff, 0x00, 0x25, 0x04, 0xff, 0x00, 0x25, 0x04, 0xff, 0x00, 0x25, 0x04, 0xff, 0x00, 0x25, 0x04, 0xff, 0x00, 0x25, 0x04, 0xff, 0x00, 0x25, 0x04, 0xff, 0x00, 0x25, 0x04, 0xff, 0x00, 0x25, 0x04, 0xff, 0x00, 0x25, 0x04, 0xff, 
  0x00, 0x25, 0x04, 0xff, 0x00, 0x25, 0x04, 0xff, 0x00, 0x25, 0x04, 0xff, 0x00, 0x25, 0x04, 0xff, 0x00, 0x25, 0x04, 0xff, 0x00, 0x25, 0x04, 0xff, 0x00, 0x25, 0x04, 0xff, 0x00, 0x25, 0x04, 0xff, 0x00, 0x25, 0x04, 0xff, 0x00, 0x25, 0x04, 0xff, 0x00, 0x25, 0x04, 0xff, 0x00, 0x25, 0x04, 0xff, 0x00, 0x25, 0x04, 0xff, 0x00, 0x25, 0x04, 0xff, 0x00, 0x25, 0x04, 0xff, 0x00, 0x25, 0x04, 0xff, 0x00, 0x25, 0x04, 0xff, 0x00, 0x25, 0x04, 0xff, 
  0x00, 0x25, 0x04, 0xff, 0x00, 0x25, 0x04, 0xff, 0x00, 0x25, 0x04, 0xff, 0x00, 0x25, 0x04, 0xff, 0x00, 0x25, 0x04, 0xff, 0x00, 0x25, 0x04, 0xff, 0x00, 0x25, 0x04, 0xff, 0x00, 0x25, 0x04, 0xff, 0x00, 0x25, 0x04, 0xff, 0x00, 0x25, 0x04, 0xff, 0x00, 0x25, 0x04, 0xff, 0x00, 0x25, 0x04, 0xff, 0x00, 0x25, 0x04, 0xff, 0x00, 0x25, 0x04, 0xff, 0x00, 0x25, 0x04, 0xff, 0x00, 0x25, 0x04, 0xff, 0x00, 0x25, 0x04, 0xff, 0x00, 0x25, 0x04, 0xff, 
  0x00, 0x25, 0x04, 0xff, 0x00, 0x25, 0x04, 0xff, 0x00, 0x25, 0x04, 0xff, 0x00, 0x25, 0x04, 0xff, 0x00, 0x25, 0x04, 0xff, 0x00, 0x25, 0x04, 0xff, 0x00, 0x25, 0x04, 0xff, 0x00, 0x25, 0x04, 0xff, 0x00, 0x25, 0x04, 0xff, 0x00, 0x25, 0x04, 0xff, 0x00, 0x25, 0x04, 0xff, 0x00, 0x25, 0x04, 0xff, 0x00, 0x25, 0x04, 0xff, 0x00, 0x25, 0x04, 0xff, 0x00, 0x25, 0x04, 0xff, 0x00, 0x25, 0x04, 0xff, 0x00, 0x25, 0x04, 0xff, 0x00, 0x25, 0x04, 0xff, 
  0x00, 0x25, 0x03, 0xff, 0x00, 0x25, 0x03, 0xff, 0x00, 0x25, 0x03, 0xff, 0x00, 0x25, 0x03, 0xff, 0x00, 0x25, 0x03, 0xff, 0x00, 0x25, 0x03, 0xff, 0x00, 0x25, 0x03, 0xff, 0x00, 0x25, 0x03, 0xff, 0x00, 0x25, 0x03, 0xff, 0x00, 0x25, 0x03, 0xff, 0x00, 0x25, 0x03, 0xff, 0x00, 0x25, 0x03, 0xff, 0x00, 0x25, 0x03, 0xff, 0x00, 0x25, 0x03, 0xff, 0x00, 0x25, 0x03, 0xff, 0x00, 0x25, 0x03, 0xff, 0x00, 0x25, 0x03, 0xff, 0x00, 0x25, 0x03, 0xff, 
  0x00, 0x25, 0x03, 0xff, 0x00, 0x25, 0x03, 0xff, 0x00, 0x25, 0x03, 0xff, 0x00, 0x25, 0x03, 0xff, 0x00, 0x25, 0x03, 0xff, 0x00, 0x25, 0x03, 0xff, 0x00, 0x25, 0x03, 0xff, 0x00, 0x25, 0x03, 0xff, 0x00, 0x25, 0x03, 0xff, 0x00, 0x25, 0x03, 0xff, 0x00, 0x25, 0x03, 0xff, 0x00, 0x25, 0x03, 0xff, 0x00, 0x25, 0x03, 0xff, 0x00, 0x25, 0x03, 0xff, 0x00, 0x25, 0x03, 0xff, 0x00, 0x25, 0x03, 0xff, 0x00, 0x25, 0x03, 0xff, 0x00, 0x25, 0x03, 0xff, 
  0x00, 0x25, 0x03, 0xff, 0x00, 0x25, 0x03, 0xff, 0x00, 0x25, 0x03, 0xff, 0x00, 0x25, 0x03, 0xff, 0x00, 0x25, 0x03, 0xff, 0x00, 0x25, 0x03, 0xff, 0x00, 0x25, 0x03, 0xff, 0x00, 0x25, 0x03, 0xff, 0x00, 0x25, 0x03, 0xff, 0x00, 0x25, 0x03, 0xff, 0x00, 0x25, 0x03, 0xff, 0x00, 0x25, 0x03, 0xff, 0x00, 0x25, 0x03, 0xff, 0x00, 0x25, 0x03, 0xff, 0x00, 0x25, 0x03, 0xff, 0x00, 0x25, 0x03, 0xff, 0x00, 0x25, 0x03, 0xff, 0x00, 0x25, 0x03, 0xff, 
  0x00, 0x25, 0x02, 0xff, 0x00, 0x25, 0x02, 0xff, 0x00, 0x25, 0x02, 0xff, 0x00, 0x25, 0x02, 0xff, 0x00, 0x25, 0x02, 0xff, 0x00, 0x25, 0x02, 0xff, 0x00, 0x25, 0x02, 0xff, 0x00, 0x25, 0x02, 0xff, 0x00, 0x25, 0x02, 0xff, 0x00, 0x25, 0x02, 0xff, 0x00, 0x25, 0x02, 0xff, 0x00, 0x25, 0x02, 0xff, 0x00, 0x25, 0x02, 0xff, 0x00, 0x25, 0x02, 0xff, 0x00, 0x25, 0x02, 0xff, 0x00, 0x25, 0x02, 0xff, 0x00, 0x25, 0x02, 0xff, 0x00, 0x25, 0x02, 0xff, 
  0x00, 0x25, 0x02, 0xff, 0x00, 0x25, 0x02, 0xff, 0x00, 0x25, 0x02, 0xff, 0x00, 0x25, 0x02, 0xff, 0x00, 0x25, 0x02, 0xff, 0x00, 0x25, 0x02, 0xff, 0x00, 0x25, 0x02, 0xff, 0x00, 0x25, 0x02, 0xff, 0x00, 0x25, 0x02, 0xff, 0x00, 0x25, 0x02, 0xff, 0x00, 0x25, 0x02, 0xff, 0x00, 0x25, 0x02, 0xff, 0x00, 0x25, 0x02, 0xff, 0x00, 0x25, 0x02, 0xff, 0x00, 0x25, 0x02, 0xff, 0x00, 0x25, 0x02, 0xff, 0x00, 0x25, 0x02, 0xff, 0x00, 0x25, 0x02, 0xff, 
  0x00, 0x25, 0x02, 0xff, 0x00, 0x25, 0x02, 0xff, 0x00, 0x25, 0x02, 0xff, 0x00, 0x25, 0x02, 0xff, 0x00, 0x25, 0x02, 0xff, 0x00, 0x25, 0x02, 0xff, 0x00, 0x25, 0x02, 0xff, 0x00, 0x25, 0x02, 0xff, 0x00, 0x25, 0x02, 0xff, 0x00, 0x25, 0x02, 0xff, 0x00, 0x25, 0x02, 0xff, 0x00, 0x25, 0x02, 0xff, 0x00, 0x25, 0x02, 0xff, 0x00, 0x25, 0x02, 0xff, 0x00, 0x25, 0x02, 0xff, 0x00, 0x25, 0x02, 0xff, 0x00, 0x25, 0x02, 0xff, 0x00, 0x25, 0x02, 0xff, 
  0x00, 0x25, 0x02, 0xff, 0x00, 0x25, 0x02, 0xff, 0x00, 0x25, 0x02, 0xff, 0x00, 0x25, 0x02, 0xff, 0x00, 0x25, 0x02, 0xff, 0x00, 0x25, 0x02, 0xff, 0x00, 0x25, 0x02, 0xff, 0x00, 0x25, 0x02, 0xff, 0x00, 0x25, 0x02, 0xff, 0x00, 0x25, 0x02, 0xff, 0x00, 0x25, 0x02, 0xff, 0x00, 0x25, 0x02, 0xff, 0x00, 0x25, 0x02, 0xff, 0x00, 0x25, 0x02, 0xff, 0x00, 0x25, 0x02, 0xff, 0x00, 0x25, 0x02, 0xff, 0x00, 0x25, 0x02, 0xff, 0x00, 0x25, 0x02, 0xff, 
  0x00, 0x25, 0x01, 0xff, 0x00, 0x25, 0x01, 0xff, 0x00, 0x25, 0x01, 0xff, 0x00, 0x25, 0x01, 0xff, 0x00, 0x25, 0x01, 0xff, 0x00, 0x25, 0x01, 0xff, 0x00, 0x25, 0x01, 0xff, 0x00, 0x25, 0x01, 0xff, 0x00, 0x25, 0x01, 0xff, 0x00, 0x25, 0x01, 0xff, 0x00, 0x25, 0x01, 0xff, 0x00, 0x25, 0x01, 0xff, 0x00, 0x25, 0x01, 0xff, 0x00, 0x25, 0x01, 0xff, 0x00, 0x25, 0x01, 0xff, 0x00, 0x25, 0x01, 0xff, 0x00, 0x25, 0x01, 0xff, 0x00, 0x25, 0x01, 0xff, 
  0x00, 0x25, 0x01, 0xff, 0x00, 0x25, 0x01, 0xff, 0x00, 0x25, 0x01, 0xff, 0x00, 0x25, 0x01, 0xff, 0x00, 0x25, 0x01, 0xff, 0x00, 0x25, 0x01, 0xff, 0x00, 0x25, 0x01, 0xff, 0x00, 0x25, 0x01, 0xff, 0x00, 0x25, 0x01, 0xff, 0x00, 0x25, 0x01, 0xff, 0x00, 0x25, 0x01, 0xff, 0x00, 0x25, 0x01, 0xff, 0x00, 0x25, 0x01, 0xff, 0x00, 0x25, 0x01, 0xff, 0x00, 0x25, 0x01, 0xff, 0x00, 0x25, 0x01, 0xff, 0x00, 0x25, 0x01, 0xff, 0x00, 0x25, 0x01, 0xff, 
  0x00, 0x25, 0x01, 0xff, 0x00, 0x25, 0x01, 0xff, 0x00, 0x25, 0x01, 0xff, 0x00, 0x25, 0x01, 0xff, 0x00, 0x25, 0x01, 0xff, 0x00, 0x25, 0x01, 0xff, 0x00, 0x25, 0x01, 0xff, 0x00, 0x25, 0x01, 0xff, 0x00, 0x25, 0x01, 0xff, 0x00, 0x25, 0x01, 0xff, 0x00, 0x25, 0x01, 0xff, 0x00, 0x25, 0x01, 0xff, 0x00, 0x25, 0x01, 0xff, 0x00, 0x25, 0x01, 0xff, 0x00, 0x25, 0x01, 0xff, 0x00, 0x25, 0x01, 0xff, 0x00, 0x25, 0x01, 0xff, 0x00, 0x25, 0x01, 0xff, 
  0x00, 0x25, 0x01, 0xff, 0x00, 0x25, 0x01, 0xff, 0x00, 0x25, 0x01, 0xff, 0x00, 0x25, 0x01, 0xff, 0x00, 0x25, 0x01, 0xff, 0x00, 0x25, 0x01, 0xff, 0x00, 0x25, 0x01, 0xff, 0x00, 0x25, 0x01, 0xff, 0x00, 0x25, 0x01, 0xff, 0x00, 0x25, 0x01, 0xff, 0x00, 0x25, 0x01, 0xff, 0x00, 0x25, 0x01, 0xff, 0x00, 0x25, 0x01, 0xff, 0x00, 0x25, 0x01, 0xff, 0x00, 0x25, 0x01, 0xff, 0x00, 0x25, 0x01, 0xff, 0x00, 0x25, 0x01, 0xff, 0x00, 0x25, 0x01, 0xff, 
  0x00, 0x25, 0x00, 0xff, 0x00, 0x25, 0x00, 0xff, 0x00, 0x25, 0x00, 0xff, 0x00, 0x25, 0x00, 0xff, 0x00, 0x25, 0x00, 0xff, 0x00, 0x25, 0x00, 0xff, 0x00, 0x25, 0x00, 0xff, 0x00, 0x25, 0x00, 0xff, 0x00, 0x25, 0x00, 0xff, 0x00, 0x25, 0x00, 0xff, 0x00, 0x25, 0x00, 0xff, 0x00, 0x25, 0x00, 0xff, 0x00, 0x25, 0x00, 0xff, 0x00, 0x25, 0x00, 0xff, 0x00, 0x25, 0x00, 0xff, 0x00, 0x25, 0x00, 0xff, 0x00, 0x25, 0x00, 0xff, 0x00, 0x25, 0x00, 0xff, 
  0x00, 0x25, 0x00, 0xff, 0x00, 0x25, 0x00, 0xff, 0x00, 0x25, 0x00, 0xff, 0x00, 0x25, 0x00, 0xff, 0x00, 0x25, 0x00, 0xff, 0x00, 0x25, 0x00, 0xff, 0x00, 0x25, 0x00, 0xff, 0x00, 0x25, 0x00, 0xff, 0x00, 0x25, 0x00, 0xff, 0x00, 0x25, 0x00, 0xff, 0x00, 0x25, 0x00, 0xff, 0x00, 0x25, 0x00, 0xff, 0x00, 0x25, 0x00, 0xff, 0x00, 0x25, 0x00, 0xff, 0x00, 0x25, 0x00, 0xff, 0x00, 0x25, 0x00, 0xff, 0x00, 0x25, 0x00, 0xff, 0x00, 0x25, 0x00, 0xff, 
  0x00, 0x25, 0x00, 0xff, 0x00, 0x25, 0x00, 0xff, 0x00, 0x25, 0x00, 0xff, 0x00, 0x25, 0x00, 0xff, 0x00, 0x25, 0x00, 0xff, 0x00, 0x25, 0x00, 0xff, 0x00, 0x25, 0x00, 0xff, 0x00, 0x25, 0x00, 0xff, 0x00, 0x25, 0x00, 0xff, 0x00, 0x25, 0x00, 0xff, 0x00, 0x25, 0x00, 0xff, 0x00, 0x25, 0x00, 0xff, 0x00, 0x25, 0x00, 0xff, 0x00, 0x25, 0x00, 0xff, 0x00, 0x25, 0x00, 0xff, 0x00, 0x25, 0x00, 0xff, 0x00, 0x25, 0x00, 0xff, 0x00, 0x25, 0x00, 0xff, 
  0x00, 0x26, 0x00, 0xff, 0x00, 0x26, 0x00, 0xff, 0x00, 0x26, 0x00, 0xff, 0x00, 0x26, 0x00, 0xff, 0x00, 0x26, 0x00, 0xff, 0x00, 0x26, 0x00, 0xff, 0x00, 0x26, 0x00, 0xff, 0x00, 0x26, 0x00, 0xff, 0x00, 0x26, 0x00, 0xff, 0x00, 0x26, 0x00, 0xff, 0x00, 0x26, 0x00, 0xff, 0x00, 0x26, 0x00, 0xff, 0x00, 0x26, 0x00, 0xff, 0x00, 0x26, 0x00, 0xff, 0x00, 0x26, 0x00, 0xff, 0x00, 0x26, 0x00, 0xff, 0x00, 0x26, 0x00, 0xff, 0x00, 0x26, 0x00, 0xff, 
  0x00, 0x26, 0x00, 0xff, 0x00, 0x26, 0x00, 0xff, 0x00, 0x26, 0x00, 0xff, 0x00, 0x26, 0x00, 0xff, 0x00, 0x26, 0x00, 0xff, 0x00, 0x26, 0x00, 0xff, 0x00, 0x26, 0x00, 0xff, 0x00, 0x26, 0x00, 0xff, 0x00, 0x26, 0x00, 0xff, 0x00, 0x26, 0x00, 0xff, 0x00, 0x26, 0x00, 0xff, 0x00, 0x26, 0x00, 0xff, 0x00, 0x26, 0x00, 0xff, 0x00, 0x26, 0x00, 0xff, 0x00, 0x26, 0x00, 0xff, 0x00, 0x26, 0x00, 0xff, 0x00, 0x26, 0x00, 0xff, 0x00, 0x26, 0x00, 0xff, 
  0x00, 0x26, 0x00, 0xff, 0x00, 0x26, 0x00, 0xff, 0x00, 0x26, 0x00, 0xff, 0x00, 0x26, 0x00, 0xff, 0x00, 0x26, 0x00, 0xff, 0x00, 0x26, 0x00, 0xff, 0x00, 0x26, 0x00, 0xff, 0x00, 0x26, 0x00, 0xff, 0x00, 0x26, 0x00, 0xff, 0x00, 0x26, 0x00, 0xff, 0x00, 0x26, 0x00, 0xff, 0x00, 0x26, 0x00, 0xff, 0x00, 0x26, 0x00, 0xff, 0x00, 0x26, 0x00, 0xff, 0x00, 0x26, 0x00, 0xff, 0x00, 0x26, 0x00, 0xff, 0x00, 0x26, 0x00, 0xff, 0x00, 0x26, 0x00, 0xff, 
  0x00, 0x26, 0x00, 0xff, 0x00, 0x26, 0x00, 0xff, 0x00, 0x26, 0x00, 0xff, 0x00, 0x26, 0x00, 0xff, 0x00, 0x26, 0x00, 0xff, 0x00, 0x26, 0x00, 0xff, 0x00, 0x26, 0x00, 0xff, 0x00, 0x26, 0x00, 0xff, 0x00, 0x26, 0x00, 0xff, 0x00, 0x26, 0x00, 0xff, 0x00, 0x26, 0x00, 0xff, 0x00, 0x26, 0x00, 0xff, 0x00, 0x26, 0x00, 0xff, 0x00, 0x26, 0x00, 0xff, 0x00, 0x26, 0x00, 0xff, 0x00, 0x26, 0x00, 0xff, 0x00, 0x26, 0x00, 0xff, 0x00, 0x26, 0x00, 0xff, 
  0x00, 0x26, 0x00, 0xff, 0x00, 0x26, 0x00, 0xff, 0x00, 0x26, 0x00, 0xff, 0x00, 0x26, 0x00, 0xff, 0x00, 0x26, 0x00, 0xff, 0x00, 0x26, 0x00, 0xff, 0x00, 0x26, 0x00, 0xff, 0x00, 0x26, 0x00, 0xff, 0x00, 0x26, 0x00, 0xff, 0x00, 0x26, 0x00, 0xff, 0x00, 0x26, 0x00, 0xff, 0x00, 0x26, 0x00, 0xff, 0x00, 0x26, 0x00, 0xff, 0x00, 0x26, 0x00, 0xff, 0x00, 0x26, 0x00, 0xff, 0x00, 0x26, 0x00, 0xff, 0x00, 0x26, 0x00, 0xff, 0x00, 0x26, 0x00, 0xff, 
  0x00, 0x26, 0x00, 0xff, 0x00, 0x26, 0x00, 0xff, 0x00, 0x26, 0x00, 0xff, 0x00, 0x26, 0x00, 0xff, 0x00, 0x26, 0x00, 0xff, 0x00, 0x26, 0x00, 0xff, 0x00, 0x26, 0x00, 0xff, 0x00, 0x26, 0x00, 0xff, 0x00, 0x26, 0x00, 0xff, 0x00, 0x26, 0x00, 0xff, 0x00, 0x26, 0x00, 0xff, 0x00, 0x26, 0x00, 0xff, 0x00, 0x26, 0x00, 0xff, 0x00, 0x26, 0x00, 0xff, 0x00, 0x26, 0x00, 0xff, 0x00, 0x26, 0x00, 0xff, 0x00, 0x26, 0x00, 0xff, 0x00, 0x26, 0x00, 0xff, 
  0x00, 0x26, 0x00, 0xff, 0x00, 0x26, 0x00, 0xff, 0x00, 0x26, 0x00, 0xff, 0x00, 0x26, 0x00, 0xff, 0x00, 0x26, 0x00, 0xff, 0x00, 0x26, 0x00, 0xff, 0x00, 0x26, 0x00, 0xff, 0x00, 0x26, 0x00, 0xff, 0x00, 0x26, 0x00, 0xff, 0x00, 0x26, 0x00, 0xff, 0x00, 0x26, 0x00, 0xff, 0x00, 0x26, 0x00, 0xff, 0x00, 0x26, 0x00, 0xff, 0x00, 0x26, 0x00, 0xff, 0x00, 0x26, 0x00, 0xff, 0x00, 0x26, 0x00, 0xff, 0x00, 0x26, 0x00, 0xff, 0x00, 0x26, 0x00, 0xff, 
  0x00, 0x26, 0x00, 0xff, 0x00, 0x26, 0x00, 0xff, 0x00, 0x26, 0x00, 0xff, 0x00, 0x26, 0x00, 0xff, 0x00, 0x26, 0x00, 0xff, 0x00, 0x26, 0x00, 0xff, 0x00, 0x26, 0x00, 0xff, 0x00, 0x26, 0x00, 0xff, 0x00, 0x26, 0x00, 0xff, 0x00, 0x26, 0x00, 0xff, 0x00, 0x26, 0x00, 0xff, 0x00, 0x26, 0x00, 0xff, 0x00, 0x26, 0x00, 0xff, 0x00, 0x26, 0x00, 0xff, 0x00, 0x26, 0x00, 0xff, 0x00, 0x26, 0x00, 0xff, 0x00, 0x26, 0x00, 0xff, 0x00, 0x26, 0x00, 0xff, 
  0x00, 0x26, 0x00, 0xff, 0x00, 0x26, 0x00, 0xff, 0x00, 0x26, 0x00, 0xff, 0x00, 0x26, 0x00, 0xff, 0x00, 0x26, 0x00, 0xff, 0x00, 0x26, 0x00, 0xff, 0x00, 0x26, 0x00, 0xff, 0x00, 0x26, 0x00, 0xff, 0x00, 0x26, 0x00, 0xff, 0x00, 0x26, 0x00, 0xff, 0x00, 0x26, 0x00, 0xff, 0x00, 0x26, 0x00, 0xff, 0x00, 0x26, 0x00, 0xff, 0x00, 0x26, 0x00, 0xff, 0x00, 0x26, 0x00, 0xff, 0x00, 0x26, 0x00, 0xff, 0x00, 0x26, 0x00, 0xff, 0x00, 0x26, 0x00, 0xff, 
  0x00, 0x26, 0x00, 0xff, 0x00, 0x26, 0x00, 0xff, 0x00, 0x26, 0x00, 0xff, 0x00, 0x26, 0x00, 0xff, 0x00, 0x26, 0x00, 0xff, 0x00, 0x26, 0x00, 0xff, 0x00, 0x26, 0x00, 0xff, 0x00, 0x26, 0x00, 0xff, 0x00, 0x26, 0x00, 0xff, 0x00, 0x26, 0x00, 0xff, 0x00, 0x26, 0x00, 0xff, 0x00, 0x26, 0x00, 0xff, 0x00, 0x26, 0x00, 0xff, 0x00, 0x26, 0x00, 0xff, 0x00, 0x26, 0x00, 0xff, 0x00, 0x26, 0x00, 0xff, 0x00, 0x26, 0x00, 0xff, 0x00, 0x26, 0x00, 0xff, 
  0x00, 0x26, 0x00, 0xff, 0x00, 0x26, 0x00, 0xff, 0x00, 0x26, 0x00, 0xff, 0x00, 0x26, 0x00, 0xff, 0x00, 0x26, 0x00, 0xff, 0x00, 0x26, 0x00, 0xff, 0x00, 0x26, 0x00, 0xff, 0x00, 0x26, 0x00, 0xff, 0x00, 0x26, 0x00, 0xff, 0x00, 0x26, 0x00, 0xff, 0x00, 0x26, 0x00, 0xff, 0x00, 0x26, 0x00, 0xff, 0x00, 0x26, 0x00, 0xff, 0x00, 0x26, 0x00, 0xff, 0x00, 0x26, 0x00, 0xff, 0x00, 0x26, 0x00, 0xff, 0x00, 0x26, 0x00, 0xff, 0x00, 0x26, 0x00, 0xff, 
  0x00, 0x26, 0x00, 0xff, 0x00, 0x26, 0x00, 0xff, 0x00, 0x26, 0x00, 0xff, 0x00, 0x26, 0x00, 0xff, 0x00, 0x26, 0x00, 0xff, 0x00, 0x26, 0x00, 0xff, 0x00, 0x26, 0x00, 0xff, 0x00, 0x26, 0x00, 0xff, 0x00, 0x26, 0x00, 0xff, 0x00, 0x26, 0x00, 0xff, 0x00, 0x26, 0x00, 0xff, 0x00, 0x26, 0x00, 0xff, 0x00, 0x26, 0x00, 0xff, 0x00, 0x26, 0x00, 0xff, 0x00, 0x26, 0x00, 0xff, 0x00, 0x26, 0x00, 0xff, 0x00, 0x26, 0x00, 0xff, 0x00, 0x26, 0x00, 0xff, 
  0x00, 0x26, 0x00, 0xff, 0x00, 0x26, 0x00, 0xff, 0x00, 0x26, 0x00, 0xff, 0x00, 0x26, 0x00, 0xff, 0x00, 0x26, 0x00, 0xff, 0x00, 0x26, 0x00, 0xff, 0x00, 0x26, 0x00, 0xff, 0x00, 0x26, 0x00, 0xff, 0x00, 0x26, 0x00, 0xff, 0x00, 0x26, 0x00, 0xff, 0x00, 0x26, 0x00, 0xff, 0x00, 0x26, 0x00, 0xff, 0x00, 0x26, 0x00, 0xff, 0x00, 0x26, 0x00, 0xff, 0x00, 0x26, 0x00, 0xff, 0x00, 0x26, 0x00, 0xff, 0x00, 0x26, 0x00, 0xff, 0x00, 0x26, 0x00, 0xff, 
  0x00, 0x26, 0x00, 0xff, 0x00, 0x26, 0x00, 0xff, 0x00, 0x26, 0x00, 0xff, 0x00, 0x26, 0x00, 0xff, 0x00, 0x26, 0x00, 0xff, 0x00, 0x26, 0x00, 0xff, 0x00, 0x26, 0x00, 0xff, 0x00, 0x26, 0x00, 0xff, 0x00, 0x26, 0x00, 0xff, 0x00, 0x26, 0x00, 0xff, 0x00, 0x26, 0x00, 0xff, 0x00, 0x26, 0x00, 0xff, 0x00, 0x26, 0x00, 0xff, 0x00, 0x26, 0x00, 0xff, 0x00, 0x26, 0x00, 0xff, 0x00, 0x26, 0x00, 0xff, 0x00, 0x26, 0x00, 0xff, 0x00, 0x26, 0x00, 0xff, 
  0x00, 0x26, 0x00, 0xff, 0x00, 0x26, 0x00, 0xff, 0x00, 0x26, 0x00, 0xff, 0x00, 0x26, 0x00, 0xff, 0x00, 0x26, 0x00, 0xff, 0x00, 0x26, 0x00, 0xff, 0x00, 0x26, 0x00, 0xff, 0x00, 0x26, 0x00, 0xff, 0x00, 0x26, 0x00, 0xff, 0x00, 0x26, 0x00, 0xff, 0x00, 0x26, 0x00, 0xff, 0x00, 0x26, 0x00, 0xff, 0x00, 0x26, 0x00, 0xff, 0x00, 0x26, 0x00, 0xff, 0x00, 0x26, 0x00, 0xff, 0x00, 0x26, 0x00, 0xff, 0x00, 0x26, 0x00, 0xff, 0x00, 0x26, 0x00, 0xff, 
  0x00, 0x26, 0x00, 0xff, 0x00, 0x26, 0x00, 0xff, 0x00, 0x26, 0x00, 0xff, 0x00, 0x26, 0x00, 0xff, 0x00, 0x26, 0x00, 0xff, 0x00, 0x26, 0x00, 0xff, 0x00, 0x26, 0x00, 0xff, 0x00, 0x26, 0x00, 0xff, 0x00, 0x26, 0x00, 0xff, 0x00, 0x26, 0x00, 0xff, 0x00, 0x26, 0x00, 0xff, 0x00, 0x26, 0x00, 0xff, 0x00, 0x26, 0x00, 0xff, 0x00, 0x26, 0x00, 0xff, 0x00, 0x26, 0x00, 0xff, 0x00, 0x26, 0x00, 0xff, 0x00, 0x26, 0x00, 0xff, 0x00, 0x26, 0x00, 0xff, 
  0x00, 0x26, 0x00, 0xff, 0x00, 0x26, 0x00, 0xff, 0x00, 0x26, 0x00, 0xff, 0x00, 0x26, 0x00, 0xff, 0x00, 0x26, 0x00, 0xff, 0x00, 0x26, 0x00, 0xff, 0x00, 0x26, 0x00, 0xff, 0x00, 0x26, 0x00, 0xff, 0x00, 0x26, 0x00, 0xff, 0x00, 0x26, 0x00, 0xff, 0x00, 0x26, 0x00, 0xff, 0x00, 0x26, 0x00, 0xff, 0x00, 0x26, 0x00, 0xff, 0x00, 0x26, 0x00, 0xff, 0x00, 0x26, 0x00, 0xff, 0x00, 0x26, 0x00, 0xff, 0x00, 0x26, 0x00, 0xff, 0x00, 0x26, 0x00, 0xff, 
  0x00, 0x26, 0x00, 0xff, 0x00, 0x26, 0x00, 0xff, 0x00, 0x26, 0x00, 0xff, 0x00, 0x26, 0x00, 0xff, 0x00, 0x26, 0x00, 0xff, 0x00, 0x26, 0x00, 0xff, 0x00, 0x26, 0x00, 0xff, 0x00, 0x26, 0x00, 0xff, 0x00, 0x26, 0x00, 0xff, 0x00, 0x26, 0x00, 0xff, 0x00, 0x26, 0x00, 0xff, 0x00, 0x26, 0x00, 0xff, 0x00, 0x26, 0x00, 0xff, 0x00, 0x26, 0x00, 0xff, 0x00, 0x26, 0x00, 0xff, 0x00, 0x26, 0x00, 0xff, 0x00, 0x26, 0x00, 0xff, 0x00, 0x26, 0x00, 0xff, 
  0x00, 0x26, 0x00, 0xff, 0x00, 0x26, 0x00, 0xff, 0x00, 0x26, 0x00, 0xff, 0x00, 0x26, 0x00, 0xff, 0x00, 0x26, 0x00, 0xff, 0x00, 0x26, 0x00, 0xff, 0x00, 0x26, 0x00, 0xff, 0x00, 0x26, 0x00, 0xff, 0x00, 0x26, 0x00, 0xff, 0x00, 0x26, 0x00, 0xff, 0x00, 0x26, 0x00, 0xff, 0x00, 0x26, 0x00, 0xff, 0x00, 0x26, 0x00, 0xff, 0x00, 0x26, 0x00, 0xff, 0x00, 0x26, 0x00, 0xff, 0x00, 0x26, 0x00, 0xff, 0x00, 0x26, 0x00, 0xff, 0x00, 0x26, 0x00, 0xff, 
  0x00, 0x26, 0x00, 0xff, 0x00, 0x26, 0x00, 0xff, 0x00, 0x26, 0x00, 0xff, 0x00, 0x26, 0x00, 0xff, 0x00, 0x26, 0x00, 0xff, 0x00, 0x26, 0x00, 0xff, 0x00, 0x26, 0x00, 0xff, 0x00, 0x26, 0x00, 0xff, 0x00, 0x26, 0x00, 0xff, 0x00, 0x26, 0x00, 0xff, 0x00, 0x26, 0x00, 0xff, 0x00, 0x26, 0x00, 0xff, 0x00, 0x26, 0x00, 0xff, 0x00, 0x26, 0x00, 0xff, 0x00, 0x26, 0x00, 0xff, 0x00, 0x26, 0x00, 0xff, 0x00, 0x26, 0x00, 0xff, 0x00, 0x26, 0x00, 0xff, 
  0x00, 0x26, 0x00, 0xff, 0x00, 0x26, 0x00, 0xff, 0x00, 0x26, 0x00, 0xff, 0x00, 0x26, 0x00, 0xff, 0x00, 0x26, 0x00, 0xff, 0x00, 0x26, 0x00, 0xff, 0x00, 0x26, 0x00, 0xff, 0x00, 0x26, 0x00, 0xff, 0x00, 0x26, 0x00, 0xff, 0x00, 0x26, 0x00, 0xff, 0x00, 0x26, 0x00, 0xff, 0x00, 0x26, 0x00, 0xff, 0x00, 0x26, 0x00, 0xff, 0x00, 0x26, 0x00, 0xff, 0x00, 0x26, 0x00, 0xff, 0x00, 0x26, 0x00, 0xff, 0x00, 0x26, 0x00, 0xff, 0x00, 0x26, 0x00, 0xff, 
  0x00, 0x26, 0x00, 0xff, 0x00, 0x26, 0x00, 0xff, 0x00, 0x26, 0x00, 0xff, 0x00, 0x26, 0x00, 0xff, 0x00, 0x26, 0x00, 0xff, 0x00, 0x26, 0x00, 0xff, 0x00, 0x26, 0x00, 0xff, 0x00, 0x26, 0x00, 0xff, 0x00, 0x26, 0x00, 0xff, 0x00, 0x26, 0x00, 0xff, 0x00, 0x26, 0x00, 0xff, 0x00, 0x26, 0x00, 0xff, 0x00, 0x26, 0x00, 0xff, 0x00, 0x26, 0x00, 0xff, 0x00, 0x26, 0x00, 0xff, 0x00, 0x26, 0x00, 0xff, 0x00, 0x26, 0x00, 0xff, 0x00, 0x26, 0x00, 0xff, 
  0x00, 0x26, 0x00, 0xff, 0x00, 0x26, 0x00, 0xff, 0x00, 0x26, 0x00, 0xff, 0x00, 0x26, 0x00, 0xff, 0x00, 0x26, 0x00, 0xff, 0x00, 0x26, 0x00, 0xff, 0x00, 0x26, 0x00, 0xff, 0x00, 0x26, 0x00, 0xff, 0x00, 0x26, 0x00, 0xff, 0x00, 0x26, 0x00, 0xff, 0x00, 0x26, 0x00, 0xff, 0x00, 0x26, 0x00, 0xff, 0x00, 0x26, 0x00, 0xff, 0x00, 0x26, 0x00, 0xff, 0x00, 0x26, 0x00, 0xff, 0x00, 0x26, 0x00, 0xff, 0x00, 0x26, 0x00, 0xff, 0x00, 0x26, 0x00, 0xff, 
  0x00, 0x26, 0x00, 0xff, 0x00, 0x26, 0x00, 0xff, 0x00, 0x26, 0x00, 0xff, 0x00, 0x26, 0x00, 0xff, 0x00, 0x26, 0x00, 0xff, 0x00, 0x26, 0x00, 0xff, 0x00, 0x26, 0x00, 0xff, 0x00, 0x26, 0x00, 0xff, 0x00, 0x26, 0x00, 0xff, 0x00, 0x26, 0x00, 0xff, 0x00, 0x26, 0x00, 0xff, 0x00, 0x26, 0x00, 0xff, 0x00, 0x26, 0x00, 0xff, 0x00, 0x26, 0x00, 0xff, 0x00, 0x26, 0x00, 0xff, 0x00, 0x26, 0x00, 0xff, 0x00, 0x26, 0x00, 0xff, 0x00, 0x26, 0x00, 0xff, 
  0x00, 0x26, 0x00, 0xff, 0x00, 0x26, 0x00, 0xff, 0x00, 0x26, 0x00, 0xff, 0x00, 0x26, 0x00, 0xff, 0x00, 0x26, 0x00, 0xff, 0x00, 0x26, 0x00, 0xff, 0x00, 0x26, 0x00, 0xff, 0x00, 0x26, 0x00, 0xff, 0x00, 0x26, 0x00, 0xff, 0x00, 0x26, 0x00, 0xff, 0x00, 0x26, 0x00, 0xff, 0x00, 0x26, 0x00, 0xff, 0x00, 0x26, 0x00, 0xff, 0x00, 0x26, 0x00, 0xff, 0x00, 0x26, 0x00, 0xff, 0x00, 0x26, 0x00, 0xff, 0x00, 0x26, 0x00, 0xff, 0x00, 0x26, 0x00, 0xff, 
  0x00, 0x26, 0x00, 0xff, 0x00, 0x26, 0x00, 0xff, 0x00, 0x26, 0x00, 0xff, 0x00, 0x26, 0x00, 0xff, 0x00, 0x26, 0x00, 0xff, 0x00, 0x26, 0x00, 0xff, 0x00, 0x26, 0x00, 0xff, 0x00, 0x26, 0x00, 0xff, 0x00, 0x26, 0x00, 0xff, 0x00, 0x26, 0x00, 0xff, 0x00, 0x26, 0x00, 0xff, 0x00, 0x26, 0x00, 0xff, 0x00, 0x26, 0x00, 0xff, 0x00, 0x26, 0x00, 0xff, 0x00, 0x26, 0x00, 0xff, 0x00, 0x26, 0x00, 0xff, 0x00, 0x26, 0x00, 0xff, 0x00, 0x26, 0x00, 0xff, 
  0x00, 0x26, 0x00, 0xff, 0x00, 0x26, 0x00, 0xff, 0x00, 0x26, 0x00, 0xff, 0x00, 0x26, 0x00, 0xff, 0x00, 0x26, 0x00, 0xff, 0x00, 0x26, 0x00, 0xff, 0x00, 0x26, 0x00, 0xff, 0x00, 0x26, 0x00, 0xff, 0x00, 0x26, 0x00, 0xff, 0x00, 0x26, 0x00, 0xff, 0x00, 0x26, 0x00, 0xff, 0x00, 0x26, 0x00, 0xff, 0x00, 0x26, 0x00, 0xff, 0x00, 0x26, 0x00, 0xff, 0x00, 0x26, 0x00, 0xff, 0x00, 0x26, 0x00, 0xff, 0x00, 0x26, 0x00, 0xff, 0x00, 0x26, 0x00, 0xff, 
  0x00, 0x26, 0x00, 0xff, 0x00, 0x26, 0x00, 0xff, 0x00, 0x26, 0x00, 0xff, 0x00, 0x26, 0x00, 0xff, 0x00, 0x26, 0x00, 0xff, 0x00, 0x26, 0x00, 0xff, 0x00, 0x26, 0x00, 0xff, 0x00, 0x26, 0x00, 0xff, 0x00, 0x26, 0x00, 0xff, 0x00, 0x26, 0x00, 0xff, 0x00, 0x26, 0x00, 0xff, 0x00, 0x26, 0x00, 0xff, 0x00, 0x26, 0x00, 0xff, 0x00, 0x26, 0x00, 0xff, 0x00, 0x26, 0x00, 0xff, 0x00, 0x26, 0x00, 0xff, 0x00, 0x26, 0x00, 0xff, 0x00, 0x26, 0x00, 0xff, 
  0x00, 0x26, 0x00, 0xff, 0x00, 0x26, 0x00, 0xff, 0x00, 0x26, 0x00, 0xff, 0x00, 0x26, 0x00, 0xff, 0x00, 0x26, 0x00, 0xff, 0x00, 0x26, 0x00, 0xff, 0x00, 0x26, 0x00, 0xff, 0x00, 0x26, 0x00, 0xff, 0x00, 0x26, 0x00, 0xff, 0x00, 0x26, 0x00, 0xff, 0x00, 0x26, 0x00, 0xff, 0x00, 0x26, 0x00, 0xff, 0x00, 0x26, 0x00, 0xff, 0x00, 0x26, 0x00, 0xff, 0x00, 0x26, 0x00, 0xff, 0x00, 0x26, 0x00, 0xff, 0x00, 0x26, 0x00, 0xff, 0x00, 0x26, 0x00, 0xff, 
  0x00, 0x26, 0x00, 0xff, 0x00, 0x26, 0x00, 0xff, 0x00, 0x26, 0x00, 0xff, 0x00, 0x26, 0x00, 0xff, 0x00, 0x26, 0x00, 0xff, 0x00, 0x26, 0x00, 0xff, 0x00, 0x26, 0x00, 0xff, 0x00, 0x26, 0x00, 0xff, 0x00, 0x26, 0x00, 0xff, 0x00, 0x26, 0x00, 0xff, 0x00, 0x26, 0x00, 0xff, 0x00, 0x26, 0x00, 0xff, 0x00, 0x26, 0x00, 0xff, 0x00, 0x26, 0x00, 0xff, 0x00, 0x26, 0x00, 0xff, 0x00, 0x26, 0x00, 0xff, 0x00, 0x26, 0x00, 0xff, 0x00, 0x26, 0x00, 0xff, 
  0x00, 0x26, 0x00, 0xff, 0x00, 0x26, 0x00, 0xff, 0x00, 0x26, 0x00, 0xff, 0x00, 0x26, 0x00, 0xff, 0x00, 0x26, 0x00, 0xff, 0x00, 0x26, 0x00, 0xff, 0x00, 0x26, 0x00, 0xff, 0x00, 0x26, 0x00, 0xff, 0x00, 0x26, 0x00, 0xff, 0x00, 0x26, 0x00, 0xff, 0x00, 0x26, 0x00, 0xff, 0x00, 0x26, 0x00, 0xff, 0x00, 0x26, 0x00, 0xff, 0x00, 0x26, 0x00, 0xff, 0x00, 0x26, 0x00, 0xff, 0x00, 0x26, 0x00, 0xff, 0x00, 0x26, 0x00, 0xff, 0x00, 0x26, 0x00, 0xff, 
  0x00, 0x26, 0x00, 0xff, 0x00, 0x26, 0x00, 0xff, 0x00, 0x26, 0x00, 0xff, 0x00, 0x26, 0x00, 0xff, 0x00, 0x26, 0x00, 0xff, 0x00, 0x26, 0x00, 0xff, 0x00, 0x26, 0x00, 0xff, 0x00, 0x26, 0x00, 0xff, 0x00, 0x26, 0x00, 0xff, 0x00, 0x26, 0x00, 0xff, 0x00, 0x26, 0x00, 0xff, 0x00, 0x26, 0x00, 0xff, 0x00, 0x26, 0x00, 0xff, 0x00, 0x26, 0x00, 0xff, 0x00, 0x26, 0x00, 0xff, 0x00, 0x26, 0x00, 0xff, 0x00, 0x26, 0x00, 0xff, 0x00, 0x26, 0x00, 0xff, 
  0x00, 0x26, 0x00, 0xff, 0x00, 0x26, 0x00, 0xff, 0x00, 0x26, 0x00, 0xff, 0x00, 0x26, 0x00, 0xff, 0x00, 0x26, 0x00, 0xff, 0x00, 0x26, 0x00, 0xff, 0x00, 0x26, 0x00, 0xff, 0x00, 0x26, 0x00, 0xff, 0x00, 0x26, 0x00, 0xff, 0x00, 0x26, 0x00, 0xff, 0x00, 0x26, 0x00, 0xff, 0x00, 0x26, 0x00, 0xff, 0x00, 0x26, 0x00, 0xff, 0x00, 0x26, 0x00, 0xff, 0x00, 0x26, 0x00, 0xff, 0x00, 0x26, 0x00, 0xff, 0x00, 0x26, 0x00, 0xff, 0x00, 0x26, 0x00, 0xff, 
  0x00, 0x26, 0x00, 0xff, 0x00, 0x26, 0x00, 0xff, 0x00, 0x26, 0x00, 0xff, 0x00, 0x26, 0x00, 0xff, 0x00, 0x26, 0x00, 0xff, 0x00, 0x26, 0x00, 0xff, 0x00, 0x26, 0x00, 0xff, 0x00, 0x26, 0x00, 0xff, 0x00, 0x26, 0x00, 0xff, 0x00, 0x26, 0x00, 0xff, 0x00, 0x26, 0x00, 0xff, 0x00, 0x26, 0x00, 0xff, 0x00, 0x26, 0x00, 0xff, 0x00, 0x26, 0x00, 0xff, 0x00, 0x26, 0x00, 0xff, 0x00, 0x26, 0x00, 0xff, 0x00, 0x26, 0x00, 0xff, 0x00, 0x26, 0x00, 0xff, 
  0x00, 0x26, 0x00, 0xff, 0x00, 0x26, 0x00, 0xff, 0x00, 0x26, 0x00, 0xff, 0x00, 0x26, 0x00, 0xff, 0x00, 0x26, 0x00, 0xff, 0x00, 0x26, 0x00, 0xff, 0x00, 0x26, 0x00, 0xff, 0x00, 0x26, 0x00, 0xff, 0x00, 0x26, 0x00, 0xff, 0x00, 0x26, 0x00, 0xff, 0x00, 0x26, 0x00, 0xff, 0x00, 0x26, 0x00, 0xff, 0x00, 0x26, 0x00, 0xff, 0x00, 0x26, 0x00, 0xff, 0x00, 0x26, 0x00, 0xff, 0x00, 0x26, 0x00, 0xff, 0x00, 0x26, 0x00, 0xff, 0x00, 0x26, 0x00, 0xff, 
  0x00, 0x26, 0x00, 0xff, 0x00, 0x26, 0x00, 0xff, 0x00, 0x26, 0x00, 0xff, 0x00, 0x26, 0x00, 0xff, 0x00, 0x26, 0x00, 0xff, 0x00, 0x26, 0x00, 0xff, 0x00, 0x26, 0x00, 0xff, 0x00, 0x26, 0x00, 0xff, 0x00, 0x26, 0x00, 0xff, 0x00, 0x26, 0x00, 0xff, 0x00, 0x26, 0x00, 0xff, 0x00, 0x26, 0x00, 0xff, 0x00, 0x26, 0x00, 0xff, 0x00, 0x26, 0x00, 0xff, 0x00, 0x26, 0x00, 0xff, 0x00, 0x26, 0x00, 0xff, 0x00, 0x26, 0x00, 0xff, 0x00, 0x26, 0x00, 0xff, 
  0x00, 0x26, 0x00, 0xff, 0x00, 0x26, 0x00, 0xff, 0x00, 0x26, 0x00, 0xff, 0x00, 0x26, 0x00, 0xff, 0x00, 0x26, 0x00, 0xff, 0x00, 0x26, 0x00, 0xff, 0x00, 0x26, 0x00, 0xff, 0x00, 0x26, 0x00, 0xff, 0x00, 0x26, 0x00, 0xff, 0x00, 0x26, 0x00, 0xff, 0x00, 0x26, 0x00, 0xff, 0x00, 0x26, 0x00, 0xff, 0x00, 0x26, 0x00, 0xff, 0x00, 0x26, 0x00, 0xff, 0x00, 0x26, 0x00, 0xff, 0x00, 0x26, 0x00, 0xff, 0x00, 0x26, 0x00, 0xff, 0x00, 0x26, 0x00, 0xff, 
  0x00, 0x26, 0x00, 0xff, 0x00, 0x26, 0x00, 0xff, 0x00, 0x26, 0x00, 0xff, 0x00, 0x26, 0x00, 0xff, 0x00, 0x26, 0x00, 0xff, 0x00, 0x26, 0x00, 0xff, 0x00, 0x26, 0x00, 0xff, 0x00, 0x26, 0x00, 0xff, 0x00, 0x26, 0x00, 0xff, 0x00, 0x26, 0x00, 0xff, 0x00, 0x26, 0x00, 0xff, 0x00, 0x26, 0x00, 0xff, 0x00, 0x26, 0x00, 0xff, 0x00, 0x26, 0x00, 0xff, 0x00, 0x26, 0x00, 0xff, 0x00, 0x26, 0x00, 0xff, 0x00, 0x26, 0x00, 0xff, 0x00, 0x26, 0x00, 0xff, 
  0x00, 0x26, 0x00, 0xff, 0x00, 0x26, 0x00, 0xff, 0x00, 0x26, 0x00, 0xff, 0x00, 0x26, 0x00, 0xff, 0x00, 0x26, 0x00, 0xff, 0x00, 0x26, 0x00, 0xff, 0x00, 0x26, 0x00, 0xff, 0x00, 0x26, 0x00, 0xff, 0x00, 0x26, 0x00, 0xff, 0x00, 0x26, 0x00, 0xff, 0x00, 0x26, 0x00, 0xff, 0x00, 0x26, 0x00, 0xff, 0x00, 0x26, 0x00, 0xff, 0x00, 0x26, 0x00, 0xff, 0x00, 0x26, 0x00, 0xff, 0x00, 0x26, 0x00, 0xff, 0x00, 0x26, 0x00, 0xff, 0x00, 0x26, 0x00, 0xff, 
  0x00, 0x26, 0x00, 0xff, 0x00, 0x26, 0x00, 0xff, 0x00, 0x26, 0x00, 0xff, 0x00, 0x26, 0x00, 0xff, 0x00, 0x26, 0x00, 0xff, 0x00, 0x26, 0x00, 0xff, 0x00, 0x26, 0x00, 0xff, 0x00, 0x26, 0x00, 0xff, 0x00, 0x26, 0x00, 0xff, 0x00, 0x26, 0x00, 0xff, 0x00, 0x26, 0x00, 0xff, 0x00, 0x26, 0x00, 0xff, 0x00, 0x26, 0x00, 0xff, 0x00, 0x26, 0x00, 0xff, 0x00, 0x26, 0x00, 0xff, 0x00, 0x26, 0x00, 0xff, 0x00, 0x26, 0x00, 0xff, 0x00, 0x26, 0x00, 0xff, 
  0x00, 0x26, 0x00, 0xff, 0x00, 0x26, 0x00, 0xff, 0x00, 0x26, 0x00, 0xff, 0x00, 0x26, 0x00, 0xff, 0x00, 0x26, 0x00, 0xff, 0x00, 0x26, 0x00, 0xff, 0x00, 0x26, 0x00, 0xff, 0x00, 0x26, 0x00, 0xff, 0x00, 0x26, 0x00, 0xff, 0x00, 0x26, 0x00, 0xff, 0x00, 0x26, 0x00, 0xff, 0x00, 0x26, 0x00, 0xff, 0x00, 0x26, 0x00, 0xff, 0x00, 0x26, 0x00, 0xff, 0x00, 0x26, 0x00, 0xff, 0x00, 0x26, 0x00, 0xff, 0x00, 0x26, 0x00, 0xff, 0x00, 0x26, 0x00, 0xff, 
  0x00, 0x26, 0x00, 0xff, 0x00, 0x26, 0x00, 0xff, 0x00, 0x26, 0x00, 0xff, 0x00, 0x26, 0x00, 0xff, 0x00, 0x26, 0x00, 0xff, 0x00, 0x26, 0x00, 0xff, 0x00, 0x26, 0x00, 0xff, 0x00, 0x26, 0x00, 0xff, 0x00, 0x26, 0x00, 0xff, 0x00, 0x26, 0x00, 0xff, 0x00, 0x26, 0x00, 0xff, 0x00, 0x26, 0x00, 0xff, 0x00, 0x26, 0x00, 0xff, 0x00, 0x26, 0x00, 0xff, 0x00, 0x26, 0x00, 0xff, 0x00, 0x26, 0x00, 0xff, 0x00, 0x26, 0x00, 0xff, 0x00, 0x26, 0x00, 0xff, 
  0x00, 0x26, 0x00, 0xff, 0x00, 0x26, 0x00, 0xff, 0x00, 0x26, 0x00, 0xff, 0x00, 0x26, 0x00, 0xff, 0x00, 0x26, 0x00, 0xff, 0x00, 0x26, 0x00, 0xff, 0x00, 0x26, 0x00, 0xff, 0x00, 0x26, 0x00, 0xff, 0x00, 0x26, 0x00, 0xff, 0x00, 0x26, 0x00, 0xff, 0x00, 0x26, 0x00, 0xff, 0x00, 0x26, 0x00, 0xff, 0x00, 0x26, 0x00, 0xff, 0x00, 0x26, 0x00, 0xff, 0x00, 0x26, 0x00, 0xff, 0x00, 0x26, 0x00, 0xff, 0x00, 0x26, 0x00, 0xff, 0x00, 0x26, 0x00, 0xff, 
  0x00, 0x26, 0x00, 0xff, 0x00, 0x26, 0x00, 0xff, 0x00, 0x26, 0x00, 0xff, 0x00, 0x26, 0x00, 0xff, 0x00, 0x26, 0x00, 0xff, 0x00, 0x26, 0x00, 0xff, 0x00, 0x26, 0x00, 0xff, 0x00, 0x26, 0x00, 0xff, 0x00, 0x26, 0x00, 0xff, 0x00, 0x26, 0x00, 0xff, 0x00, 0x26, 0x00, 0xff, 0x00, 0x26, 0x00, 0xff, 0x00, 0x26, 0x00, 0xff, 0x00, 0x26, 0x00, 0xff, 0x00, 0x26, 0x00, 0xff, 0x00, 0x26, 0x00, 0xff, 0x00, 0x26, 0x00, 0xff, 0x00, 0x26, 0x00, 0xff, 
  0x00, 0x26, 0x00, 0xff, 0x00, 0x26, 0x00, 0xff, 0x00, 0x26, 0x00, 0xff, 0x00, 0x26, 0x00, 0xff, 0x00, 0x26, 0x00, 0xff, 0x00, 0x26, 0x00, 0xff, 0x00, 0x26, 0x00, 0xff, 0x00, 0x26, 0x00, 0xff, 0x00, 0x26, 0x00, 0xff, 0x00, 0x26, 0x00, 0xff, 0x00, 0x26, 0x00, 0xff, 0x00, 0x26, 0x00, 0xff, 0x00, 0x26, 0x00, 0xff, 0x00, 0x26, 0x00, 0xff, 0x00, 0x26, 0x00, 0xff, 0x00, 0x26, 0x00, 0xff, 0x00, 0x26, 0x00, 0xff, 0x00, 0x26, 0x00, 0xff, 
  0x00, 0x26, 0x00, 0xff, 0x00, 0x26, 0x00, 0xff, 0x00, 0x26, 0x00, 0xff, 0x00, 0x26, 0x00, 0xff, 0x00, 0x26, 0x00, 0xff, 0x00, 0x26, 0x00, 0xff, 0x00, 0x26, 0x00, 0xff, 0x00, 0x26, 0x00, 0xff, 0x00, 0x26, 0x00, 0xff, 0x00, 0x26, 0x00, 0xff, 0x00, 0x26, 0x00, 0xff, 0x00, 0x26, 0x00, 0xff, 0x00, 0x26, 0x00, 0xff, 0x00, 0x26, 0x00, 0xff, 0x00, 0x26, 0x00, 0xff, 0x00, 0x26, 0x00, 0xff, 0x00, 0x26, 0x00, 0xff, 0x00, 0x26, 0x00, 0xff, 
  0x00, 0x26, 0x00, 0xff, 0x00, 0x26, 0x00, 0xff, 0x00, 0x26, 0x00, 0xff, 0x00, 0x26, 0x00, 0xff, 0x00, 0x26, 0x00, 0xff, 0x00, 0x26, 0x00, 0xff, 0x00, 0x26, 0x00, 0xff, 0x00, 0x26, 0x00, 0xff, 0x00, 0x26, 0x00, 0xff, 0x00, 0x26, 0x00, 0xff, 0x00, 0x26, 0x00, 0xff, 0x00, 0x26, 0x00, 0xff, 0x00, 0x26, 0x00, 0xff, 0x00, 0x26, 0x00, 0xff, 0x00, 0x26, 0x00, 0xff, 0x00, 0x26, 0x00, 0xff, 0x00, 0x26, 0x00, 0xff, 0x00, 0x26, 0x00, 0xff, 
  0x00, 0x26, 0x00, 0xff, 0x00, 0x26, 0x00, 0xff, 0x00, 0x26, 0x00, 0xff, 0x00, 0x26, 0x00, 0xff, 0x00, 0x26, 0x00, 0xff, 0x00, 0x26, 0x00, 0xff, 0x00, 0x26, 0x00, 0xff, 0x00, 0x26, 0x00, 0xff, 0x00, 0x26, 0x00, 0xff, 0x00, 0x26, 0x00, 0xff, 0x00, 0x26, 0x00, 0xff, 0x00, 0x26, 0x00, 0xff, 0x00, 0x26, 0x00, 0xff, 0x00, 0x26, 0x00, 0xff, 0x00, 0x26, 0x00, 0xff, 0x00, 0x26, 0x00, 0xff, 0x00, 0x26, 0x00, 0xff, 0x00, 0x26, 0x00, 0xff, 
  0x00, 0x26, 0x00, 0xff, 0x00, 0x26, 0x00, 0xff, 0x00, 0x26, 0x00, 0xff, 0x00, 0x26, 0x00, 0xff, 0x00, 0x26, 0x00, 0xff, 0x00, 0x26, 0x00, 0xff, 0x00, 0x26, 0x00, 0xff, 0x00, 0x26, 0x00, 0xff, 0x00, 0x26, 0x00, 0xff, 0x00, 0x26, 0x00, 0xff, 0x00, 0x26, 0x00, 0xff, 0x00, 0x26, 0x00, 0xff, 0x00, 0x26, 0x00, 0xff, 0x00, 0x26, 0x00, 0xff, 0x00, 0x26, 0x00, 0xff, 0x00, 0x26, 0x00, 0xff, 0x00, 0x26, 0x00, 0xff, 0x00, 0x26, 0x00, 0xff, 
  0x00, 0x26, 0x00, 0xff, 0x00, 0x26, 0x00, 0xff, 0x00, 0x26, 0x00, 0xff, 0x00, 0x26, 0x00, 0xff, 0x00, 0x26, 0x00, 0xff, 0x00, 0x26, 0x00, 0xff, 0x00, 0x26, 0x00, 0xff, 0x00, 0x26, 0x00, 0xff, 0x00, 0x26, 0x00, 0xff, 0x00, 0x26, 0x00, 0xff, 0x00, 0x26, 0x00, 0xff, 0x00, 0x26, 0x00, 0xff, 0x00, 0x26, 0x00, 0xff, 0x00, 0x26, 0x00, 0xff, 0x00, 0x26, 0x00, 0xff, 0x00, 0x26, 0x00, 0xff, 0x00, 0x26, 0x00, 0xff, 0x00, 0x26, 0x00, 0xff, 
  0x00, 0x26, 0x00, 0xff, 0x00, 0x26, 0x00, 0xff, 0x00, 0x26, 0x00, 0xff, 0x00, 0x26, 0x00, 0xff, 0x00, 0x26, 0x00, 0xff, 0x00, 0x26, 0x00, 0xff, 0x00, 0x26, 0x00, 0xff, 0x00, 0x26, 0x00, 0xff, 0x00, 0x26, 0x00, 0xff, 0x00, 0x26, 0x00, 0xff, 0x00, 0x26, 0x00, 0xff, 0x00, 0x26, 0x00, 0xff, 0x00, 0x26, 0x00, 0xff, 0x00, 0x26, 0x00, 0xff, 0x00, 0x26, 0x00, 0xff, 0x00, 0x26, 0x00, 0xff, 0x00, 0x26, 0x00, 0xff, 0x00, 0x26, 0x00, 0xff, 
  0x00, 0x26, 0x00, 0xff, 0x00, 0x26, 0x00, 0xff, 0x00, 0x26, 0x00, 0xff, 0x00, 0x26, 0x00, 0xff, 0x00, 0x26, 0x00, 0xff, 0x00, 0x26, 0x00, 0xff, 0x00, 0x26, 0x00, 0xff, 0x00, 0x26, 0x00, 0xff, 0x00, 0x26, 0x00, 0xff, 0x00, 0x26, 0x00, 0xff, 0x00, 0x26, 0x00, 0xff, 0x00, 0x26, 0x00, 0xff, 0x00, 0x26, 0x00, 0xff, 0x00, 0x26, 0x00, 0xff, 0x00, 0x26, 0x00, 0xff, 0x00, 0x26, 0x00, 0xff, 0x00, 0x26, 0x00, 0xff, 0x00, 0x26, 0x00, 0xff, 
  0x00, 0x26, 0x00, 0xff, 0x00, 0x26, 0x00, 0xff, 0x00, 0x26, 0x00, 0xff, 0x00, 0x26, 0x00, 0xff, 0x00, 0x26, 0x00, 0xff, 0x00, 0x26, 0x00, 0xff, 0x00, 0x26, 0x00, 0xff, 0x00, 0x26, 0x00, 0xff, 0x00, 0x26, 0x00, 0xff, 0x00, 0x26, 0x00, 0xff, 0x00, 0x26, 0x00, 0xff, 0x00, 0x26, 0x00, 0xff, 0x00, 0x26, 0x00, 0xff, 0x00, 0x26, 0x00, 0xff, 0x00, 0x26, 0x00, 0xff, 0x00, 0x26, 0x00, 0xff, 0x00, 0x26, 0x00, 0xff, 0x00, 0x26, 0x00, 0xff, 
  0x00, 0x26, 0x00, 0xff, 0x00, 0x26, 0x00, 0xff, 0x00, 0x26, 0x00, 0xff, 0x00, 0x26, 0x00, 0xff, 0x00, 0x26, 0x00, 0xff, 0x00, 0x26, 0x00, 0xff, 0x00, 0x26, 0x00, 0xff, 0x00, 0x26, 0x00, 0xff, 0x00, 0x26, 0x00, 0xff, 0x00, 0x26, 0x00, 0xff, 0x00, 0x26, 0x00, 0xff, 0x00, 0x26, 0x00, 0xff, 0x00, 0x26, 0x00, 0xff, 0x00, 0x26, 0x00, 0xff, 0x00, 0x26, 0x00, 0xff, 0x00, 0x26, 0x00, 0xff, 0x00, 0x26, 0x00, 0xff, 0x00, 0x26, 0x00, 0xff, 
  0x00, 0x26, 0x00, 0xff, 0x00, 0x26, 0x00, 0xff, 0x00, 0x26, 0x00, 0xff, 0x00, 0x26, 0x00, 0xff, 0x00, 0x26, 0x00, 0xff, 0x00, 0x26, 0x00, 0xff, 0x00, 0x26, 0x00, 0xff, 0x00, 0x26, 0x00, 0xff, 0x00, 0x26, 0x00, 0xff, 0x00, 0x26, 0x00, 0xff, 0x00, 0x26, 0x00, 0xff, 0x00, 0x26, 0x00, 0xff, 0x00, 0x26, 0x00, 0xff, 0x00, 0x26, 0x00, 0xff, 0x00, 0x26, 0x00, 0xff, 0x00, 0x26, 0x00, 0xff, 0x00, 0x26, 0x00, 0xff, 0x00, 0x26, 0x00, 0xff, 
  0x00, 0x26, 0x00, 0xff, 0x00, 0x26, 0x00, 0xff, 0x00, 0x26, 0x00, 0xff, 0x00, 0x26, 0x00, 0xff, 0x00, 0x26, 0x00, 0xff, 0x00, 0x26, 0x00, 0xff, 0x00, 0x26, 0x00, 0xff, 0x00, 0x26, 0x00, 0xff, 0x00, 0x26, 0x00, 0xff, 0x00, 0x26, 0x00, 0xff, 0x00, 0x26, 0x00, 0xff, 0x00, 0x26, 0x00, 0xff, 0x00, 0x26, 0x00, 0xff, 0x00, 0x26, 0x00, 0xff, 0x00, 0x26, 0x00, 0xff, 0x00, 0x26, 0x00, 0xff, 0x00, 0x26, 0x00, 0xff, 0x00, 0x26, 0x00, 0xff, 
  0x00, 0x26, 0x00, 0xff, 0x00, 0x26, 0x00, 0xff, 0x00, 0x26, 0x00, 0xff, 0x00, 0x26, 0x00, 0xff, 0x00, 0x26, 0x00, 0xff, 0x00, 0x26, 0x00, 0xff, 0x00, 0x26, 0x00, 0xff, 0x00, 0x26, 0x00, 0xff, 0x00, 0x26, 0x00, 0xff, 0x00, 0x26, 0x00, 0xff, 0x00, 0x26, 0x00, 0xff, 0x00, 0x26, 0x00, 0xff, 0x00, 0x26, 0x00, 0xff, 0x00, 0x26, 0x00, 0xff, 0x00, 0x26, 0x00, 0xff, 0x00, 0x26, 0x00, 0xff, 0x00, 0x26, 0x00, 0xff, 0x00, 0x26, 0x00, 0xff, 
  0x00, 0x26, 0x00, 0xff, 0x00, 0x26, 0x00, 0xff, 0x00, 0x26, 0x00, 0xff, 0x00, 0x26, 0x00, 0xff, 0x00, 0x26, 0x00, 0xff, 0x00, 0x26, 0x00, 0xff, 0x00, 0x26, 0x00, 0xff, 0x00, 0x26, 0x00, 0xff, 0x00, 0x26, 0x00, 0xff, 0x00, 0x26, 0x00, 0xff, 0x00, 0x26, 0x00, 0xff, 0x00, 0x26, 0x00, 0xff, 0x00, 0x26, 0x00, 0xff, 0x00, 0x26, 0x00, 0xff, 0x00, 0x26, 0x00, 0xff, 0x00, 0x26, 0x00, 0xff, 0x00, 0x26, 0x00, 0xff, 0x00, 0x26, 0x00, 0xff, 
  0x00, 0x26, 0x00, 0xff, 0x00, 0x26, 0x00, 0xff, 0x00, 0x26, 0x00, 0xff, 0x00, 0x26, 0x00, 0xff, 0x00, 0x26, 0x00, 0xff, 0x00, 0x26, 0x00, 0xff, 0x00, 0x26, 0x00, 0xff, 0x00, 0x26, 0x00, 0xff, 0x00, 0x26, 0x00, 0xff, 0x00, 0x26, 0x00, 0xff, 0x00, 0x26, 0x00, 0xff, 0x00, 0x26, 0x00, 0xff, 0x00, 0x26, 0x00, 0xff, 0x00, 0x26, 0x00, 0xff, 0x00, 0x26, 0x00, 0xff, 0x00, 0x26, 0x00, 0xff, 0x00, 0x26, 0x00, 0xff, 0x00, 0x26, 0x00, 0xff, 
  0x00, 0x26, 0x00, 0xff, 0x00, 0x26, 0x00, 0xff, 0x00, 0x26, 0x00, 0xff, 0x00, 0x26, 0x00, 0xff, 0x00, 0x26, 0x00, 0xff, 0x00, 0x26, 0x00, 0xff, 0x00, 0x26, 0x00, 0xff, 0x00, 0x26, 0x00, 0xff, 0x00, 0x26, 0x00, 0xff, 0x00, 0x26, 0x00, 0xff, 0x00, 0x26, 0x00, 0xff, 0x00, 0x26, 0x00, 0xff, 0x00, 0x26, 0x00, 0xff, 0x00, 0x26, 0x00, 0xff, 0x00, 0x26, 0x00, 0xff, 0x00, 0x26, 0x00, 0xff, 0x00, 0x26, 0x00, 0xff, 0x00, 0x26, 0x00, 0xff, 
  0x00, 0x26, 0x00, 0xff, 0x00, 0x26, 0x00, 0xff, 0x00, 0x26, 0x00, 0xff, 0x00, 0x26, 0x00, 0xff, 0x00, 0x26, 0x00, 0xff, 0x00, 0x26, 0x00, 0xff, 0x00, 0x26, 0x00, 0xff, 0x00, 0x26, 0x00, 0xff, 0x00, 0x26, 0x00, 0xff, 0x00, 0x26, 0x00, 0xff, 0x00, 0x26, 0x00, 0xff, 0x00, 0x26, 0x00, 0xff, 0x00, 0x26, 0x00, 0xff, 0x00, 0x26, 0x00, 0xff, 0x00, 0x26, 0x00, 0xff, 0x00, 0x26, 0x00, 0xff, 0x00, 0x26, 0x00, 0xff, 0x00, 0x26, 0x00, 0xff, 
  0x00, 0x1a, 0x00, 0xff, 0x00, 0x26, 0x00, 0xff, 0x00, 0x26, 0x00, 0xff, 0x00, 0x26, 0x00, 0xff, 0x00, 0x26, 0x00, 0xff, 0x00, 0x26, 0x00, 0xff, 0x00, 0x26, 0x00, 0xff, 0x00, 0x26, 0x00, 0xff, 0x00, 0x26, 0x00, 0xff, 0x00, 0x26, 0x00, 0xff, 0x00, 0x26, 0x00, 0xff, 0x00, 0x26, 0x00, 0xff, 0x00, 0x26, 0x00, 0xff, 0x00, 0x26, 0x00, 0xff, 0x00, 0x26, 0x00, 0xff, 0x00, 0x26, 0x00, 0xff, 0x00, 0x26, 0x00, 0xff, 0x00, 0x1a, 0x00, 0xff, 
  0x00, 0x09, 0x00, 0xff, 0x00, 0x26, 0x00, 0xff, 0x00, 0x26, 0x00, 0xff, 0x00, 0x26, 0x00, 0xff, 0x00, 0x26, 0x00, 0xff, 0x00, 0x26, 0x00, 0xff, 0x00, 0x26, 0x00, 0xff, 0x00, 0x26, 0x00, 0xff, 0x00, 0x26, 0x00, 0xff, 0x00, 0x26, 0x00, 0xff, 0x00, 0x26, 0x00, 0xff, 0x00, 0x26, 0x00, 0xff, 0x00, 0x26, 0x00, 0xff, 0x00, 0x26, 0x00, 0xff, 0x00, 0x26, 0x00, 0xff, 0x00, 0x26, 0x00, 0xff, 0x00, 0x26, 0x00, 0xff, 0x00, 0x09, 0x00, 0xff, 
  0x00, 0x00, 0x00, 0xff, 0x00, 0x13, 0x00, 0xff, 0x00, 0x26, 0x00, 0xff, 0x00, 0x26, 0x00, 0xff, 0x00, 0x26, 0x00, 0xff, 0x00, 0x26, 0x00, 0xff, 0x00, 0x26, 0x00, 0xff, 0x00, 0x26, 0x00, 0xff, 0x00, 0x26, 0x00, 0xff, 0x00, 0x26, 0x00, 0xff, 0x00, 0x26, 0x00, 0xff, 0x00, 0x26, 0x00, 0xff, 0x00, 0x26, 0x00, 0xff, 0x00, 0x26, 0x00, 0xff, 0x00, 0x26, 0x00, 0xff, 0x00, 0x26, 0x00, 0xff, 0x00, 0x13, 0x00, 0xff, 0x00, 0x00, 0x00, 0xff, 
  0x00, 0x00, 0x00, 0xff, 0x00, 0x00, 0x00, 0xff, 0x00, 0x09, 0x00, 0xff, 0x00, 0x1a, 0x00, 0xff, 0x00, 0x26, 0x00, 0xff, 0x00, 0x26, 0x00, 0xff, 0x00, 0x26, 0x00, 0xff, 0x00, 0x26, 0x00, 0xff, 0x00, 0x26, 0x00, 0xff, 0x00, 0x26, 0x00, 0xff, 0x00, 0x26, 0x00, 0xff, 0x00, 0x26, 0x00, 0xff, 0x00, 0x26, 0x00, 0xff, 0x00, 0x26, 0x00, 0xff, 0x00, 0x1a, 0x00, 0xff, 0x00, 0x09, 0x00, 0xff, 0x00, 0x00, 0x00, 0xff, 0x00, 0x00, 0x00, 0xff, 
#endif
};

const lv_img_dsc_t ui_img_mo_off = {
  .header.cf = LV_IMG_CF_TRUE_COLOR,
  .header.always_zero = 0,
  .header.reserved = 0,
  .header.w = 18,
  .header.h = 296,
  .data_size = 5328 * LV_COLOR_SIZE / 8,
  .data = ui_img_mo_off_map,
};
