#ifdef __has_include
    #if __has_include("lvgl.h")
        #ifndef LV_LVGL_H_INCLUDE_SIMPLE
            #define LV_LVGL_H_INCLUDE_SIMPLE
        #endif
    #endif
#endif

#if defined(LV_LVGL_H_INCLUDE_SIMPLE)
    #include "lvgl.h"
#else
    #include "lvgl/lvgl.h"
#endif


#ifndef LV_ATTRIBUTE_MEM_ALIGN
#define LV_ATTRIBUTE_MEM_ALIGN
#endif

#ifndef LV_ATTRIBUTE_IMG_UI_IMG_MO_ON
#define LV_ATTRIBUTE_IMG_UI_IMG_MO_ON
#endif

const LV_ATTRIBUTE_MEM_ALIGN LV_ATTRIBUTE_LARGE_CONST LV_ATTRIBUTE_IMG_UI_IMG_MO_ON uint8_t ui_img_mo_on_map[] = {
#if LV_COLOR_DEPTH == 1 || LV_COLOR_DEPTH == 8
  /*Pixel format: Red: 3 bit, Green: 3 bit, Blue: 2 bit*/
  0x00, 0x00, 0x40, 0xc0, 0xe0, 0xe0, 0xe0, 0xe0, 0xe0, 0xe0, 0xe0, 0xe0, 0xe0, 0xe0, 0xc0, 0x40, 0x00, 0x00, 
  0x00, 0x80, 0xe0, 0xe0, 0xe0, 0xe0, 0xe0, 0xe0, 0xe0, 0xe0, 0xe0, 0xe0, 0xe0, 0xe0, 0xe0, 0xe0, 0x80, 0x00, 
  0x40, 0xe0, 0xe0, 0xe0, 0xe0, 0xe0, 0xe0, 0xe0, 0xe0, 0xe0, 0xe0, 0xe0, 0xe0, 0xe0, 0xe0, 0xe0, 0xe0, 0x40, 
  0xc0, 0xe0, 0xe0, 0xe0, 0xe0, 0xe0, 0xe0, 0xe0, 0xe0, 0xe0, 0xe0, 0xe0, 0xe0, 0xe0, 0xe0, 0xe0, 0xe0, 0xc0, 
  0xe0, 0xe0, 0xe0, 0xe0, 0xe0, 0xe0, 0xe0, 0xe0, 0xe0, 0xe0, 0xe0, 0xe0, 0xe0, 0xe0, 0xe0, 0xe0, 0xe0, 0xe0, 
  0xe0, 0xe0, 0xe0, 0xe0, 0xe0, 0xe0, 0xe0, 0xe0, 0xe0, 0xe0, 0xe0, 0xe0, 0xe0, 0xe0, 0xe0, 0xe0, 0xe0, 0xe0, 
  0xe0, 0xe0, 0xe0, 0xe0, 0xe0, 0xe0, 0xe0, 0xe0, 0xe0, 0xe0, 0xe0, 0xe0, 0xe0, 0xe0, 0xe0, 0xe0, 0xe0, 0xe0, 
  0xe0, 0xe0, 0xe0, 0xe0, 0xe0, 0xe0, 0xe0, 0xe0, 0xe0, 0xe0, 0xe0, 0xe0, 0xe0, 0xe0, 0xe0, 0xe0, 0xe0, 0xe0, 
  0xe0, 0xe0, 0xe0, 0xe0, 0xe0, 0xe0, 0xe0, 0xe0, 0xe0, 0xe0, 0xe0, 0xe0, 0xe0, 0xe0, 0xe0, 0xe0, 0xe0, 0xe0, 
  0xe0, 0xe0, 0xe0, 0xe0, 0xe0, 0xe0, 0xe0, 0xe0, 0xe0, 0xe0, 0xe0, 0xe0, 0xe0, 0xe0, 0xe0, 0xe0, 0xe0, 0xe0, 
  0xe0, 0xe0, 0xe0, 0xe0, 0xe0, 0xe0, 0xe0, 0xe0, 0xe0, 0xe0, 0xe0, 0xe0, 0xe0, 0xe0, 0xe0, 0xe0, 0xe0, 0xe0, 
  0xe0, 0xe0, 0xe0, 0xe0, 0xe0, 0xe0, 0xe0, 0xe0, 0xe0, 0xe0, 0xe0, 0xe0, 0xe0, 0xe0, 0xe0, 0xe0, 0xe0, 0xe0, 
  0xe0, 0xe0, 0xe0, 0xe0, 0xe0, 0xe0, 0xe0, 0xe0, 0xe0, 0xe0, 0xe0, 0xe0, 0xe0, 0xe0, 0xe0, 0xe0, 0xe0, 0xe0, 
  0xe0, 0xe0, 0xe0, 0xe0, 0xe0, 0xe0, 0xe0, 0xe0, 0xe0, 0xe0, 0xe0, 0xe0, 0xe0, 0xe0, 0xe0, 0xe0, 0xe0, 0xe0, 
  0xe0, 0xe0, 0xe0, 0xe0, 0xe0, 0xe0, 0xe0, 0xe0, 0xe0, 0xe0, 0xe0, 0xe0, 0xe0, 0xe0, 0xe0, 0xe0, 0xe0, 0xe0, 
  0xe0, 0xe0, 0xe0, 0xe0, 0xe0, 0xe0, 0xe0, 0xe0, 0xe0, 0xe0, 0xe0, 0xe0, 0xe0, 0xe0, 0xe0, 0xe0, 0xe0, 0xe0, 
  0xe0, 0xe0, 0xe0, 0xe0, 0xe0, 0xe0, 0xe0, 0xe0, 0xe0, 0xe0, 0xe0, 0xe0, 0xe0, 0xe0, 0xe0, 0xe0, 0xe0, 0xe0, 
  0xe0, 0xe0, 0xe0, 0xe0, 0xe0, 0xe0, 0xe0, 0xe0, 0xe0, 0xe0, 0xe0, 0xe0, 0xe0, 0xe0, 0xe0, 0xe0, 0xe0, 0xe0, 
  0xe0, 0xe0, 0xe0, 0xe0, 0xe0, 0xe0, 0xe0, 0xe0, 0xe0, 0xe0, 0xe0, 0xe0, 0xe0, 0xe0, 0xe0, 0xe0, 0xe0, 0xe0, 
  0xe0, 0xe0, 0xe0, 0xe0, 0xe0, 0xe0, 0xe0, 0xe0, 0xe0, 0xe0, 0xe0, 0xe0, 0xe0, 0xe0, 0xe0, 0xe0, 0xe0, 0xe0, 
  0xe0, 0xe0, 0xe0, 0xe0, 0xe0, 0xe0, 0xe0, 0xe0, 0xe0, 0xe0, 0xe0, 0xe0, 0xe0, 0xe0, 0xe0, 0xe0, 0xe0, 0xe0, 
  0xe0, 0xe0, 0xe0, 0xe0, 0xe0, 0xe0, 0xe0, 0xe0, 0xe0, 0xe0, 0xe0, 0xe0, 0xe0, 0xe0, 0xe0, 0xe0, 0xe0, 0xe0, 
  0xe0, 0xe0, 0xe0, 0xe0, 0xe0, 0xe0, 0xe0, 0xe0, 0xe0, 0xe0, 0xe0, 0xe0, 0xe0, 0xe0, 0xe0, 0xe0, 0xe0, 0xe0, 
  0xe0, 0xe0, 0xe0, 0xe0, 0xe0, 0xe0, 0xe0, 0xe0, 0xe0, 0xe0, 0xe0, 0xe0, 0xe0, 0xe0, 0xe0, 0xe0, 0xe0, 0xe0, 
  0xe0, 0xe0, 0xe0, 0xe0, 0xe0, 0xe0, 0xe0, 0xe0, 0xe0, 0xe0, 0xe0, 0xe0, 0xe0, 0xe0, 0xe0, 0xe0, 0xe0, 0xe0, 
  0xe0, 0xe0, 0xe0, 0xe0, 0xe0, 0xe0, 0xe0, 0xe0, 0xe0, 0xe0, 0xe0, 0xe0, 0xe0, 0xe0, 0xe0, 0xe0, 0xe0, 0xe0, 
  0xe0, 0xe0, 0xe0, 0xe0, 0xe0, 0xe0, 0xe0, 0xe0, 0xe0, 0xe0, 0xe0, 0xe0, 0xe0, 0xe0, 0xe0, 0xe0, 0xe0, 0xe0, 
  0xe0, 0xe0, 0xe0, 0xe0, 0xe0, 0xe0, 0xe0, 0xe0, 0xe0, 0xe0, 0xe0, 0xe0, 0xe0, 0xe0, 0xe0, 0xe0, 0xe0, 0xe0, 
  0xe0, 0xe0, 0xe0, 0xe0, 0xe0, 0xe0, 0xe0, 0xe0, 0xe0, 0xe0, 0xe0, 0xe0, 0xe0, 0xe0, 0xe0, 0xe0, 0xe0, 0xe0, 
  0xe0, 0xe0, 0xe0, 0xe0, 0xe0, 0xe0, 0xe0, 0xe0, 0xe0, 0xe0, 0xe0, 0xe0, 0xe0, 0xe0, 0xe0, 0xe0, 0xe0, 0xe0, 
  0xe4, 0xe4, 0xe4, 0xe4, 0xe4, 0xe4, 0xe4, 0xe4, 0xe4, 0xe4, 0xe4, 0xe4, 0xe4, 0xe4, 0xe4, 0xe4, 0xe4, 0xe4, 
  0xe4, 0xe4, 0xe4, 0xe4, 0xe4, 0xe4, 0xe4, 0xe4, 0xe4, 0xe4, 0xe4, 0xe4, 0xe4, 0xe4, 0xe4, 0xe4, 0xe4, 0xe4, 
  0xe4, 0xe4, 0xe4, 0xe4, 0xe4, 0xe4, 0xe4, 0xe4, 0xe4, 0xe4, 0xe4, 0xe4, 0xe4, 0xe4, 0xe4, 0xe4, 0xe4, 0xe4, 
  0xe8, 0xe8, 0xe8, 0xe8, 0xe8, 0xe8, 0xe8, 0xe8, 0xe8, 0xe8, 0xe8, 0xe8, 0xe8, 0xe8, 0xe8, 0xe8, 0xe8, 0xe8, 
  0xe8, 0xe8, 0xe8, 0xe8, 0xe8, 0xe8, 0xe8, 0xe8, 0xe8, 0xe8, 0xe8, 0xe8, 0xe8, 0xe8, 0xe8, 0xe8, 0xe8, 0xe8, 
  0xe8, 0xe8, 0xe8, 0xe8, 0xe8, 0xe8, 0xe8, 0xe8, 0xe8, 0xe8, 0xe8, 0xe8, 0xe8, 0xe8, 0xe8, 0xe8, 0xe8, 0xe8, 
  0xec, 0xec, 0xec, 0xec, 0xec, 0xec, 0xec, 0xec, 0xec, 0xec, 0xec, 0xec, 0xec, 0xec, 0xec, 0xec, 0xec, 0xec, 
  0xec, 0xec, 0xec, 0xec, 0xec, 0xec, 0xec, 0xec, 0xec, 0xec, 0xec, 0xec, 0xec, 0xec, 0xec, 0xec, 0xec, 0xec, 
  0xec, 0xec, 0xec, 0xec, 0xec, 0xec, 0xec, 0xec, 0xec, 0xec, 0xec, 0xec, 0xec, 0xec, 0xec, 0xec, 0xec, 0xec, 
  0xec, 0xec, 0xec, 0xec, 0xec, 0xec, 0xec, 0xec, 0xec, 0xec, 0xec, 0xec, 0xec, 0xec, 0xec, 0xec, 0xec, 0xec, 
  0xf0, 0xf0, 0xf0, 0xf0, 0xf0, 0xf0, 0xf0, 0xf0, 0xf0, 0xf0, 0xf0, 0xf0, 0xf0, 0xf0, 0xf0, 0xf0, 0xf0, 0xf0, 
  0xf0, 0xf0, 0xf0, 0xf0, 0xf0, 0xf0, 0xf0, 0xf0, 0xf0, 0xf0, 0xf0, 0xf0, 0xf0, 0xf0, 0xf0, 0xf0, 0xf0, 0xf0, 
  0xf0, 0xf0, 0xf0, 0xf0, 0xf0, 0xf0, 0xf0, 0xf0, 0xf0, 0xf0, 0xf0, 0xf0, 0xf0, 0xf0, 0xf0, 0xf0, 0xf0, 0xf0, 
  0xf4, 0xf4, 0xf4, 0xf4, 0xf4, 0xf4, 0xf4, 0xf4, 0xf4, 0xf4, 0xf4, 0xf4, 0xf4, 0xf4, 0xf4, 0xf4, 0xf4, 0xf4, 
  0xf4, 0xf4, 0xf4, 0xf4, 0xf4, 0xf4, 0xf4, 0xf4, 0xf4, 0xf4, 0xf4, 0xf4, 0xf4, 0xf4, 0xf4, 0xf4, 0xf4, 0xf4, 
  0xf4, 0xf4, 0xf4, 0xf4, 0xf4, 0xf4, 0xf4, 0xf4, 0xf4, 0xf4, 0xf4, 0xf4, 0xf4, 0xf4, 0xf4, 0xf4, 0xf4, 0xf4, 
  0xf8, 0xf8, 0xf8, 0xf8, 0xf8, 0xf8, 0xf8, 0xf8, 0xf8, 0xf8, 0xf8, 0xf8, 0xf8, 0xf8, 0xf8, 0xf8, 0xf8, 0xf8, 
  0xf8, 0xf8, 0xf8, 0xf8, 0xf8, 0xf8, 0xf8, 0xf8, 0xf8, 0xf8, 0xf8, 0xf8, 0xf8, 0xf8, 0xf8, 0xf8, 0xf8, 0xf8, 
  0xf8, 0xf8, 0xf8, 0xf8, 0xf8, 0xf8, 0xf8, 0xf8, 0xf8, 0xf8, 0xf8, 0xf8, 0xf8, 0xf8, 0xf8, 0xf8, 0xf8, 0xf8, 
  0xfc, 0xfc, 0xfc, 0xfc, 0xfc, 0xfc, 0xfc, 0xfc, 0xfc, 0xfc, 0xfc, 0xfc, 0xfc, 0xfc, 0xfc, 0xfc, 0xfc, 0xfc, 
  0xfc, 0xfc, 0xfc, 0xfc, 0xfc, 0xfc, 0xfc, 0xfc, 0xfc, 0xfc, 0xfc, 0xfc, 0xfc, 0xfc, 0xfc, 0xfc, 0xfc, 0xfc, 
  0xfc, 0xfc, 0xfc, 0xfc, 0xfc, 0xfc, 0xfc, 0xfc, 0xfc, 0xfc, 0xfc, 0xfc, 0xfc, 0xfc, 0xfc, 0xfc, 0xfc, 0xfc, 
  0xfc, 0xfc, 0xfc, 0xfc, 0xfc, 0xfc, 0xfc, 0xfc, 0xfc, 0xfc, 0xfc, 0xfc, 0xfc, 0xfc, 0xfc, 0xfc, 0xfc, 0xfc, 
  0xfc, 0xfc, 0xfc, 0xfc, 0xfc, 0xfc, 0xfc, 0xfc, 0xfc, 0xfc, 0xfc, 0xfc, 0xfc, 0xfc, 0xfc, 0xfc, 0xfc, 0xfc, 
  0xfc, 0xfc, 0xfc, 0xfc, 0xfc, 0xfc, 0xfc, 0xfc, 0xfc, 0xfc, 0xfc, 0xfc, 0xfc, 0xfc, 0xfc, 0xfc, 0xfc, 0xfc, 
  0xfc, 0xfc, 0xfc, 0xfc, 0xfc, 0xfc, 0xfc, 0xfc, 0xfc, 0xfc, 0xfc, 0xfc, 0xfc, 0xfc, 0xfc, 0xfc, 0xfc, 0xfc, 
  0xfc, 0xfc, 0xfc, 0xfc, 0xfc, 0xfc, 0xfc, 0xfc, 0xfc, 0xfc, 0xfc, 0xfc, 0xfc, 0xfc, 0xfc, 0xfc, 0xfc, 0xfc, 
  0xfc, 0xfc, 0xfc, 0xfc, 0xfc, 0xfc, 0xfc, 0xfc, 0xfc, 0xfc, 0xfc, 0xfc, 0xfc, 0xfc, 0xfc, 0xfc, 0xfc, 0xfc, 
  0xfc, 0xfc, 0xfc, 0xfc, 0xfc, 0xfc, 0xfc, 0xfc, 0xfc, 0xfc, 0xfc, 0xfc, 0xfc, 0xfc, 0xfc, 0xfc, 0xfc, 0xfc, 
  0xfc, 0xfc, 0xfc, 0xfc, 0xfc, 0xfc, 0xfc, 0xfc, 0xfc, 0xfc, 0xfc, 0xfc, 0xfc, 0xfc, 0xfc, 0xfc, 0xfc, 0xfc, 
  0xfc, 0xfc, 0xfc, 0xfc, 0xfc, 0xfc, 0xfc, 0xfc, 0xfc, 0xfc, 0xfc, 0xfc, 0xfc, 0xfc, 0xfc, 0xfc, 0xfc, 0xfc, 
  0xfc, 0xfc, 0xfc, 0xfc, 0xfc, 0xfc, 0xfc, 0xfc, 0xfc, 0xfc, 0xfc, 0xfc, 0xfc, 0xfc, 0xfc, 0xfc, 0xfc, 0xfc, 
  0xfc, 0xfc, 0xfc, 0xfc, 0xfc, 0xfc, 0xfc, 0xfc, 0xfc, 0xfc, 0xfc, 0xfc, 0xfc, 0xfc, 0xfc, 0xfc, 0xfc, 0xfc, 
  0xfc, 0xfc, 0xfc, 0xfc, 0xfc, 0xfc, 0xfc, 0xfc, 0xfc, 0xfc, 0xfc, 0xfc, 0xfc, 0xfc, 0xfc, 0xfc, 0xfc, 0xfc, 
  0xfc, 0xfc, 0xfc, 0xfc, 0xfc, 0xfc, 0xfc, 0xfc, 0xfc, 0xfc, 0xfc, 0xfc, 0xfc, 0xfc, 0xfc, 0xfc, 0xfc, 0xfc, 
  0xfc, 0xfc, 0xfc, 0xfc, 0xfc, 0xfc, 0xfc, 0xfc, 0xfc, 0xfc, 0xfc, 0xfc, 0xfc, 0xfc, 0xfc, 0xfc, 0xfc, 0xfc, 
  0xfc, 0xfc, 0xfc, 0xfc, 0xfc, 0xfc, 0xfc, 0xfc, 0xfc, 0xfc, 0xfc, 0xfc, 0xfc, 0xfc, 0xfc, 0xfc, 0xfc, 0xfc, 
  0xfc, 0xfc, 0xfc, 0xfc, 0xfc, 0xfc, 0xfc, 0xfc, 0xfc, 0xfc, 0xfc, 0xfc, 0xfc, 0xfc, 0xfc, 0xfc, 0xfc, 0xfc, 
  0xfc, 0xfc, 0xfc, 0xfc, 0xfc, 0xfc, 0xfc, 0xfc, 0xfc, 0xfc, 0xfc, 0xfc, 0xfc, 0xfc, 0xfc, 0xfc, 0xfc, 0xfc, 
  0xfc, 0xfc, 0xfc, 0xfc, 0xfc, 0xfc, 0xfc, 0xfc, 0xfc, 0xfc, 0xfc, 0xfc, 0xfc, 0xfc, 0xfc, 0xfc, 0xfc, 0xfc, 
  0xfc, 0xfc, 0xfc, 0xfc, 0xfc, 0xfc, 0xfc, 0xfc, 0xfc, 0xfc, 0xfc, 0xfc, 0xfc, 0xfc, 0xfc, 0xfc, 0xfc, 0xfc, 
  0xfc, 0xfc, 0xfc, 0xfc, 0xfc, 0xfc, 0xfc, 0xfc, 0xfc, 0xfc, 0xfc, 0xfc, 0xfc, 0xfc, 0xfc, 0xfc, 0xfc, 0xfc, 
  0xfc, 0xfc, 0xfc, 0xfc, 0xfc, 0xfc, 0xfc, 0xfc, 0xfc, 0xfc, 0xfc, 0xfc, 0xfc, 0xfc, 0xfc, 0xfc, 0xfc, 0xfc, 
  0xfc, 0xfc, 0xfc, 0xfc, 0xfc, 0xfc, 0xfc, 0xfc, 0xfc, 0xfc, 0xfc, 0xfc, 0xfc, 0xfc, 0xfc, 0xfc, 0xfc, 0xfc, 
  0xfc, 0xfc, 0xfc, 0xfc, 0xfc, 0xfc, 0xfc, 0xfc, 0xfc, 0xfc, 0xfc, 0xfc, 0xfc, 0xfc, 0xfc, 0xfc, 0xfc, 0xfc, 
  0xfc, 0xfc, 0xfc, 0xfc, 0xfc, 0xfc, 0xfc, 0xfc, 0xfc, 0xfc, 0xfc, 0xfc, 0xfc, 0xfc, 0xfc, 0xfc, 0xfc, 0xfc, 
  0xfc, 0xfc, 0xfc, 0xfc, 0xfc, 0xfc, 0xfc, 0xfc, 0xfc, 0xfc, 0xfc, 0xfc, 0xfc, 0xfc, 0xfc, 0xfc, 0xfc, 0xfc, 
  0xfc, 0xfc, 0xfc, 0xfc, 0xfc, 0xfc, 0xfc, 0xfc, 0xfc, 0xfc, 0xfc, 0xfc, 0xfc, 0xfc, 0xfc, 0xfc, 0xfc, 0xfc, 
  0xfc, 0xfc, 0xfc, 0xfc, 0xfc, 0xfc, 0xfc, 0xfc, 0xfc, 0xfc, 0xfc, 0xfc, 0xfc, 0xfc, 0xfc, 0xfc, 0xfc, 0xfc, 
  0xfc, 0xfc, 0xfc, 0xfc, 0xfc, 0xfc, 0xfc, 0xfc, 0xfc, 0xfc, 0xfc, 0xfc, 0xfc, 0xfc, 0xfc, 0xfc, 0xfc, 0xfc, 
  0xfc, 0xfc, 0xfc, 0xfc, 0xfc, 0xfc, 0xfc, 0xfc, 0xfc, 0xfc, 0xfc, 0xfc, 0xfc, 0xfc, 0xfc, 0xfc, 0xfc, 0xfc, 
  0xfc, 0xfc, 0xfc, 0xfc, 0xfc, 0xfc, 0xfc, 0xfc, 0xfc, 0xfc, 0xfc, 0xfc, 0xfc, 0xfc, 0xfc, 0xfc, 0xfc, 0xfc, 
  0xfc, 0xfc, 0xfc, 0xfc, 0xfc, 0xfc, 0xfc, 0xfc, 0xfc, 0xfc, 0xfc, 0xfc, 0xfc, 0xfc, 0xfc, 0xfc, 0xfc, 0xfc, 
  0xfc, 0xfc, 0xfc, 0xfc, 0xfc, 0xfc, 0xfc, 0xfc, 0xfc, 0xfc, 0xfc, 0xfc, 0xfc, 0xfc, 0xfc, 0xfc, 0xfc, 0xfc, 
  0xfc, 0xfc, 0xfc, 0xfc, 0xfc, 0xfc, 0xfc, 0xfc, 0xfc, 0xfc, 0xfc, 0xfc, 0xfc, 0xfc, 0xfc, 0xfc, 0xfc, 0xfc, 
  0xfc, 0xfc, 0xfc, 0xfc, 0xfc, 0xfc, 0xfc, 0xfc, 0xfc, 0xfc, 0xfc, 0xfc, 0xfc, 0xfc, 0xfc, 0xfc, 0xfc, 0xfc, 
  0xfc, 0xfc, 0xfc, 0xfc, 0xfc, 0xfc, 0xfc, 0xfc, 0xfc, 0xfc, 0xfc, 0xfc, 0xfc, 0xfc, 0xfc, 0xfc, 0xfc, 0xfc, 
  0xfc, 0xfc, 0xfc, 0xfc, 0xfc, 0xfc, 0xfc, 0xfc, 0xfc, 0xfc, 0xfc, 0xfc, 0xfc, 0xfc, 0xfc, 0xfc, 0xfc, 0xfc, 
  0xfc, 0xfc, 0xfc, 0xfc, 0xfc, 0xfc, 0xfc, 0xfc, 0xfc, 0xfc, 0xfc, 0xfc, 0xfc, 0xfc, 0xfc, 0xfc, 0xfc, 0xfc, 
  0xfc, 0xfc, 0xfc, 0xfc, 0xfc, 0xfc, 0xfc, 0xfc, 0xfc, 0xfc, 0xfc, 0xfc, 0xfc, 0xfc, 0xfc, 0xfc, 0xfc, 0xfc, 
  0xfc, 0xfc, 0xfc, 0xfc, 0xfc, 0xfc, 0xfc, 0xfc, 0xfc, 0xfc, 0xfc, 0xfc, 0xfc, 0xfc, 0xfc, 0xfc, 0xfc, 0xfc, 
  0xfc, 0xfc, 0xfc, 0xfc, 0xfc, 0xfc, 0xfc, 0xfc, 0xfc, 0xfc, 0xfc, 0xfc, 0xfc, 0xfc, 0xfc, 0xfc, 0xfc, 0xfc, 
  0xfc, 0xfc, 0xfc, 0xfc, 0xfc, 0xfc, 0xfc, 0xfc, 0xfc, 0xfc, 0xfc, 0xfc, 0xfc, 0xfc, 0xfc, 0xfc, 0xfc, 0xfc, 
  0xfc, 0xfc, 0xfc, 0xfc, 0xfc, 0xfc, 0xfc, 0xfc, 0xfc, 0xfc, 0xfc, 0xfc, 0xfc, 0xfc, 0xfc, 0xfc, 0xfc, 0xfc, 
  0xfc, 0xfc, 0xfc, 0xfc, 0xfc, 0xfc, 0xfc, 0xfc, 0xfc, 0xfc, 0xfc, 0xfc, 0xfc, 0xfc, 0xfc, 0xfc, 0xfc, 0xfc, 
  0xfc, 0xfc, 0xfc, 0xfc, 0xfc, 0xfc, 0xfc, 0xfc, 0xfc, 0xfc, 0xfc, 0xfc, 0xfc, 0xfc, 0xfc, 0xfc, 0xfc, 0xfc, 
  0xfc, 0xfc, 0xfc, 0xfc, 0xfc, 0xfc, 0xfc, 0xfc, 0xfc, 0xfc, 0xfc, 0xfc, 0xfc, 0xfc, 0xfc, 0xfc, 0xfc, 0xfc, 
  0xfc, 0xfc, 0xfc, 0xfc, 0xfc, 0xfc, 0xfc, 0xfc, 0xfc, 0xfc, 0xfc, 0xfc, 0xfc, 0xfc, 0xfc, 0xfc, 0xfc, 0xfc, 
  0xfc, 0xfc, 0xfc, 0xfc, 0xfc, 0xfc, 0xfc, 0xfc, 0xfc, 0xfc, 0xfc, 0xfc, 0xfc, 0xfc, 0xfc, 0xfc, 0xfc, 0xfc, 
  0xfc, 0xfc, 0xfc, 0xfc, 0xfc, 0xfc, 0xfc, 0xfc, 0xfc, 0xfc, 0xfc, 0xfc, 0xfc, 0xfc, 0xfc, 0xfc, 0xfc, 0xfc, 
  0xfc, 0xfc, 0xfc, 0xfc, 0xfc, 0xfc, 0xfc, 0xfc, 0xfc, 0xfc, 0xfc, 0xfc, 0xfc, 0xfc, 0xfc, 0xfc, 0xfc, 0xfc, 
  0xfc, 0xfc, 0xfc, 0xfc, 0xfc, 0xfc, 0xfc, 0xfc, 0xfc, 0xfc, 0xfc, 0xfc, 0xfc, 0xfc, 0xfc, 0xfc, 0xfc, 0xfc, 
  0xfc, 0xfc, 0xfc, 0xfc, 0xfc, 0xfc, 0xfc, 0xfc, 0xfc, 0xfc, 0xfc, 0xfc, 0xfc, 0xfc, 0xfc, 0xfc, 0xfc, 0xfc, 
  0xfc, 0xfc, 0xfc, 0xfc, 0xfc, 0xfc, 0xfc, 0xfc, 0xfc, 0xfc, 0xfc, 0xfc, 0xfc, 0xfc, 0xfc, 0xfc, 0xfc, 0xfc, 
  0xfc, 0xfc, 0xfc, 0xfc, 0xfc, 0xfc, 0xfc, 0xfc, 0xfc, 0xfc, 0xfc, 0xfc, 0xfc, 0xfc, 0xfc, 0xfc, 0xfc, 0xfc, 
  0xfc, 0xfc, 0xfc, 0xfc, 0xfc, 0xfc, 0xfc, 0xfc, 0xfc, 0xfc, 0xfc, 0xfc, 0xfc, 0xfc, 0xfc, 0xfc, 0xfc, 0xfc, 
  0xfc, 0xfc, 0xfc, 0xfc, 0xfc, 0xfc, 0xfc, 0xfc, 0xfc, 0xfc, 0xfc, 0xfc, 0xfc, 0xfc, 0xfc, 0xfc, 0xfc, 0xfc, 
  0xfc, 0xfc, 0xfc, 0xfc, 0xfc, 0xfc, 0xfc, 0xfc, 0xfc, 0xfc, 0xfc, 0xfc, 0xfc, 0xfc, 0xfc, 0xfc, 0xfc, 0xfc, 
  0xfc, 0xfc, 0xfc, 0xfc, 0xfc, 0xfc, 0xfc, 0xfc, 0xfc, 0xfc, 0xfc, 0xfc, 0xfc, 0xfc, 0xfc, 0xfc, 0xfc, 0xfc, 
  0xfc, 0xfc, 0xfc, 0xfc, 0xfc, 0xfc, 0xfc, 0xfc, 0xfc, 0xfc, 0xfc, 0xfc, 0xfc, 0xfc, 0xfc, 0xfc, 0xfc, 0xfc, 
  0xfc, 0xfc, 0xfc, 0xfc, 0xfc, 0xfc, 0xfc, 0xfc, 0xfc, 0xfc, 0xfc, 0xfc, 0xfc, 0xfc, 0xfc, 0xfc, 0xfc, 0xfc, 
  0xfc, 0xfc, 0xfc, 0xfc, 0xfc, 0xfc, 0xfc, 0xfc, 0xfc, 0xfc, 0xfc, 0xfc, 0xfc, 0xfc, 0xfc, 0xfc, 0xfc, 0xfc, 
  0xfc, 0xfc, 0xfc, 0xfc, 0xfc, 0xfc, 0xfc, 0xfc, 0xfc, 0xfc, 0xfc, 0xfc, 0xfc, 0xfc, 0xfc, 0xfc, 0xfc, 0xfc, 
  0xfc, 0xfc, 0xfc, 0xfc, 0xfc, 0xfc, 0xfc, 0xfc, 0xfc, 0xfc, 0xfc, 0xfc, 0xfc, 0xfc, 0xfc, 0xfc, 0xfc, 0xfc, 
  0xdc, 0xdc, 0xdc, 0xdc, 0xdc, 0xdc, 0xdc, 0xdc, 0xdc, 0xdc, 0xdc, 0xdc, 0xdc, 0xdc, 0xdc, 0xdc, 0xdc, 0xdc, 
  0xdc, 0xdc, 0xdc, 0xdc, 0xdc, 0xdc, 0xdc, 0xdc, 0xdc, 0xdc, 0xdc, 0xdc, 0xdc, 0xdc, 0xdc, 0xdc, 0xdc, 0xdc, 
  0xdc, 0xdc, 0xdc, 0xdc, 0xdc, 0xdc, 0xdc, 0xdc, 0xdc, 0xdc, 0xdc, 0xdc, 0xdc, 0xdc, 0xdc, 0xdc, 0xdc, 0xdc, 
  0xdc, 0xdc, 0xdc, 0xdc, 0xdc, 0xdc, 0xdc, 0xdc, 0xdc, 0xdc, 0xdc, 0xdc, 0xdc, 0xdc, 0xdc, 0xdc, 0xdc, 0xdc, 
  0xdc, 0xdc, 0xdc, 0xdc, 0xdc, 0xdc, 0xdc, 0xdc, 0xdc, 0xdc, 0xdc, 0xdc, 0xdc, 0xdc, 0xdc, 0xdc, 0xdc, 0xdc, 
  0xdc, 0xdc, 0xdc, 0xdc, 0xdc, 0xdc, 0xdc, 0xdc, 0xdc, 0xdc, 0xdc, 0xdc, 0xdc, 0xdc, 0xdc, 0xdc, 0xdc, 0xdc, 
  0xdc, 0xdc, 0xdc, 0xdc, 0xdc, 0xdc, 0xdc, 0xdc, 0xdc, 0xdc, 0xdc, 0xdc, 0xdc, 0xdc, 0xdc, 0xdc, 0xdc, 0xdc, 
  0xdc, 0xdc, 0xdc, 0xdc, 0xdc, 0xdc, 0xdc, 0xdc, 0xdc, 0xdc, 0xdc, 0xdc, 0xdc, 0xdc, 0xdc, 0xdc, 0xdc, 0xdc, 
  0xdc, 0xdc, 0xdc, 0xdc, 0xdc, 0xdc, 0xdc, 0xdc, 0xdc, 0xdc, 0xdc, 0xdc, 0xdc, 0xdc, 0xdc, 0xdc, 0xdc, 0xdc, 
  0xdc, 0xdc, 0xdc, 0xdc, 0xdc, 0xdc, 0xdc, 0xdc, 0xdc, 0xdc, 0xdc, 0xdc, 0xdc, 0xdc, 0xdc, 0xdc, 0xdc, 0xdc, 
  0xdc, 0xdc, 0xdc, 0xdc, 0xdc, 0xdc, 0xdc, 0xdc, 0xdc, 0xdc, 0xdc, 0xdc, 0xdc, 0xdc, 0xdc, 0xdc, 0xdc, 0xdc, 
  0xdc, 0xdc, 0xdc, 0xdc, 0xdc, 0xdc, 0xdc, 0xdc, 0xdc, 0xdc, 0xdc, 0xdc, 0xdc, 0xdc, 0xdc, 0xdc, 0xdc, 0xdc, 
  0xdc, 0xdc, 0xdc, 0xdc, 0xdc, 0xdc, 0xdc, 0xdc, 0xdc, 0xdc, 0xdc, 0xdc, 0xdc, 0xdc, 0xdc, 0xdc, 0xdc, 0xdc, 
  0xdc, 0xdc, 0xdc, 0xdc, 0xdc, 0xdc, 0xdc, 0xdc, 0xdc, 0xdc, 0xdc, 0xdc, 0xdc, 0xdc, 0xdc, 0xdc, 0xdc, 0xdc, 
  0xdc, 0xdc, 0xdc, 0xdc, 0xdc, 0xdc, 0xdc, 0xdc, 0xdc, 0xdc, 0xdc, 0xdc, 0xdc, 0xdc, 0xdc, 0xdc, 0xdc, 0xdc, 
  0xdc, 0xdc, 0xdc, 0xdc, 0xdc, 0xdc, 0xdc, 0xdc, 0xdc, 0xdc, 0xdc, 0xdc, 0xdc, 0xdc, 0xdc, 0xdc, 0xdc, 0xdc, 
  0xdc, 0xdc, 0xdc, 0xdc, 0xdc, 0xdc, 0xdc, 0xdc, 0xdc, 0xdc, 0xdc, 0xdc, 0xdc, 0xdc, 0xdc, 0xdc, 0xdc, 0xdc, 
  0xdc, 0xdc, 0xdc, 0xdc, 0xdc, 0xdc, 0xdc, 0xdc, 0xdc, 0xdc, 0xdc, 0xdc, 0xdc, 0xdc, 0xdc, 0xdc, 0xdc, 0xdc, 
  0xbc, 0xbc, 0xbc, 0xbc, 0xbc, 0xbc, 0xbc, 0xbc, 0xbc, 0xbc, 0xbc, 0xbc, 0xbc, 0xbc, 0xbc, 0xbc, 0xbc, 0xbc, 
  0xbc, 0xbc, 0xbc, 0xbc, 0xbc, 0xbc, 0xbc, 0xbc, 0xbc, 0xbc, 0xbc, 0xbc, 0xbc, 0xbc, 0xbc, 0xbc, 0xbc, 0xbc, 
  0xbc, 0xbc, 0xbc, 0xbc, 0xbc, 0xbc, 0xbc, 0xbc, 0xbc, 0xbc, 0xbc, 0xbc, 0xbc, 0xbc, 0xbc, 0xbc, 0xbc, 0xbc, 
  0xbc, 0xbc, 0xbc, 0xbc, 0xbc, 0xbc, 0xbc, 0xbc, 0xbc, 0xbc, 0xbc, 0xbc, 0xbc, 0xbc, 0xbc, 0xbc, 0xbc, 0xbc, 
  0xbc, 0xbc, 0xbc, 0xbc, 0xbc, 0xbc, 0xbc, 0xbc, 0xbc, 0xbc, 0xbc, 0xbc, 0xbc, 0xbc, 0xbc, 0xbc, 0xbc, 0xbc, 
  0xbc, 0xbc, 0xbc, 0xbc, 0xbc, 0xbc, 0xbc, 0xbc, 0xbc, 0xbc, 0xbc, 0xbc, 0xbc, 0xbc, 0xbc, 0xbc, 0xbc, 0xbc, 
  0xbc, 0xbc, 0xbc, 0xbc, 0xbc, 0xbc, 0xbc, 0xbc, 0xbc, 0xbc, 0xbc, 0xbc, 0xbc, 0xbc, 0xbc, 0xbc, 0xbc, 0xbc, 
  0xbc, 0xbc, 0xbc, 0xbc, 0xbc, 0xbc, 0xbc, 0xbc, 0xbc, 0xbc, 0xbc, 0xbc, 0xbc, 0xbc, 0xbc, 0xbc, 0xbc, 0xbc, 
  0xbc, 0xbc, 0xbc, 0xbc, 0xbc, 0xbc, 0xbc, 0xbc, 0xbc, 0xbc, 0xbc, 0xbc, 0xbc, 0xbc, 0xbc, 0xbc, 0xbc, 0xbc, 
  0xbc, 0xbc, 0xbc, 0xbc, 0xbc, 0xbc, 0xbc, 0xbc, 0xbc, 0xbc, 0xbc, 0xbc, 0xbc, 0xbc, 0xbc, 0xbc, 0xbc, 0xbc, 
  0xbc, 0xbc, 0xbc, 0xbc, 0xbc, 0xbc, 0xbc, 0xbc, 0xbc, 0xbc, 0xbc, 0xbc, 0xbc, 0xbc, 0xbc, 0xbc, 0xbc, 0xbc, 
  0xbc, 0xbc, 0xbc, 0xbc, 0xbc, 0xbc, 0xbc, 0xbc, 0xbc, 0xbc, 0xbc, 0xbc, 0xbc, 0xbc, 0xbc, 0xbc, 0xbc, 0xbc, 
  0xbc, 0xbc, 0xbc, 0xbc, 0xbc, 0xbc, 0xbc, 0xbc, 0xbc, 0xbc, 0xbc, 0xbc, 0xbc, 0xbc, 0xbc, 0xbc, 0xbc, 0xbc, 
  0xbc, 0xbc, 0xbc, 0xbc, 0xbc, 0xbc, 0xbc, 0xbc, 0xbc, 0xbc, 0xbc, 0xbc, 0xbc, 0xbc, 0xbc, 0xbc, 0xbc, 0xbc, 
  0xbc, 0xbc, 0xbc, 0xbc, 0xbc, 0xbc, 0xbc, 0xbc, 0xbc, 0xbc, 0xbc, 0xbc, 0xbc, 0xbc, 0xbc, 0xbc, 0xbc, 0xbc, 
  0xbc, 0xbc, 0xbc, 0xbc, 0xbc, 0xbc, 0xbc, 0xbc, 0xbc, 0xbc, 0xbc, 0xbc, 0xbc, 0xbc, 0xbc, 0xbc, 0xbc, 0xbc, 
  0xbc, 0xbc, 0xbc, 0xbc, 0xbc, 0xbc, 0xbc, 0xbc, 0xbc, 0xbc, 0xbc, 0xbc, 0xbc, 0xbc, 0xbc, 0xbc, 0xbc, 0xbc, 
  0xbc, 0xbc, 0xbc, 0xbc, 0xbc, 0xbc, 0xbc, 0xbc, 0xbc, 0xbc, 0xbc, 0xbc, 0xbc, 0xbc, 0xbc, 0xbc, 0xbc, 0xbc, 
  0x9c, 0x9c, 0x9c, 0x9c, 0x9c, 0x9c, 0x9c, 0x9c, 0x9c, 0x9c, 0x9c, 0x9c, 0x9c, 0x9c, 0x9c, 0x9c, 0x9c, 0x9c, 
  0x9c, 0x9c, 0x9c, 0x9c, 0x9c, 0x9c, 0x9c, 0x9c, 0x9c, 0x9c, 0x9c, 0x9c, 0x9c, 0x9c, 0x9c, 0x9c, 0x9c, 0x9c, 
  0x9c, 0x9c, 0x9c, 0x9c, 0x9c, 0x9c, 0x9c, 0x9c, 0x9c, 0x9c, 0x9c, 0x9c, 0x9c, 0x9c, 0x9c, 0x9c, 0x9c, 0x9c, 
  0x9c, 0x9c, 0x9c, 0x9c, 0x9c, 0x9c, 0x9c, 0x9c, 0x9c, 0x9c, 0x9c, 0x9c, 0x9c, 0x9c, 0x9c, 0x9c, 0x9c, 0x9c, 
  0x9c, 0x9c, 0x9c, 0x9c, 0x9c, 0x9c, 0x9c, 0x9c, 0x9c, 0x9c, 0x9c, 0x9c, 0x9c, 0x9c, 0x9c, 0x9c, 0x9c, 0x9c, 
  0x9c, 0x9c, 0x9c, 0x9c, 0x9c, 0x9c, 0x9c, 0x9c, 0x9c, 0x9c, 0x9c, 0x9c, 0x9c, 0x9c, 0x9c, 0x9c, 0x9c, 0x9c, 
  0x9c, 0x9c, 0x9c, 0x9c, 0x9c, 0x9c, 0x9c, 0x9c, 0x9c, 0x9c, 0x9c, 0x9c, 0x9c, 0x9c, 0x9c, 0x9c, 0x9c, 0x9c, 
  0x9c, 0x9c, 0x9c, 0x9c, 0x9c, 0x9c, 0x9c, 0x9c, 0x9c, 0x9c, 0x9c, 0x9c, 0x9c, 0x9c, 0x9c, 0x9c, 0x9c, 0x9c, 
  0x9c, 0x9c, 0x9c, 0x9c, 0x9c, 0x9c, 0x9c, 0x9c, 0x9c, 0x9c, 0x9c, 0x9c, 0x9c, 0x9c, 0x9c, 0x9c, 0x9c, 0x9c, 
  0x9c, 0x9c, 0x9c, 0x9c, 0x9c, 0x9c, 0x9c, 0x9c, 0x9c, 0x9c, 0x9c, 0x9c, 0x9c, 0x9c, 0x9c, 0x9c, 0x9c, 0x9c, 
  0x9c, 0x9c, 0x9c, 0x9c, 0x9c, 0x9c, 0x9c, 0x9c, 0x9c, 0x9c, 0x9c, 0x9c, 0x9c, 0x9c, 0x9c, 0x9c, 0x9c, 0x9c, 
  0x9c, 0x9c, 0x9c, 0x9c, 0x9c, 0x9c, 0x9c, 0x9c, 0x9c, 0x9c, 0x9c, 0x9c, 0x9c, 0x9c, 0x9c, 0x9c, 0x9c, 0x9c, 
  0x9c, 0x9c, 0x9c, 0x9c, 0x9c, 0x9c, 0x9c, 0x9c, 0x9c, 0x9c, 0x9c, 0x9c, 0x9c, 0x9c, 0x9c, 0x9c, 0x9c, 0x9c, 
  0x9c, 0x9c, 0x9c, 0x9c, 0x9c, 0x9c, 0x9c, 0x9c, 0x9c, 0x9c, 0x9c, 0x9c, 0x9c, 0x9c, 0x9c, 0x9c, 0x9c, 0x9c, 
  0x9c, 0x9c, 0x9c, 0x9c, 0x9c, 0x9c, 0x9c, 0x9c, 0x9c, 0x9c, 0x9c, 0x9c, 0x9c, 0x9c, 0x9c, 0x9c, 0x9c, 0x9c, 
  0x9c, 0x9c, 0x9c, 0x9c, 0x9c, 0x9c, 0x9c, 0x9c, 0x9c, 0x9c, 0x9c, 0x9c, 0x9c, 0x9c, 0x9c, 0x9c, 0x9c, 0x9c, 
  0x9c, 0x9c, 0x9c, 0x9c, 0x9c, 0x9c, 0x9c, 0x9c, 0x9c, 0x9c, 0x9c, 0x9c, 0x9c, 0x9c, 0x9c, 0x9c, 0x9c, 0x9c, 
  0x9c, 0x9c, 0x9c, 0x9c, 0x9c, 0x9c, 0x9c, 0x9c, 0x9c, 0x9c, 0x9c, 0x9c, 0x9c, 0x9c, 0x9c, 0x9c, 0x9c, 0x9c, 
  0x7c, 0x7c, 0x7c, 0x7c, 0x7c, 0x7c, 0x7c, 0x7c, 0x7c, 0x7c, 0x7c, 0x7c, 0x7c, 0x7c, 0x7c, 0x7c, 0x7c, 0x7c, 
  0x7c, 0x7c, 0x7c, 0x7c, 0x7c, 0x7c, 0x7c, 0x7c, 0x7c, 0x7c, 0x7c, 0x7c, 0x7c, 0x7c, 0x7c, 0x7c, 0x7c, 0x7c, 
  0x7c, 0x7c, 0x7c, 0x7c, 0x7c, 0x7c, 0x7c, 0x7c, 0x7c, 0x7c, 0x7c, 0x7c, 0x7c, 0x7c, 0x7c, 0x7c, 0x7c, 0x7c, 
  0x7c, 0x7c, 0x7c, 0x7c, 0x7c, 0x7c, 0x7c, 0x7c, 0x7c, 0x7c, 0x7c, 0x7c, 0x7c, 0x7c, 0x7c, 0x7c, 0x7c, 0x7c, 
  0x7c, 0x7c, 0x7c, 0x7c, 0x7c, 0x7c, 0x7c, 0x7c, 0x7c, 0x7c, 0x7c, 0x7c, 0x7c, 0x7c, 0x7c, 0x7c, 0x7c, 0x7c, 
  0x7c, 0x7c, 0x7c, 0x7c, 0x7c, 0x7c, 0x7c, 0x7c, 0x7c, 0x7c, 0x7c, 0x7c, 0x7c, 0x7c, 0x7c, 0x7c, 0x7c, 0x7c, 
  0x7c, 0x7c, 0x7c, 0x7c, 0x7c, 0x7c, 0x7c, 0x7c, 0x7c, 0x7c, 0x7c, 0x7c, 0x7c, 0x7c, 0x7c, 0x7c, 0x7c, 0x7c, 
  0x7c, 0x7c, 0x7c, 0x7c, 0x7c, 0x7c, 0x7c, 0x7c, 0x7c, 0x7c, 0x7c, 0x7c, 0x7c, 0x7c, 0x7c, 0x7c, 0x7c, 0x7c, 
  0x7c, 0x7c, 0x7c, 0x7c, 0x7c, 0x7c, 0x7c, 0x7c, 0x7c, 0x7c, 0x7c, 0x7c, 0x7c, 0x7c, 0x7c, 0x7c, 0x7c, 0x7c, 
  0x7c, 0x7c, 0x7c, 0x7c, 0x7c, 0x7c, 0x7c, 0x7c, 0x7c, 0x7c, 0x7c, 0x7c, 0x7c, 0x7c, 0x7c, 0x7c, 0x7c, 0x7c, 
  0x7c, 0x7c, 0x7c, 0x7c, 0x7c, 0x7c, 0x7c, 0x7c, 0x7c, 0x7c, 0x7c, 0x7c, 0x7c, 0x7c, 0x7c, 0x7c, 0x7c, 0x7c, 
  0x7c, 0x7c, 0x7c, 0x7c, 0x7c, 0x7c, 0x7c, 0x7c, 0x7c, 0x7c, 0x7c, 0x7c, 0x7c, 0x7c, 0x7c, 0x7c, 0x7c, 0x7c, 
  0x7c, 0x7c, 0x7c, 0x7c, 0x7c, 0x7c, 0x7c, 0x7c, 0x7c, 0x7c, 0x7c, 0x7c, 0x7c, 0x7c, 0x7c, 0x7c, 0x7c, 0x7c, 
  0x7c, 0x7c, 0x7c, 0x7c, 0x7c, 0x7c, 0x7c, 0x7c, 0x7c, 0x7c, 0x7c, 0x7c, 0x7c, 0x7c, 0x7c, 0x7c, 0x7c, 0x7c, 
  0x7c, 0x7c, 0x7c, 0x7c, 0x7c, 0x7c, 0x7c, 0x7c, 0x7c, 0x7c, 0x7c, 0x7c, 0x7c, 0x7c, 0x7c, 0x7c, 0x7c, 0x7c, 
  0x7c, 0x7c, 0x7c, 0x7c, 0x7c, 0x7c, 0x7c, 0x7c, 0x7c, 0x7c, 0x7c, 0x7c, 0x7c, 0x7c, 0x7c, 0x7c, 0x7c, 0x7c, 
  0x7c, 0x7c, 0x7c, 0x7c, 0x7c, 0x7c, 0x7c, 0x7c, 0x7c, 0x7c, 0x7c, 0x7c, 0x7c, 0x7c, 0x7c, 0x7c, 0x7c, 0x7c, 
  0x7c, 0x7c, 0x7c, 0x7c, 0x7c, 0x7c, 0x7c, 0x7c, 0x7c, 0x7c, 0x7c, 0x7c, 0x7c, 0x7c, 0x7c, 0x7c, 0x7c, 0x7c, 
  0x7c, 0x7c, 0x7c, 0x7c, 0x7c, 0x7c, 0x7c, 0x7c, 0x7c, 0x7c, 0x7c, 0x7c, 0x7c, 0x7c, 0x7c, 0x7c, 0x7c, 0x7c, 
  0x5c, 0x5c, 0x5c, 0x5c, 0x5c, 0x5c, 0x5c, 0x5c, 0x5c, 0x5c, 0x5c, 0x5c, 0x5c, 0x5c, 0x5c, 0x5c, 0x5c, 0x5c, 
  0x5c, 0x5c, 0x5c, 0x5c, 0x5c, 0x5c, 0x5c, 0x5c, 0x5c, 0x5c, 0x5c, 0x5c, 0x5c, 0x5c, 0x5c, 0x5c, 0x5c, 0x5c, 
  0x5c, 0x5c, 0x5c, 0x5c, 0x5c, 0x5c, 0x5c, 0x5c, 0x5c, 0x5c, 0x5c, 0x5c, 0x5c, 0x5c, 0x5c, 0x5c, 0x5c, 0x5c, 
  0x5c, 0x5c, 0x5c, 0x5c, 0x5c, 0x5c, 0x5c, 0x5c, 0x5c, 0x5c, 0x5c, 0x5c, 0x5c, 0x5c, 0x5c, 0x5c, 0x5c, 0x5c, 
  0x5c, 0x5c, 0x5c, 0x5c, 0x5c, 0x5c, 0x5c, 0x5c, 0x5c, 0x5c, 0x5c, 0x5c, 0x5c, 0x5c, 0x5c, 0x5c, 0x5c, 0x5c, 
  0x5c, 0x5c, 0x5c, 0x5c, 0x5c, 0x5c, 0x5c, 0x5c, 0x5c, 0x5c, 0x5c, 0x5c, 0x5c, 0x5c, 0x5c, 0x5c, 0x5c, 0x5c, 
  0x5c, 0x5c, 0x5c, 0x5c, 0x5c, 0x5c, 0x5c, 0x5c, 0x5c, 0x5c, 0x5c, 0x5c, 0x5c, 0x5c, 0x5c, 0x5c, 0x5c, 0x5c, 
  0x5c, 0x5c, 0x5c, 0x5c, 0x5c, 0x5c, 0x5c, 0x5c, 0x5c, 0x5c, 0x5c, 0x5c, 0x5c, 0x5c, 0x5c, 0x5c, 0x5c, 0x5c, 
  0x5c, 0x5c, 0x5c, 0x5c, 0x5c, 0x5c, 0x5c, 0x5c, 0x5c, 0x5c, 0x5c, 0x5c, 0x5c, 0x5c, 0x5c, 0x5c, 0x5c, 0x5c, 
  0x5c, 0x5c, 0x5c, 0x5c, 0x5c, 0x5c, 0x5c, 0x5c, 0x5c, 0x5c, 0x5c, 0x5c, 0x5c, 0x5c, 0x5c, 0x5c, 0x5c, 0x5c, 
  0x5c, 0x5c, 0x5c, 0x5c, 0x5c, 0x5c, 0x5c, 0x5c, 0x5c, 0x5c, 0x5c, 0x5c, 0x5c, 0x5c, 0x5c, 0x5c, 0x5c, 0x5c, 
  0x5c, 0x5c, 0x5c, 0x5c, 0x5c, 0x5c, 0x5c, 0x5c, 0x5c, 0x5c, 0x5c, 0x5c, 0x5c, 0x5c, 0x5c, 0x5c, 0x5c, 0x5c, 
  0x5c, 0x5c, 0x5c, 0x5c, 0x5c, 0x5c, 0x5c, 0x5c, 0x5c, 0x5c, 0x5c, 0x5c, 0x5c, 0x5c, 0x5c, 0x5c, 0x5c, 0x5c, 
  0x5c, 0x5c, 0x5c, 0x5c, 0x5c, 0x5c, 0x5c, 0x5c, 0x5c, 0x5c, 0x5c, 0x5c, 0x5c, 0x5c, 0x5c, 0x5c, 0x5c, 0x5c, 
  0x5c, 0x5c, 0x5c, 0x5c, 0x5c, 0x5c, 0x5c, 0x5c, 0x5c, 0x5c, 0x5c, 0x5c, 0x5c, 0x5c, 0x5c, 0x5c, 0x5c, 0x5c, 
  0x5c, 0x5c, 0x5c, 0x5c, 0x5c, 0x5c, 0x5c, 0x5c, 0x5c, 0x5c, 0x5c, 0x5c, 0x5c, 0x5c, 0x5c, 0x5c, 0x5c, 0x5c, 
  0x5c, 0x5c, 0x5c, 0x5c, 0x5c, 0x5c, 0x5c, 0x5c, 0x5c, 0x5c, 0x5c, 0x5c, 0x5c, 0x5c, 0x5c, 0x5c, 0x5c, 0x5c, 
  0x5c, 0x5c, 0x5c, 0x5c, 0x5c, 0x5c, 0x5c, 0x5c, 0x5c, 0x5c, 0x5c, 0x5c, 0x5c, 0x5c, 0x5c, 0x5c, 0x5c, 0x5c, 
  0x3c, 0x3c, 0x3c, 0x3c, 0x3c, 0x3c, 0x3c, 0x3c, 0x3c, 0x3c, 0x3c, 0x3c, 0x3c, 0x3c, 0x3c, 0x3c, 0x3c, 0x3c, 
  0x3c, 0x3c, 0x3c, 0x3c, 0x3c, 0x3c, 0x3c, 0x3c, 0x3c, 0x3c, 0x3c, 0x3c, 0x3c, 0x3c, 0x3c, 0x3c, 0x3c, 0x3c, 
  0x3c, 0x3c, 0x3c, 0x3c, 0x3c, 0x3c, 0x3c, 0x3c, 0x3c, 0x3c, 0x3c, 0x3c, 0x3c, 0x3c, 0x3c, 0x3c, 0x3c, 0x3c, 
  0x3c, 0x3c, 0x3c, 0x3c, 0x3c, 0x3c, 0x3c, 0x3c, 0x3c, 0x3c, 0x3c, 0x3c, 0x3c, 0x3c, 0x3c, 0x3c, 0x3c, 0x3c, 
  0x3c, 0x3c, 0x3c, 0x3c, 0x3c, 0x3c, 0x3c, 0x3c, 0x3c, 0x3c, 0x3c, 0x3c, 0x3c, 0x3c, 0x3c, 0x3c, 0x3c, 0x3c, 
  0x3c, 0x3c, 0x3c, 0x3c, 0x3c, 0x3c, 0x3c, 0x3c, 0x3c, 0x3c, 0x3c, 0x3c, 0x3c, 0x3c, 0x3c, 0x3c, 0x3c, 0x3c, 
  0x3c, 0x3c, 0x3c, 0x3c, 0x3c, 0x3c, 0x3c, 0x3c, 0x3c, 0x3c, 0x3c, 0x3c, 0x3c, 0x3c, 0x3c, 0x3c, 0x3c, 0x3c, 
  0x3c, 0x3c, 0x3c, 0x3c, 0x3c, 0x3c, 0x3c, 0x3c, 0x3c, 0x3c, 0x3c, 0x3c, 0x3c, 0x3c, 0x3c, 0x3c, 0x3c, 0x3c, 
  0x3c, 0x3c, 0x3c, 0x3c, 0x3c, 0x3c, 0x3c, 0x3c, 0x3c, 0x3c, 0x3c, 0x3c, 0x3c, 0x3c, 0x3c, 0x3c, 0x3c, 0x3c, 
  0x3c, 0x3c, 0x3c, 0x3c, 0x3c, 0x3c, 0x3c, 0x3c, 0x3c, 0x3c, 0x3c, 0x3c, 0x3c, 0x3c, 0x3c, 0x3c, 0x3c, 0x3c, 
  0x3c, 0x3c, 0x3c, 0x3c, 0x3c, 0x3c, 0x3c, 0x3c, 0x3c, 0x3c, 0x3c, 0x3c, 0x3c, 0x3c, 0x3c, 0x3c, 0x3c, 0x3c, 
  0x3c, 0x3c, 0x3c, 0x3c, 0x3c, 0x3c, 0x3c, 0x3c, 0x3c, 0x3c, 0x3c, 0x3c, 0x3c, 0x3c, 0x3c, 0x3c, 0x3c, 0x3c, 
  0x3c, 0x3c, 0x3c, 0x3c, 0x3c, 0x3c, 0x3c, 0x3c, 0x3c, 0x3c, 0x3c, 0x3c, 0x3c, 0x3c, 0x3c, 0x3c, 0x3c, 0x3c, 
  0x3c, 0x3c, 0x3c, 0x3c, 0x3c, 0x3c, 0x3c, 0x3c, 0x3c, 0x3c, 0x3c, 0x3c, 0x3c, 0x3c, 0x3c, 0x3c, 0x3c, 0x3c, 
  0x3c, 0x3c, 0x3c, 0x3c, 0x3c, 0x3c, 0x3c, 0x3c, 0x3c, 0x3c, 0x3c, 0x3c, 0x3c, 0x3c, 0x3c, 0x3c, 0x3c, 0x3c, 
  0x3c, 0x3c, 0x3c, 0x3c, 0x3c, 0x3c, 0x3c, 0x3c, 0x3c, 0x3c, 0x3c, 0x3c, 0x3c, 0x3c, 0x3c, 0x3c, 0x3c, 0x3c, 
  0x3c, 0x3c, 0x3c, 0x3c, 0x3c, 0x3c, 0x3c, 0x3c, 0x3c, 0x3c, 0x3c, 0x3c, 0x3c, 0x3c, 0x3c, 0x3c, 0x3c, 0x3c, 
  0x3c, 0x3c, 0x3c, 0x3c, 0x3c, 0x3c, 0x3c, 0x3c, 0x3c, 0x3c, 0x3c, 0x3c, 0x3c, 0x3c, 0x3c, 0x3c, 0x3c, 0x3c, 
  0x1c, 0x1c, 0x1c, 0x1c, 0x1c, 0x1c, 0x1c, 0x1c, 0x1c, 0x1c, 0x1c, 0x1c, 0x1c, 0x1c, 0x1c, 0x1c, 0x1c, 0x1c, 
  0x1c, 0x1c, 0x1c, 0x1c, 0x1c, 0x1c, 0x1c, 0x1c, 0x1c, 0x1c, 0x1c, 0x1c, 0x1c, 0x1c, 0x1c, 0x1c, 0x1c, 0x1c, 
  0x1c, 0x1c, 0x1c, 0x1c, 0x1c, 0x1c, 0x1c, 0x1c, 0x1c, 0x1c, 0x1c, 0x1c, 0x1c, 0x1c, 0x1c, 0x1c, 0x1c, 0x1c, 
  0x1c, 0x1c, 0x1c, 0x1c, 0x1c, 0x1c, 0x1c, 0x1c, 0x1c, 0x1c, 0x1c, 0x1c, 0x1c, 0x1c, 0x1c, 0x1c, 0x1c, 0x1c, 
  0x1c, 0x1c, 0x1c, 0x1c, 0x1c, 0x1c, 0x1c, 0x1c, 0x1c, 0x1c, 0x1c, 0x1c, 0x1c, 0x1c, 0x1c, 0x1c, 0x1c, 0x1c, 
  0x1c, 0x1c, 0x1c, 0x1c, 0x1c, 0x1c, 0x1c, 0x1c, 0x1c, 0x1c, 0x1c, 0x1c, 0x1c, 0x1c, 0x1c, 0x1c, 0x1c, 0x1c, 
  0x1c, 0x1c, 0x1c, 0x1c, 0x1c, 0x1c, 0x1c, 0x1c, 0x1c, 0x1c, 0x1c, 0x1c, 0x1c, 0x1c, 0x1c, 0x1c, 0x1c, 0x1c, 
  0x1c, 0x1c, 0x1c, 0x1c, 0x1c, 0x1c, 0x1c, 0x1c, 0x1c, 0x1c, 0x1c, 0x1c, 0x1c, 0x1c, 0x1c, 0x1c, 0x1c, 0x1c, 
  0x1c, 0x1c, 0x1c, 0x1c, 0x1c, 0x1c, 0x1c, 0x1c, 0x1c, 0x1c, 0x1c, 0x1c, 0x1c, 0x1c, 0x1c, 0x1c, 0x1c, 0x1c, 
  0x1c, 0x1c, 0x1c, 0x1c, 0x1c, 0x1c, 0x1c, 0x1c, 0x1c, 0x1c, 0x1c, 0x1c, 0x1c, 0x1c, 0x1c, 0x1c, 0x1c, 0x1c, 
  0x1c, 0x1c, 0x1c, 0x1c, 0x1c, 0x1c, 0x1c, 0x1c, 0x1c, 0x1c, 0x1c, 0x1c, 0x1c, 0x1c, 0x1c, 0x1c, 0x1c, 0x1c, 
  0x1c, 0x1c, 0x1c, 0x1c, 0x1c, 0x1c, 0x1c, 0x1c, 0x1c, 0x1c, 0x1c, 0x1c, 0x1c, 0x1c, 0x1c, 0x1c, 0x1c, 0x1c, 
  0x1c, 0x1c, 0x1c, 0x1c, 0x1c, 0x1c, 0x1c, 0x1c, 0x1c, 0x1c, 0x1c, 0x1c, 0x1c, 0x1c, 0x1c, 0x1c, 0x1c, 0x1c, 
  0x1c, 0x1c, 0x1c, 0x1c, 0x1c, 0x1c, 0x1c, 0x1c, 0x1c, 0x1c, 0x1c, 0x1c, 0x1c, 0x1c, 0x1c, 0x1c, 0x1c, 0x1c, 
  0x1c, 0x1c, 0x1c, 0x1c, 0x1c, 0x1c, 0x1c, 0x1c, 0x1c, 0x1c, 0x1c, 0x1c, 0x1c, 0x1c, 0x1c, 0x1c, 0x1c, 0x1c, 
  0x1c, 0x1c, 0x1c, 0x1c, 0x1c, 0x1c, 0x1c, 0x1c, 0x1c, 0x1c, 0x1c, 0x1c, 0x1c, 0x1c, 0x1c, 0x1c, 0x1c, 0x1c, 
  0x1c, 0x1c, 0x1c, 0x1c, 0x1c, 0x1c, 0x1c, 0x1c, 0x1c, 0x1c, 0x1c, 0x1c, 0x1c, 0x1c, 0x1c, 0x1c, 0x1c, 0x1c, 
  0x1c, 0x1c, 0x1c, 0x1c, 0x1c, 0x1c, 0x1c, 0x1c, 0x1c, 0x1c, 0x1c, 0x1c, 0x1c, 0x1c, 0x1c, 0x1c, 0x1c, 0x1c, 
  0x1c, 0x1c, 0x1c, 0x1c, 0x1c, 0x1c, 0x1c, 0x1c, 0x1c, 0x1c, 0x1c, 0x1c, 0x1c, 0x1c, 0x1c, 0x1c, 0x1c, 0x1c, 
  0x1c, 0x1c, 0x1c, 0x1c, 0x1c, 0x1c, 0x1c, 0x1c, 0x1c, 0x1c, 0x1c, 0x1c, 0x1c, 0x1c, 0x1c, 0x1c, 0x1c, 0x1c, 
  0x1c, 0x1c, 0x1c, 0x1c, 0x1c, 0x1c, 0x1c, 0x1c, 0x1c, 0x1c, 0x1c, 0x1c, 0x1c, 0x1c, 0x1c, 0x1c, 0x1c, 0x1c, 
  0x1c, 0x1c, 0x1c, 0x1c, 0x1c, 0x1c, 0x1c, 0x1c, 0x1c, 0x1c, 0x1c, 0x1c, 0x1c, 0x1c, 0x1c, 0x1c, 0x1c, 0x1c, 
  0x1c, 0x1c, 0x1c, 0x1c, 0x1c, 0x1c, 0x1c, 0x1c, 0x1c, 0x1c, 0x1c, 0x1c, 0x1c, 0x1c, 0x1c, 0x1c, 0x1c, 0x1c, 
  0x1c, 0x1c, 0x1c, 0x1c, 0x1c, 0x1c, 0x1c, 0x1c, 0x1c, 0x1c, 0x1c, 0x1c, 0x1c, 0x1c, 0x1c, 0x1c, 0x1c, 0x1c, 
  0x1c, 0x1c, 0x1c, 0x1c, 0x1c, 0x1c, 0x1c, 0x1c, 0x1c, 0x1c, 0x1c, 0x1c, 0x1c, 0x1c, 0x1c, 0x1c, 0x1c, 0x1c, 
  0x1c, 0x1c, 0x1c, 0x1c, 0x1c, 0x1c, 0x1c, 0x1c, 0x1c, 0x1c, 0x1c, 0x1c, 0x1c, 0x1c, 0x1c, 0x1c, 0x1c, 0x1c, 
  0x1c, 0x1c, 0x1c, 0x1c, 0x1c, 0x1c, 0x1c, 0x1c, 0x1c, 0x1c, 0x1c, 0x1c, 0x1c, 0x1c, 0x1c, 0x1c, 0x1c, 0x1c, 
  0x1c, 0x1c, 0x1c, 0x1c, 0x1c, 0x1c, 0x1c, 0x1c, 0x1c, 0x1c, 0x1c, 0x1c, 0x1c, 0x1c, 0x1c, 0x1c, 0x1c, 0x1c, 
  0x1c, 0x1c, 0x1c, 0x1c, 0x1c, 0x1c, 0x1c, 0x1c, 0x1c, 0x1c, 0x1c, 0x1c, 0x1c, 0x1c, 0x1c, 0x1c, 0x1c, 0x1c, 
  0x1c, 0x1c, 0x1c, 0x1c, 0x1c, 0x1c, 0x1c, 0x1c, 0x1c, 0x1c, 0x1c, 0x1c, 0x1c, 0x1c, 0x1c, 0x1c, 0x1c, 0x1c, 
  0x1c, 0x1c, 0x1c, 0x1c, 0x1c, 0x1c, 0x1c, 0x1c, 0x1c, 0x1c, 0x1c, 0x1c, 0x1c, 0x1c, 0x1c, 0x1c, 0x1c, 0x1c, 
  0x1c, 0x1c, 0x1c, 0x1c, 0x1c, 0x1c, 0x1c, 0x1c, 0x1c, 0x1c, 0x1c, 0x1c, 0x1c, 0x1c, 0x1c, 0x1c, 0x1c, 0x1c, 
  0x1c, 0x1c, 0x1c, 0x1c, 0x1c, 0x1c, 0x1c, 0x1c, 0x1c, 0x1c, 0x1c, 0x1c, 0x1c, 0x1c, 0x1c, 0x1c, 0x1c, 0x1c, 
  0x1c, 0x1c, 0x1c, 0x1c, 0x1c, 0x1c, 0x1c, 0x1c, 0x1c, 0x1c, 0x1c, 0x1c, 0x1c, 0x1c, 0x1c, 0x1c, 0x1c, 0x1c, 
  0x1c, 0x1c, 0x1c, 0x1c, 0x1c, 0x1c, 0x1c, 0x1c, 0x1c, 0x1c, 0x1c, 0x1c, 0x1c, 0x1c, 0x1c, 0x1c, 0x1c, 0x1c, 
  0x1c, 0x1c, 0x1c, 0x1c, 0x1c, 0x1c, 0x1c, 0x1c, 0x1c, 0x1c, 0x1c, 0x1c, 0x1c, 0x1c, 0x1c, 0x1c, 0x1c, 0x1c, 
  0x1c, 0x1c, 0x1c, 0x1c, 0x1c, 0x1c, 0x1c, 0x1c, 0x1c, 0x1c, 0x1c, 0x1c, 0x1c, 0x1c, 0x1c, 0x1c, 0x1c, 0x1c, 
  0x1c, 0x1c, 0x1c, 0x1c, 0x1c, 0x1c, 0x1c, 0x1c, 0x1c, 0x1c, 0x1c, 0x1c, 0x1c, 0x1c, 0x1c, 0x1c, 0x1c, 0x1c, 
  0x1c, 0x1c, 0x1c, 0x1c, 0x1c, 0x1c, 0x1c, 0x1c, 0x1c, 0x1c, 0x1c, 0x1c, 0x1c, 0x1c, 0x1c, 0x1c, 0x1c, 0x1c, 
  0x1c, 0x1c, 0x1c, 0x1c, 0x1c, 0x1c, 0x1c, 0x1c, 0x1c, 0x1c, 0x1c, 0x1c, 0x1c, 0x1c, 0x1c, 0x1c, 0x1c, 0x1c, 
  0x1c, 0x1c, 0x1c, 0x1c, 0x1c, 0x1c, 0x1c, 0x1c, 0x1c, 0x1c, 0x1c, 0x1c, 0x1c, 0x1c, 0x1c, 0x1c, 0x1c, 0x1c, 
  0x1c, 0x1c, 0x1c, 0x1c, 0x1c, 0x1c, 0x1c, 0x1c, 0x1c, 0x1c, 0x1c, 0x1c, 0x1c, 0x1c, 0x1c, 0x1c, 0x1c, 0x1c, 
  0x1c, 0x1c, 0x1c, 0x1c, 0x1c, 0x1c, 0x1c, 0x1c, 0x1c, 0x1c, 0x1c, 0x1c, 0x1c, 0x1c, 0x1c, 0x1c, 0x1c, 0x1c, 
  0x1c, 0x1c, 0x1c, 0x1c, 0x1c, 0x1c, 0x1c, 0x1c, 0x1c, 0x1c, 0x1c, 0x1c, 0x1c, 0x1c, 0x1c, 0x1c, 0x1c, 0x1c, 
  0x1c, 0x1c, 0x1c, 0x1c, 0x1c, 0x1c, 0x1c, 0x1c, 0x1c, 0x1c, 0x1c, 0x1c, 0x1c, 0x1c, 0x1c, 0x1c, 0x1c, 0x1c, 
  0x1c, 0x1c, 0x1c, 0x1c, 0x1c, 0x1c, 0x1c, 0x1c, 0x1c, 0x1c, 0x1c, 0x1c, 0x1c, 0x1c, 0x1c, 0x1c, 0x1c, 0x1c, 
  0x1c, 0x1c, 0x1c, 0x1c, 0x1c, 0x1c, 0x1c, 0x1c, 0x1c, 0x1c, 0x1c, 0x1c, 0x1c, 0x1c, 0x1c, 0x1c, 0x1c, 0x1c, 
  0x1c, 0x1c, 0x1c, 0x1c, 0x1c, 0x1c, 0x1c, 0x1c, 0x1c, 0x1c, 0x1c, 0x1c, 0x1c, 0x1c, 0x1c, 0x1c, 0x1c, 0x1c, 
  0x1c, 0x1c, 0x1c, 0x1c, 0x1c, 0x1c, 0x1c, 0x1c, 0x1c, 0x1c, 0x1c, 0x1c, 0x1c, 0x1c, 0x1c, 0x1c, 0x1c, 0x1c, 
  0x1c, 0x1c, 0x1c, 0x1c, 0x1c, 0x1c, 0x1c, 0x1c, 0x1c, 0x1c, 0x1c, 0x1c, 0x1c, 0x1c, 0x1c, 0x1c, 0x1c, 0x1c, 
  0x1c, 0x1c, 0x1c, 0x1c, 0x1c, 0x1c, 0x1c, 0x1c, 0x1c, 0x1c, 0x1c, 0x1c, 0x1c, 0x1c, 0x1c, 0x1c, 0x1c, 0x1c, 
  0x1c, 0x1c, 0x1c, 0x1c, 0x1c, 0x1c, 0x1c, 0x1c, 0x1c, 0x1c, 0x1c, 0x1c, 0x1c, 0x1c, 0x1c, 0x1c, 0x1c, 0x1c, 
  0x1c, 0x1c, 0x1c, 0x1c, 0x1c, 0x1c, 0x1c, 0x1c, 0x1c, 0x1c, 0x1c, 0x1c, 0x1c, 0x1c, 0x1c, 0x1c, 0x1c, 0x1c, 
  0x1c, 0x1c, 0x1c, 0x1c, 0x1c, 0x1c, 0x1c, 0x1c, 0x1c, 0x1c, 0x1c, 0x1c, 0x1c, 0x1c, 0x1c, 0x1c, 0x1c, 0x1c, 
  0x1c, 0x1c, 0x1c, 0x1c, 0x1c, 0x1c, 0x1c, 0x1c, 0x1c, 0x1c, 0x1c, 0x1c, 0x1c, 0x1c, 0x1c, 0x1c, 0x1c, 0x1c, 
  0x1c, 0x1c, 0x1c, 0x1c, 0x1c, 0x1c, 0x1c, 0x1c, 0x1c, 0x1c, 0x1c, 0x1c, 0x1c, 0x1c, 0x1c, 0x1c, 0x1c, 0x1c, 
  0x1c, 0x1c, 0x1c, 0x1c, 0x1c, 0x1c, 0x1c, 0x1c, 0x1c, 0x1c, 0x1c, 0x1c, 0x1c, 0x1c, 0x1c, 0x1c, 0x1c, 0x1c, 
  0x1c, 0x1c, 0x1c, 0x1c, 0x1c, 0x1c, 0x1c, 0x1c, 0x1c, 0x1c, 0x1c, 0x1c, 0x1c, 0x1c, 0x1c, 0x1c, 0x1c, 0x1c, 
  0x1c, 0x1c, 0x1c, 0x1c, 0x1c, 0x1c, 0x1c, 0x1c, 0x1c, 0x1c, 0x1c, 0x1c, 0x1c, 0x1c, 0x1c, 0x1c, 0x1c, 0x1c, 
  0x1c, 0x1c, 0x1c, 0x1c, 0x1c, 0x1c, 0x1c, 0x1c, 0x1c, 0x1c, 0x1c, 0x1c, 0x1c, 0x1c, 0x1c, 0x1c, 0x1c, 0x1c, 
  0x1c, 0x1c, 0x1c, 0x1c, 0x1c, 0x1c, 0x1c, 0x1c, 0x1c, 0x1c, 0x1c, 0x1c, 0x1c, 0x1c, 0x1c, 0x1c, 0x1c, 0x1c, 
  0x1c, 0x1c, 0x1c, 0x1c, 0x1c, 0x1c, 0x1c, 0x1c, 0x1c, 0x1c, 0x1c, 0x1c, 0x1c, 0x1c, 0x1c, 0x1c, 0x1c, 0x1c, 
  0x1c, 0x1c, 0x1c, 0x1c, 0x1c, 0x1c, 0x1c, 0x1c, 0x1c, 0x1c, 0x1c, 0x1c, 0x1c, 0x1c, 0x1c, 0x1c, 0x1c, 0x1c, 
  0x1c, 0x1c, 0x1c, 0x1c, 0x1c, 0x1c, 0x1c, 0x1c, 0x1c, 0x1c, 0x1c, 0x1c, 0x1c, 0x1c, 0x1c, 0x1c, 0x1c, 0x1c, 
  0x1c, 0x1c, 0x1c, 0x1c, 0x1c, 0x1c, 0x1c, 0x1c, 0x1c, 0x1c, 0x1c, 0x1c, 0x1c, 0x1c, 0x1c, 0x1c, 0x1c, 0x1c, 
  0x1c, 0x1c, 0x1c, 0x1c, 0x1c, 0x1c, 0x1c, 0x1c, 0x1c, 0x1c, 0x1c, 0x1c, 0x1c, 0x1c, 0x1c, 0x1c, 0x1c, 0x1c, 
  0x1c, 0x1c, 0x1c, 0x1c, 0x1c, 0x1c, 0x1c, 0x1c, 0x1c, 0x1c, 0x1c, 0x1c, 0x1c, 0x1c, 0x1c, 0x1c, 0x1c, 0x1c, 
  0x1c, 0x1c, 0x1c, 0x1c, 0x1c, 0x1c, 0x1c, 0x1c, 0x1c, 0x1c, 0x1c, 0x1c, 0x1c, 0x1c, 0x1c, 0x1c, 0x1c, 0x1c, 
  0x1c, 0x1c, 0x1c, 0x1c, 0x1c, 0x1c, 0x1c, 0x1c, 0x1c, 0x1c, 0x1c, 0x1c, 0x1c, 0x1c, 0x1c, 0x1c, 0x1c, 0x1c, 
  0x18, 0x1c, 0x1c, 0x1c, 0x1c, 0x1c, 0x1c, 0x1c, 0x1c, 0x1c, 0x1c, 0x1c, 0x1c, 0x1c, 0x1c, 0x1c, 0x1c, 0x18, 
  0x08, 0x1c, 0x1c, 0x1c, 0x1c, 0x1c, 0x1c, 0x1c, 0x1c, 0x1c, 0x1c, 0x1c, 0x1c, 0x1c, 0x1c, 0x1c, 0x1c, 0x08, 
  0x00, 0x10, 0x1c, 0x1c, 0x1c, 0x1c, 0x1c, 0x1c, 0x1c, 0x1c, 0x1c, 0x1c, 0x1c, 0x1c, 0x1c, 0x1c, 0x10, 0x00, 
  0x00, 0x00, 0x08, 0x18, 0x1c, 0x1c, 0x1c, 0x1c, 0x1c, 0x1c, 0x1c, 0x1c, 0x1c, 0x1c, 0x18, 0x08, 0x00, 0x00, 
#endif
#if LV_COLOR_DEPTH == 16 && LV_COLOR_16_SWAP == 0
  /*Pixel format: Red: 5 bit, Green: 6 bit, Blue: 5 bit*/
  0x00, 0x00, 0x00, 0x00, 0x00, 0x40, 0x00, 0xb0, 0x00, 0xf8, 0x00, 0xf8, 0x00, 0xf8, 0x00, 0xf8, 0x00, 0xf8, 0x00, 0xf8, 0x00, 0xf8, 0x00, 0xf8, 0x00, 0xf8, 0x00, 0xf8, 0x00, 0xb0, 0x00, 0x40, 0x00, 0x00, 0x00, 0x00, 
  0x00, 0x00, 0x00, 0x80, 0x00, 0xf8, 0x00, 0xf8, 0x00, 0xf8, 0x00, 0xf8, 0x00, 0xf8, 0x00, 0xf8, 0x00, 0xf8, 0x00, 0xf8, 0x00, 0xf8, 0x00, 0xf8, 0x00, 0xf8, 0x00, 0xf8, 0x00, 0xf8, 0x00, 0xf8, 0x00, 0x80, 0x00, 0x00, 
  0x00, 0x40, 0x00, 0xf8, 0x00, 0xf8, 0x00, 0xf8, 0x00, 0xf8, 0x00, 0xf8, 0x00, 0xf8, 0x00, 0xf8, 0x00, 0xf8, 0x00, 0xf8, 0x00, 0xf8, 0x00, 0xf8, 0x00, 0xf8, 0x00, 0xf8, 0x00, 0xf8, 0x00, 0xf8, 0x00, 0xf8, 0x00, 0x40, 
  0x00, 0xb0, 0x00, 0xf8, 0x00, 0xf8, 0x00, 0xf8, 0x00, 0xf8, 0x00, 0xf8, 0x00, 0xf8, 0x00, 0xf8, 0x00, 0xf8, 0x00, 0xf8, 0x00, 0xf8, 0x00, 0xf8, 0x00, 0xf8, 0x00, 0xf8, 0x00, 0xf8, 0x00, 0xf8, 0x00, 0xf8, 0x00, 0xb0, 
  0x00, 0xf8, 0x00, 0xf8, 0x00, 0xf8, 0x00, 0xf8, 0x00, 0xf8, 0x00, 0xf8, 0x00, 0xf8, 0x00, 0xf8, 0x00, 0xf8, 0x00, 0xf8, 0x00, 0xf8, 0x00, 0xf8, 0x00, 0xf8, 0x00, 0xf8, 0x00, 0xf8, 0x00, 0xf8, 0x00, 0xf8, 0x00, 0xf8, 
  0x00, 0xf8, 0x00, 0xf8, 0x00, 0xf8, 0x00, 0xf8, 0x00, 0xf8, 0x00, 0xf8, 0x00, 0xf8, 0x00, 0xf8, 0x00, 0xf8, 0x00, 0xf8, 0x00, 0xf8, 0x00, 0xf8, 0x00, 0xf8, 0x00, 0xf8, 0x00, 0xf8, 0x00, 0xf8, 0x00, 0xf8, 0x00, 0xf8, 
  0x00, 0xf8, 0x00, 0xf8, 0x00, 0xf8, 0x00, 0xf8, 0x00, 0xf8, 0x00, 0xf8, 0x00, 0xf8, 0x00, 0xf8, 0x00, 0xf8, 0x00, 0xf8, 0x00, 0xf8, 0x00, 0xf8, 0x00, 0xf8, 0x00, 0xf8, 0x00, 0xf8, 0x00, 0xf8, 0x00, 0xf8, 0x00, 0xf8, 
  0x00, 0xf8, 0x00, 0xf8, 0x00, 0xf8, 0x00, 0xf8, 0x00, 0xf8, 0x00, 0xf8, 0x00, 0xf8, 0x00, 0xf8, 0x00, 0xf8, 0x00, 0xf8, 0x00, 0xf8, 0x00, 0xf8, 0x00, 0xf8, 0x00, 0xf8, 0x00, 0xf8, 0x00, 0xf8, 0x00, 0xf8, 0x00, 0xf8, 
  0x00, 0xf8, 0x00, 0xf8, 0x00, 0xf8, 0x00, 0xf8, 0x00, 0xf8, 0x00, 0xf8, 0x00, 0xf8, 0x00, 0xf8, 0x00, 0xf8, 0x00, 0xf8, 0x00, 0xf8, 0x00, 0xf8, 0x00, 0xf8, 0x00, 0xf8, 0x00, 0xf8, 0x00, 0xf8, 0x00, 0xf8, 0x00, 0xf8, 
  0x00, 0xf8, 0x00, 0xf8, 0x00, 0xf8, 0x00, 0xf8, 0x00, 0xf8, 0x00, 0xf8, 0x00, 0xf8, 0x00, 0xf8, 0x00, 0xf8, 0x00, 0xf8, 0x00, 0xf8, 0x00, 0xf8, 0x00, 0xf8, 0x00, 0xf8, 0x00, 0xf8, 0x00, 0xf8, 0x00, 0xf8, 0x00, 0xf8, 
  0x00, 0xf8, 0x00, 0xf8, 0x00, 0xf8, 0x00, 0xf8, 0x00, 0xf8, 0x00, 0xf8, 0x00, 0xf8, 0x00, 0xf8, 0x00, 0xf8, 0x00, 0xf8, 0x00, 0xf8, 0x00, 0xf8, 0x00, 0xf8, 0x00, 0xf8, 0x00, 0xf8, 0x00, 0xf8, 0x00, 0xf8, 0x00, 0xf8, 
  0x00, 0xf8, 0x00, 0xf8, 0x00, 0xf8, 0x00, 0xf8, 0x00, 0xf8, 0x00, 0xf8, 0x00, 0xf8, 0x00, 0xf8, 0x00, 0xf8, 0x00, 0xf8, 0x00, 0xf8, 0x00, 0xf8, 0x00, 0xf8, 0x00, 0xf8, 0x00, 0xf8, 0x00, 0xf8, 0x00, 0xf8, 0x00, 0xf8, 
  0x00, 0xf8, 0x00, 0xf8, 0x00, 0xf8, 0x00, 0xf8, 0x00, 0xf8, 0x00, 0xf8, 0x00, 0xf8, 0x00, 0xf8, 0x00, 0xf8, 0x00, 0xf8, 0x00, 0xf8, 0x00, 0xf8, 0x00, 0xf8, 0x00, 0xf8, 0x00, 0xf8, 0x00, 0xf8, 0x00, 0xf8, 0x00, 0xf8, 
  0x00, 0xf8, 0x00, 0xf8, 0x00, 0xf8, 0x00, 0xf8, 0x00, 0xf8, 0x00, 0xf8, 0x00, 0xf8, 0x00, 0xf8, 0x00, 0xf8, 0x00, 0xf8, 0x00, 0xf8, 0x00, 0xf8, 0x00, 0xf8, 0x00, 0xf8, 0x00, 0xf8, 0x00, 0xf8, 0x00, 0xf8, 0x00, 0xf8, 
  0x00, 0xf8, 0x00, 0xf8, 0x00, 0xf8, 0x00, 0xf8, 0x00, 0xf8, 0x00, 0xf8, 0x00, 0xf8, 0x00, 0xf8, 0x00, 0xf8, 0x00, 0xf8, 0x00, 0xf8, 0x00, 0xf8, 0x00, 0xf8, 0x00, 0xf8, 0x00, 0xf8, 0x00, 0xf8, 0x00, 0xf8, 0x00, 0xf8, 
  0x00, 0xf8, 0x00, 0xf8, 0x00, 0xf8, 0x00, 0xf8, 0x00, 0xf8, 0x00, 0xf8, 0x00, 0xf8, 0x00, 0xf8, 0x00, 0xf8, 0x00, 0xf8, 0x00, 0xf8, 0x00, 0xf8, 0x00, 0xf8, 0x00, 0xf8, 0x00, 0xf8, 0x00, 0xf8, 0x00, 0xf8, 0x00, 0xf8, 
  0x00, 0xf8, 0x00, 0xf8, 0x00, 0xf8, 0x00, 0xf8, 0x00, 0xf8, 0x00, 0xf8, 0x00, 0xf8, 0x00, 0xf8, 0x00, 0xf8, 0x00, 0xf8, 0x00, 0xf8, 0x00, 0xf8, 0x00, 0xf8, 0x00, 0xf8, 0x00, 0xf8, 0x00, 0xf8, 0x00, 0xf8, 0x00, 0xf8, 
  0x00, 0xf8, 0x00, 0xf8, 0x00, 0xf8, 0x00, 0xf8, 0x00, 0xf8, 0x00, 0xf8, 0x00, 0xf8, 0x00, 0xf8, 0x00, 0xf8, 0x00, 0xf8, 0x00, 0xf8, 0x00, 0xf8, 0x00, 0xf8, 0x00, 0xf8, 0x00, 0xf8, 0x00, 0xf8, 0x00, 0xf8, 0x00, 0xf8, 
  0x00, 0xf8, 0x00, 0xf8, 0x00, 0xf8, 0x00, 0xf8, 0x00, 0xf8, 0x00, 0xf8, 0x00, 0xf8, 0x00, 0xf8, 0x00, 0xf8, 0x00, 0xf8, 0x00, 0xf8, 0x00, 0xf8, 0x00, 0xf8, 0x00, 0xf8, 0x00, 0xf8, 0x00, 0xf8, 0x00, 0xf8, 0x00, 0xf8, 
  0x00, 0xf8, 0x00, 0xf8, 0x00, 0xf8, 0x00, 0xf8, 0x00, 0xf8, 0x00, 0xf8, 0x00, 0xf8, 0x00, 0xf8, 0x00, 0xf8, 0x00, 0xf8, 0x00, 0xf8, 0x00, 0xf8, 0x00, 0xf8, 0x00, 0xf8, 0x00, 0xf8, 0x00, 0xf8, 0x00, 0xf8, 0x00, 0xf8, 
  0x00, 0xf8, 0x00, 0xf8, 0x00, 0xf8, 0x00, 0xf8, 0x00, 0xf8, 0x00, 0xf8, 0x00, 0xf8, 0x00, 0xf8, 0x00, 0xf8, 0x00, 0xf8, 0x00, 0xf8, 0x00, 0xf8, 0x00, 0xf8, 0x00, 0xf8, 0x00, 0xf8, 0x00, 0xf8, 0x00, 0xf8, 0x00, 0xf8, 
  0x00, 0xf8, 0x00, 0xf8, 0x00, 0xf8, 0x00, 0xf8, 0x00, 0xf8, 0x00, 0xf8, 0x00, 0xf8, 0x00, 0xf8, 0x00, 0xf8, 0x00, 0xf8, 0x00, 0xf8, 0x00, 0xf8, 0x00, 0xf8, 0x00, 0xf8, 0x00, 0xf8, 0x00, 0xf8, 0x00, 0xf8, 0x00, 0xf8, 
  0x00, 0xf8, 0x00, 0xf8, 0x00, 0xf8, 0x00, 0xf8, 0x00, 0xf8, 0x00, 0xf8, 0x00, 0xf8, 0x00, 0xf8, 0x00, 0xf8, 0x00, 0xf8, 0x00, 0xf8, 0x00, 0xf8, 0x00, 0xf8, 0x00, 0xf8, 0x00, 0xf8, 0x00, 0xf8, 0x00, 0xf8, 0x00, 0xf8, 
  0x00, 0xf8, 0x00, 0xf8, 0x00, 0xf8, 0x00, 0xf8, 0x00, 0xf8, 0x00, 0xf8, 0x00, 0xf8, 0x00, 0xf8, 0x00, 0xf8, 0x00, 0xf8, 0x00, 0xf8, 0x00, 0xf8, 0x00, 0xf8, 0x00, 0xf8, 0x00, 0xf8, 0x00, 0xf8, 0x00, 0xf8, 0x00, 0xf8, 
  0x00, 0xf8, 0x00, 0xf8, 0x00, 0xf8, 0x00, 0xf8, 0x00, 0xf8, 0x00, 0xf8, 0x00, 0xf8, 0x00, 0xf8, 0x00, 0xf8, 0x00, 0xf8, 0x00, 0xf8, 0x00, 0xf8, 0x00, 0xf8, 0x00, 0xf8, 0x00, 0xf8, 0x00, 0xf8, 0x00, 0xf8, 0x00, 0xf8, 
  0x00, 0xf8, 0x00, 0xf8, 0x00, 0xf8, 0x00, 0xf8, 0x00, 0xf8, 0x00, 0xf8, 0x00, 0xf8, 0x00, 0xf8, 0x00, 0xf8, 0x00, 0xf8, 0x00, 0xf8, 0x00, 0xf8, 0x00, 0xf8, 0x00, 0xf8, 0x00, 0xf8, 0x00, 0xf8, 0x00, 0xf8, 0x00, 0xf8, 
  0x00, 0xf8, 0x00, 0xf8, 0x00, 0xf8, 0x00, 0xf8, 0x00, 0xf8, 0x00, 0xf8, 0x00, 0xf8, 0x00, 0xf8, 0x00, 0xf8, 0x00, 0xf8, 0x00, 0xf8, 0x00, 0xf8, 0x00, 0xf8, 0x00, 0xf8, 0x00, 0xf8, 0x00, 0xf8, 0x00, 0xf8, 0x00, 0xf8, 
  0x00, 0xf8, 0x00, 0xf8, 0x00, 0xf8, 0x00, 0xf8, 0x00, 0xf8, 0x00, 0xf8, 0x00, 0xf8, 0x00, 0xf8, 0x00, 0xf8, 0x00, 0xf8, 0x00, 0xf8, 0x00, 0xf8, 0x00, 0xf8, 0x00, 0xf8, 0x00, 0xf8, 0x00, 0xf8, 0x00, 0xf8, 0x00, 0xf8, 
  0x00, 0xf8, 0x00, 0xf8, 0x00, 0xf8, 0x00, 0xf8, 0x00, 0xf8, 0x00, 0xf8, 0x00, 0xf8, 0x00, 0xf8, 0x00, 0xf8, 0x00, 0xf8, 0x00, 0xf8, 0x00, 0xf8, 0x00, 0xf8, 0x00, 0xf8, 0x00, 0xf8, 0x00, 0xf8, 0x00, 0xf8, 0x00, 0xf8, 
  0x40, 0xf8, 0x40, 0xf8, 0x40, 0xf8, 0x40, 0xf8, 0x40, 0xf8, 0x40, 0xf8, 0x40, 0xf8, 0x40, 0xf8, 0x40, 0xf8, 0x40, 0xf8, 0x40, 0xf8, 0x40, 0xf8, 0x40, 0xf8, 0x40, 0xf8, 0x40, 0xf8, 0x40, 0xf8, 0x40, 0xf8, 0x40, 0xf8, 
  0xa0, 0xf8, 0xa0, 0xf8, 0xa0, 0xf8, 0xa0, 0xf8, 0xa0, 0xf8, 0xa0, 0xf8, 0xa0, 0xf8, 0xa0, 0xf8, 0xa0, 0xf8, 0xa0, 0xf8, 0xa0, 0xf8, 0xa0, 0xf8, 0xa0, 0xf8, 0xa0, 0xf8, 0xa0, 0xf8, 0xa0, 0xf8, 0xa0, 0xf8, 0xa0, 0xf8, 
  0xe0, 0xf8, 0xe0, 0xf8, 0xe0, 0xf8, 0xe0, 0xf8, 0xe0, 0xf8, 0xe0, 0xf8, 0xe0, 0xf8, 0xe0, 0xf8, 0xe0, 0xf8, 0xe0, 0xf8, 0xe0, 0xf8, 0xe0, 0xf8, 0xe0, 0xf8, 0xe0, 0xf8, 0xe0, 0xf8, 0xe0, 0xf8, 0xe0, 0xf8, 0xe0, 0xf8, 
  0x40, 0xf9, 0x40, 0xf9, 0x40, 0xf9, 0x40, 0xf9, 0x40, 0xf9, 0x40, 0xf9, 0x40, 0xf9, 0x40, 0xf9, 0x40, 0xf9, 0x40, 0xf9, 0x40, 0xf9, 0x40, 0xf9, 0x40, 0xf9, 0x40, 0xf9, 0x40, 0xf9, 0x40, 0xf9, 0x40, 0xf9, 0x40, 0xf9, 
  0x80, 0xf9, 0x80, 0xf9, 0x80, 0xf9, 0x80, 0xf9, 0x80, 0xf9, 0x80, 0xf9, 0x80, 0xf9, 0x80, 0xf9, 0x80, 0xf9, 0x80, 0xf9, 0x80, 0xf9, 0x80, 0xf9, 0x80, 0xf9, 0x80, 0xf9, 0x80, 0xf9, 0x80, 0xf9, 0x80, 0xf9, 0x80, 0xf9, 
  0xe0, 0xf9, 0xe0, 0xf9, 0xe0, 0xf9, 0xe0, 0xf9, 0xe0, 0xf9, 0xe0, 0xf9, 0xe0, 0xf9, 0xe0, 0xf9, 0xe0, 0xf9, 0xe0, 0xf9, 0xe0, 0xf9, 0xe0, 0xf9, 0xe0, 0xf9, 0xe0, 0xf9, 0xe0, 0xf9, 0xe0, 0xf9, 0xe0, 0xf9, 0xe0, 0xf9, 
  0x20, 0xfa, 0x20, 0xfa, 0x20, 0xfa, 0x20, 0xfa, 0x20, 0xfa, 0x20, 0xfa, 0x20, 0xfa, 0x20, 0xfa, 0x20, 0xfa, 0x20, 0xfa, 0x20, 0xfa, 0x20, 0xfa, 0x20, 0xfa, 0x20, 0xfa, 0x20, 0xfa, 0x20, 0xfa, 0x20, 0xfa, 0x20, 0xfa, 
  0x80, 0xfa, 0x80, 0xfa, 0x80, 0xfa, 0x80, 0xfa, 0x80, 0xfa, 0x80, 0xfa, 0x80, 0xfa, 0x80, 0xfa, 0x80, 0xfa, 0x80, 0xfa, 0x80, 0xfa, 0x80, 0xfa, 0x80, 0xfa, 0x80, 0xfa, 0x80, 0xfa, 0x80, 0xfa, 0x80, 0xfa, 0x80, 0xfa, 
  0xc0, 0xfa, 0xc0, 0xfa, 0xc0, 0xfa, 0xc0, 0xfa, 0xc0, 0xfa, 0xc0, 0xfa, 0xc0, 0xfa, 0xc0, 0xfa, 0xc0, 0xfa, 0xc0, 0xfa, 0xc0, 0xfa, 0xc0, 0xfa, 0xc0, 0xfa, 0xc0, 0xfa, 0xc0, 0xfa, 0xc0, 0xfa, 0xc0, 0xfa, 0xc0, 0xfa, 
  0x20, 0xfb, 0x20, 0xfb, 0x20, 0xfb, 0x20, 0xfb, 0x20, 0xfb, 0x20, 0xfb, 0x20, 0xfb, 0x20, 0xfb, 0x20, 0xfb, 0x20, 0xfb, 0x20, 0xfb, 0x20, 0xfb, 0x20, 0xfb, 0x20, 0xfb, 0x20, 0xfb, 0x20, 0xfb, 0x20, 0xfb, 0x20, 0xfb, 
  0x60, 0xfb, 0x60, 0xfb, 0x60, 0xfb, 0x60, 0xfb, 0x60, 0xfb, 0x60, 0xfb, 0x60, 0xfb, 0x60, 0xfb, 0x60, 0xfb, 0x60, 0xfb, 0x60, 0xfb, 0x60, 0xfb, 0x60, 0xfb, 0x60, 0xfb, 0x60, 0xfb, 0x60, 0xfb, 0x60, 0xfb, 0x60, 0xfb, 
  0xc0, 0xfb, 0xc0, 0xfb, 0xc0, 0xfb, 0xc0, 0xfb, 0xc0, 0xfb, 0xc0, 0xfb, 0xc0, 0xfb, 0xc0, 0xfb, 0xc0, 0xfb, 0xc0, 0xfb, 0xc0, 0xfb, 0xc0, 0xfb, 0xc0, 0xfb, 0xc0, 0xfb, 0xc0, 0xfb, 0xc0, 0xfb, 0xc0, 0xfb, 0xc0, 0xfb, 
  0x00, 0xfc, 0x00, 0xfc, 0x00, 0xfc, 0x00, 0xfc, 0x00, 0xfc, 0x00, 0xfc, 0x00, 0xfc, 0x00, 0xfc, 0x00, 0xfc, 0x00, 0xfc, 0x00, 0xfc, 0x00, 0xfc, 0x00, 0xfc, 0x00, 0xfc, 0x00, 0xfc, 0x00, 0xfc, 0x00, 0xfc, 0x00, 0xfc, 
  0x60, 0xfc, 0x60, 0xfc, 0x60, 0xfc, 0x60, 0xfc, 0x60, 0xfc, 0x60, 0xfc, 0x60, 0xfc, 0x60, 0xfc, 0x60, 0xfc, 0x60, 0xfc, 0x60, 0xfc, 0x60, 0xfc, 0x60, 0xfc, 0x60, 0xfc, 0x60, 0xfc, 0x60, 0xfc, 0x60, 0xfc, 0x60, 0xfc, 
  0xa0, 0xfc, 0xa0, 0xfc, 0xa0, 0xfc, 0xa0, 0xfc, 0xa0, 0xfc, 0xa0, 0xfc, 0xa0, 0xfc, 0xa0, 0xfc, 0xa0, 0xfc, 0xa0, 0xfc, 0xa0, 0xfc, 0xa0, 0xfc, 0xa0, 0xfc, 0xa0, 0xfc, 0xa0, 0xfc, 0xa0, 0xfc, 0xa0, 0xfc, 0xa0, 0xfc, 
  0x00, 0xfd, 0x00, 0xfd, 0x00, 0xfd, 0x00, 0xfd, 0x00, 0xfd, 0x00, 0xfd, 0x00, 0xfd, 0x00, 0xfd, 0x00, 0xfd, 0x00, 0xfd, 0x00, 0xfd, 0x00, 0xfd, 0x00, 0xfd, 0x00, 0xfd, 0x00, 0xfd, 0x00, 0xfd, 0x00, 0xfd, 0x00, 0xfd, 
  0x40, 0xfd, 0x40, 0xfd, 0x40, 0xfd, 0x40, 0xfd, 0x40, 0xfd, 0x40, 0xfd, 0x40, 0xfd, 0x40, 0xfd, 0x40, 0xfd, 0x40, 0xfd, 0x40, 0xfd, 0x40, 0xfd, 0x40, 0xfd, 0x40, 0xfd, 0x40, 0xfd, 0x40, 0xfd, 0x40, 0xfd, 0x40, 0xfd, 
  0xa0, 0xfd, 0xa0, 0xfd, 0xa0, 0xfd, 0xa0, 0xfd, 0xa0, 0xfd, 0xa0, 0xfd, 0xa0, 0xfd, 0xa0, 0xfd, 0xa0, 0xfd, 0xa0, 0xfd, 0xa0, 0xfd, 0xa0, 0xfd, 0xa0, 0xfd, 0xa0, 0xfd, 0xa0, 0xfd, 0xa0, 0xfd, 0xa0, 0xfd, 0xa0, 0xfd, 
  0xe0, 0xfd, 0xe0, 0xfd, 0xe0, 0xfd, 0xe0, 0xfd, 0xe0, 0xfd, 0xe0, 0xfd, 0xe0, 0xfd, 0xe0, 0xfd, 0xe0, 0xfd, 0xe0, 0xfd, 0xe0, 0xfd, 0xe0, 0xfd, 0xe0, 0xfd, 0xe0, 0xfd, 0xe0, 0xfd, 0xe0, 0xfd, 0xe0, 0xfd, 0xe0, 0xfd, 
  0x40, 0xfe, 0x40, 0xfe, 0x40, 0xfe, 0x40, 0xfe, 0x40, 0xfe, 0x40, 0xfe, 0x40, 0xfe, 0x40, 0xfe, 0x40, 0xfe, 0x40, 0xfe, 0x40, 0xfe, 0x40, 0xfe, 0x40, 0xfe, 0x40, 0xfe, 0x40, 0xfe, 0x40, 0xfe, 0x40, 0xfe, 0x40, 0xfe, 
  0x80, 0xfe, 0x80, 0xfe, 0x80, 0xfe, 0x80, 0xfe, 0x80, 0xfe, 0x80, 0xfe, 0x80, 0xfe, 0x80, 0xfe, 0x80, 0xfe, 0x80, 0xfe, 0x80, 0xfe, 0x80, 0xfe, 0x80, 0xfe, 0x80, 0xfe, 0x80, 0xfe, 0x80, 0xfe, 0x80, 0xfe, 0x80, 0xfe, 
  0xe0, 0xfe, 0xe0, 0xfe, 0xe0, 0xfe, 0xe0, 0xfe, 0xe0, 0xfe, 0xe0, 0xfe, 0xe0, 0xfe, 0xe0, 0xfe, 0xe0, 0xfe, 0xe0, 0xfe, 0xe0, 0xfe, 0xe0, 0xfe, 0xe0, 0xfe, 0xe0, 0xfe, 0xe0, 0xfe, 0xe0, 0xfe, 0xe0, 0xfe, 0xe0, 0xfe, 
  0x20, 0xff, 0x20, 0xff, 0x20, 0xff, 0x20, 0xff, 0x20, 0xff, 0x20, 0xff, 0x20, 0xff, 0x20, 0xff, 0x20, 0xff, 0x20, 0xff, 0x20, 0xff, 0x20, 0xff, 0x20, 0xff, 0x20, 0xff, 0x20, 0xff, 0x20, 0xff, 0x20, 0xff, 0x20, 0xff, 
  0x80, 0xff, 0x80, 0xff, 0x80, 0xff, 0x80, 0xff, 0x80, 0xff, 0x80, 0xff, 0x80, 0xff, 0x80, 0xff, 0x80, 0xff, 0x80, 0xff, 0x80, 0xff, 0x80, 0xff, 0x80, 0xff, 0x80, 0xff, 0x80, 0xff, 0x80, 0xff, 0x80, 0xff, 0x80, 0xff, 
  0x80, 0xff, 0x80, 0xff, 0x80, 0xff, 0x80, 0xff, 0x80, 0xff, 0x80, 0xff, 0x80, 0xff, 0x80, 0xff, 0x80, 0xff, 0x80, 0xff, 0x80, 0xff, 0x80, 0xff, 0x80, 0xff, 0x80, 0xff, 0x80, 0xff, 0x80, 0xff, 0x80, 0xff, 0x80, 0xff, 
  0x80, 0xff, 0x80, 0xff, 0x80, 0xff, 0x80, 0xff, 0x80, 0xff, 0x80, 0xff, 0x80, 0xff, 0x80, 0xff, 0x80, 0xff, 0x80, 0xff, 0x80, 0xff, 0x80, 0xff, 0x80, 0xff, 0x80, 0xff, 0x80, 0xff, 0x80, 0xff, 0x80, 0xff, 0x80, 0xff, 
  0x80, 0xff, 0x80, 0xff, 0x80, 0xff, 0x80, 0xff, 0x80, 0xff, 0x80, 0xff, 0x80, 0xff, 0x80, 0xff, 0x80, 0xff, 0x80, 0xff, 0x80, 0xff, 0x80, 0xff, 0x80, 0xff, 0x80, 0xff, 0x80, 0xff, 0x80, 0xff, 0x80, 0xff, 0x80, 0xff, 
  0x80, 0xff, 0x80, 0xff, 0x80, 0xff, 0x80, 0xff, 0x80, 0xff, 0x80, 0xff, 0x80, 0xff, 0x80, 0xff, 0x80, 0xff, 0x80, 0xff, 0x80, 0xff, 0x80, 0xff, 0x80, 0xff, 0x80, 0xff, 0x80, 0xff, 0x80, 0xff, 0x80, 0xff, 0x80, 0xff, 
  0x80, 0xff, 0x80, 0xff, 0x80, 0xff, 0x80, 0xff, 0x80, 0xff, 0x80, 0xff, 0x80, 0xff, 0x80, 0xff, 0x80, 0xff, 0x80, 0xff, 0x80, 0xff, 0x80, 0xff, 0x80, 0xff, 0x80, 0xff, 0x80, 0xff, 0x80, 0xff, 0x80, 0xff, 0x80, 0xff, 
  0x80, 0xff, 0x80, 0xff, 0x80, 0xff, 0x80, 0xff, 0x80, 0xff, 0x80, 0xff, 0x80, 0xff, 0x80, 0xff, 0x80, 0xff, 0x80, 0xff, 0x80, 0xff, 0x80, 0xff, 0x80, 0xff, 0x80, 0xff, 0x80, 0xff, 0x80, 0xff, 0x80, 0xff, 0x80, 0xff, 
  0x80, 0xff, 0x80, 0xff, 0x80, 0xff, 0x80, 0xff, 0x80, 0xff, 0x80, 0xff, 0x80, 0xff, 0x80, 0xff, 0x80, 0xff, 0x80, 0xff, 0x80, 0xff, 0x80, 0xff, 0x80, 0xff, 0x80, 0xff, 0x80, 0xff, 0x80, 0xff, 0x80, 0xff, 0x80, 0xff, 
  0x80, 0xff, 0x80, 0xff, 0x80, 0xff, 0x80, 0xff, 0x80, 0xff, 0x80, 0xff, 0x80, 0xff, 0x80, 0xff, 0x80, 0xff, 0x80, 0xff, 0x80, 0xff, 0x80, 0xff, 0x80, 0xff, 0x80, 0xff, 0x80, 0xff, 0x80, 0xff, 0x80, 0xff, 0x80, 0xff, 
  0x80, 0xff, 0x80, 0xff, 0x80, 0xff, 0x80, 0xff, 0x80, 0xff, 0x80, 0xff, 0x80, 0xff, 0x80, 0xff, 0x80, 0xff, 0x80, 0xff, 0x80, 0xff, 0x80, 0xff, 0x80, 0xff, 0x80, 0xff, 0x80, 0xff, 0x80, 0xff, 0x80, 0xff, 0x80, 0xff, 
  0x80, 0xff, 0x80, 0xff, 0x80, 0xff, 0x80, 0xff, 0x80, 0xff, 0x80, 0xff, 0x80, 0xff, 0x80, 0xff, 0x80, 0xff, 0x80, 0xff, 0x80, 0xff, 0x80, 0xff, 0x80, 0xff, 0x80, 0xff, 0x80, 0xff, 0x80, 0xff, 0x80, 0xff, 0x80, 0xff, 
  0x80, 0xff, 0x80, 0xff, 0x80, 0xff, 0x80, 0xff, 0x80, 0xff, 0x80, 0xff, 0x80, 0xff, 0x80, 0xff, 0x80, 0xff, 0x80, 0xff, 0x80, 0xff, 0x80, 0xff, 0x80, 0xff, 0x80, 0xff, 0x80, 0xff, 0x80, 0xff, 0x80, 0xff, 0x80, 0xff, 
  0x80, 0xff, 0x80, 0xff, 0x80, 0xff, 0x80, 0xff, 0x80, 0xff, 0x80, 0xff, 0x80, 0xff, 0x80, 0xff, 0x80, 0xff, 0x80, 0xff, 0x80, 0xff, 0x80, 0xff, 0x80, 0xff, 0x80, 0xff, 0x80, 0xff, 0x80, 0xff, 0x80, 0xff, 0x80, 0xff, 
  0x80, 0xff, 0x80, 0xff, 0x80, 0xff, 0x80, 0xff, 0x80, 0xff, 0x80, 0xff, 0x80, 0xff, 0x80, 0xff, 0x80, 0xff, 0x80, 0xff, 0x80, 0xff, 0x80, 0xff, 0x80, 0xff, 0x80, 0xff, 0x80, 0xff, 0x80, 0xff, 0x80, 0xff, 0x80, 0xff, 
  0x80, 0xff, 0x80, 0xff, 0x80, 0xff, 0x80, 0xff, 0x80, 0xff, 0x80, 0xff, 0x80, 0xff, 0x80, 0xff, 0x80, 0xff, 0x80, 0xff, 0x80, 0xff, 0x80, 0xff, 0x80, 0xff, 0x80, 0xff, 0x80, 0xff, 0x80, 0xff, 0x80, 0xff, 0x80, 0xff, 
  0x80, 0xff, 0x80, 0xff, 0x80, 0xff, 0x80, 0xff, 0x80, 0xff, 0x80, 0xff, 0x80, 0xff, 0x80, 0xff, 0x80, 0xff, 0x80, 0xff, 0x80, 0xff, 0x80, 0xff, 0x80, 0xff, 0x80, 0xff, 0x80, 0xff, 0x80, 0xff, 0x80, 0xff, 0x80, 0xff, 
  0x80, 0xff, 0x80, 0xff, 0x80, 0xff, 0x80, 0xff, 0x80, 0xff, 0x80, 0xff, 0x80, 0xff, 0x80, 0xff, 0x80, 0xff, 0x80, 0xff, 0x80, 0xff, 0x80, 0xff, 0x80, 0xff, 0x80, 0xff, 0x80, 0xff, 0x80, 0xff, 0x80, 0xff, 0x80, 0xff, 
  0x80, 0xff, 0x80, 0xff, 0x80, 0xff, 0x80, 0xff, 0x80, 0xff, 0x80, 0xff, 0x80, 0xff, 0x80, 0xff, 0x80, 0xff, 0x80, 0xff, 0x80, 0xff, 0x80, 0xff, 0x80, 0xff, 0x80, 0xff, 0x80, 0xff, 0x80, 0xff, 0x80, 0xff, 0x80, 0xff, 
  0x80, 0xff, 0x80, 0xff, 0x80, 0xff, 0x80, 0xff, 0x80, 0xff, 0x80, 0xff, 0x80, 0xff, 0x80, 0xff, 0x80, 0xff, 0x80, 0xff, 0x80, 0xff, 0x80, 0xff, 0x80, 0xff, 0x80, 0xff, 0x80, 0xff, 0x80, 0xff, 0x80, 0xff, 0x80, 0xff, 
  0x80, 0xff, 0x80, 0xff, 0x80, 0xff, 0x80, 0xff, 0x80, 0xff, 0x80, 0xff, 0x80, 0xff, 0x80, 0xff, 0x80, 0xff, 0x80, 0xff, 0x80, 0xff, 0x80, 0xff, 0x80, 0xff, 0x80, 0xff, 0x80, 0xff, 0x80, 0xff, 0x80, 0xff, 0x80, 0xff, 
  0x80, 0xff, 0x80, 0xff, 0x80, 0xff, 0x80, 0xff, 0x80, 0xff, 0x80, 0xff, 0x80, 0xff, 0x80, 0xff, 0x80, 0xff, 0x80, 0xff, 0x80, 0xff, 0x80, 0xff, 0x80, 0xff, 0x80, 0xff, 0x80, 0xff, 0x80, 0xff, 0x80, 0xff, 0x80, 0xff, 
  0x80, 0xff, 0x80, 0xff, 0x80, 0xff, 0x80, 0xff, 0x80, 0xff, 0x80, 0xff, 0x80, 0xff, 0x80, 0xff, 0x80, 0xff, 0x80, 0xff, 0x80, 0xff, 0x80, 0xff, 0x80, 0xff, 0x80, 0xff, 0x80, 0xff, 0x80, 0xff, 0x80, 0xff, 0x80, 0xff, 
  0x80, 0xff, 0x80, 0xff, 0x80, 0xff, 0x80, 0xff, 0x80, 0xff, 0x80, 0xff, 0x80, 0xff, 0x80, 0xff, 0x80, 0xff, 0x80, 0xff, 0x80, 0xff, 0x80, 0xff, 0x80, 0xff, 0x80, 0xff, 0x80, 0xff, 0x80, 0xff, 0x80, 0xff, 0x80, 0xff, 
  0x80, 0xff, 0x80, 0xff, 0x80, 0xff, 0x80, 0xff, 0x80, 0xff, 0x80, 0xff, 0x80, 0xff, 0x80, 0xff, 0x80, 0xff, 0x80, 0xff, 0x80, 0xff, 0x80, 0xff, 0x80, 0xff, 0x80, 0xff, 0x80, 0xff, 0x80, 0xff, 0x80, 0xff, 0x80, 0xff, 
  0x80, 0xff, 0x80, 0xff, 0x80, 0xff, 0x80, 0xff, 0x80, 0xff, 0x80, 0xff, 0x80, 0xff, 0x80, 0xff, 0x80, 0xff, 0x80, 0xff, 0x80, 0xff, 0x80, 0xff, 0x80, 0xff, 0x80, 0xff, 0x80, 0xff, 0x80, 0xff, 0x80, 0xff, 0x80, 0xff, 
  0x80, 0xff, 0x80, 0xff, 0x80, 0xff, 0x80, 0xff, 0x80, 0xff, 0x80, 0xff, 0x80, 0xff, 0x80, 0xff, 0x80, 0xff, 0x80, 0xff, 0x80, 0xff, 0x80, 0xff, 0x80, 0xff, 0x80, 0xff, 0x80, 0xff, 0x80, 0xff, 0x80, 0xff, 0x80, 0xff, 
  0x80, 0xff, 0x80, 0xff, 0x80, 0xff, 0x80, 0xff, 0x80, 0xff, 0x80, 0xff, 0x80, 0xff, 0x80, 0xff, 0x80, 0xff, 0x80, 0xff, 0x80, 0xff, 0x80, 0xff, 0x80, 0xff, 0x80, 0xff, 0x80, 0xff, 0x80, 0xff, 0x80, 0xff, 0x80, 0xff, 
  0x80, 0xff, 0x80, 0xff, 0x80, 0xff, 0x80, 0xff, 0x80, 0xff, 0x80, 0xff, 0x80, 0xff, 0x80, 0xff, 0x80, 0xff, 0x80, 0xff, 0x80, 0xff, 0x80, 0xff, 0x80, 0xff, 0x80, 0xff, 0x80, 0xff, 0x80, 0xff, 0x80, 0xff, 0x80, 0xff, 
  0x80, 0xff, 0x80, 0xff, 0x80, 0xff, 0x80, 0xff, 0x80, 0xff, 0x80, 0xff, 0x80, 0xff, 0x80, 0xff, 0x80, 0xff, 0x80, 0xff, 0x80, 0xff, 0x80, 0xff, 0x80, 0xff, 0x80, 0xff, 0x80, 0xff, 0x80, 0xff, 0x80, 0xff, 0x80, 0xff, 
  0x80, 0xff, 0x80, 0xff, 0x80, 0xff, 0x80, 0xff, 0x80, 0xff, 0x80, 0xff, 0x80, 0xff, 0x80, 0xff, 0x80, 0xff, 0x80, 0xff, 0x80, 0xff, 0x80, 0xff, 0x80, 0xff, 0x80, 0xff, 0x80, 0xff, 0x80, 0xff, 0x80, 0xff, 0x80, 0xff, 
  0x80, 0xff, 0x80, 0xff, 0x80, 0xff, 0x80, 0xff, 0x80, 0xff, 0x80, 0xff, 0x80, 0xff, 0x80, 0xff, 0x80, 0xff, 0x80, 0xff, 0x80, 0xff, 0x80, 0xff, 0x80, 0xff, 0x80, 0xff, 0x80, 0xff, 0x80, 0xff, 0x80, 0xff, 0x80, 0xff, 
  0x80, 0xff, 0x80, 0xff, 0x80, 0xff, 0x80, 0xff, 0x80, 0xff, 0x80, 0xff, 0x80, 0xff, 0x80, 0xff, 0x80, 0xff, 0x80, 0xff, 0x80, 0xff, 0x80, 0xff, 0x80, 0xff, 0x80, 0xff, 0x80, 0xff, 0x80, 0xff, 0x80, 0xff, 0x80, 0xff, 
  0x80, 0xff, 0x80, 0xff, 0x80, 0xff, 0x80, 0xff, 0x80, 0xff, 0x80, 0xff, 0x80, 0xff, 0x80, 0xff, 0x80, 0xff, 0x80, 0xff, 0x80, 0xff, 0x80, 0xff, 0x80, 0xff, 0x80, 0xff, 0x80, 0xff, 0x80, 0xff, 0x80, 0xff, 0x80, 0xff, 
  0x80, 0xff, 0x80, 0xff, 0x80, 0xff, 0x80, 0xff, 0x80, 0xff, 0x80, 0xff, 0x80, 0xff, 0x80, 0xff, 0x80, 0xff, 0x80, 0xff, 0x80, 0xff, 0x80, 0xff, 0x80, 0xff, 0x80, 0xff, 0x80, 0xff, 0x80, 0xff, 0x80, 0xff, 0x80, 0xff, 
  0x80, 0xff, 0x80, 0xff, 0x80, 0xff, 0x80, 0xff, 0x80, 0xff, 0x80, 0xff, 0x80, 0xff, 0x80, 0xff, 0x80, 0xff, 0x80, 0xff, 0x80, 0xff, 0x80, 0xff, 0x80, 0xff, 0x80, 0xff, 0x80, 0xff, 0x80, 0xff, 0x80, 0xff, 0x80, 0xff, 
  0x80, 0xff, 0x80, 0xff, 0x80, 0xff, 0x80, 0xff, 0x80, 0xff, 0x80, 0xff, 0x80, 0xff, 0x80, 0xff, 0x80, 0xff, 0x80, 0xff, 0x80, 0xff, 0x80, 0xff, 0x80, 0xff, 0x80, 0xff, 0x80, 0xff, 0x80, 0xff, 0x80, 0xff, 0x80, 0xff, 
  0x80, 0xff, 0x80, 0xff, 0x80, 0xff, 0x80, 0xff, 0x80, 0xff, 0x80, 0xff, 0x80, 0xff, 0x80, 0xff, 0x80, 0xff, 0x80, 0xff, 0x80, 0xff, 0x80, 0xff, 0x80, 0xff, 0x80, 0xff, 0x80, 0xff, 0x80, 0xff, 0x80, 0xff, 0x80, 0xff, 
  0x80, 0xff, 0x80, 0xff, 0x80, 0xff, 0x80, 0xff, 0x80, 0xff, 0x80, 0xff, 0x80, 0xff, 0x80, 0xff, 0x80, 0xff, 0x80, 0xff, 0x80, 0xff, 0x80, 0xff, 0x80, 0xff, 0x80, 0xff, 0x80, 0xff, 0x80, 0xff, 0x80, 0xff, 0x80, 0xff, 
  0x80, 0xff, 0x80, 0xff, 0x80, 0xff, 0x80, 0xff, 0x80, 0xff, 0x80, 0xff, 0x80, 0xff, 0x80, 0xff, 0x80, 0xff, 0x80, 0xff, 0x80, 0xff, 0x80, 0xff, 0x80, 0xff, 0x80, 0xff, 0x80, 0xff, 0x80, 0xff, 0x80, 0xff, 0x80, 0xff, 
  0x80, 0xff, 0x80, 0xff, 0x80, 0xff, 0x80, 0xff, 0x80, 0xff, 0x80, 0xff, 0x80, 0xff, 0x80, 0xff, 0x80, 0xff, 0x80, 0xff, 0x80, 0xff, 0x80, 0xff, 0x80, 0xff, 0x80, 0xff, 0x80, 0xff, 0x80, 0xff, 0x80, 0xff, 0x80, 0xff, 
  0x80, 0xff, 0x80, 0xff, 0x80, 0xff, 0x80, 0xff, 0x80, 0xff, 0x80, 0xff, 0x80, 0xff, 0x80, 0xff, 0x80, 0xff, 0x80, 0xff, 0x80, 0xff, 0x80, 0xff, 0x80, 0xff, 0x80, 0xff, 0x80, 0xff, 0x80, 0xff, 0x80, 0xff, 0x80, 0xff, 
  0x80, 0xf7, 0x80, 0xf7, 0x80, 0xf7, 0x80, 0xf7, 0x80, 0xf7, 0x80, 0xf7, 0x80, 0xf7, 0x80, 0xf7, 0x80, 0xf7, 0x80, 0xf7, 0x80, 0xf7, 0x80, 0xf7, 0x80, 0xf7, 0x80, 0xf7, 0x80, 0xf7, 0x80, 0xf7, 0x80, 0xf7, 0x80, 0xf7, 
  0x80, 0xf7, 0x80, 0xf7, 0x80, 0xf7, 0x80, 0xf7, 0x80, 0xf7, 0x80, 0xf7, 0x80, 0xf7, 0x80, 0xf7, 0x80, 0xf7, 0x80, 0xf7, 0x80, 0xf7, 0x80, 0xf7, 0x80, 0xf7, 0x80, 0xf7, 0x80, 0xf7, 0x80, 0xf7, 0x80, 0xf7, 0x80, 0xf7, 
  0x80, 0xf7, 0x80, 0xf7, 0x80, 0xf7, 0x80, 0xf7, 0x80, 0xf7, 0x80, 0xf7, 0x80, 0xf7, 0x80, 0xf7, 0x80, 0xf7, 0x80, 0xf7, 0x80, 0xf7, 0x80, 0xf7, 0x80, 0xf7, 0x80, 0xf7, 0x80, 0xf7, 0x80, 0xf7, 0x80, 0xf7, 0x80, 0xf7, 
  0x80, 0xf7, 0x80, 0xf7, 0x80, 0xf7, 0x80, 0xf7, 0x80, 0xf7, 0x80, 0xf7, 0x80, 0xf7, 0x80, 0xf7, 0x80, 0xf7, 0x80, 0xf7, 0x80, 0xf7, 0x80, 0xf7, 0x80, 0xf7, 0x80, 0xf7, 0x80, 0xf7, 0x80, 0xf7, 0x80, 0xf7, 0x80, 0xf7, 
  0x80, 0xf7, 0x80, 0xf7, 0x80, 0xf7, 0x80, 0xf7, 0x80, 0xf7, 0x80, 0xf7, 0x80, 0xf7, 0x80, 0xf7, 0x80, 0xf7, 0x80, 0xf7, 0x80, 0xf7, 0x80, 0xf7, 0x80, 0xf7, 0x80, 0xf7, 0x80, 0xf7, 0x80, 0xf7, 0x80, 0xf7, 0x80, 0xf7, 
  0x80, 0xef, 0x80, 0xef, 0x80, 0xef, 0x80, 0xef, 0x80, 0xef, 0x80, 0xef, 0x80, 0xef, 0x80, 0xef, 0x80, 0xef, 0x80, 0xef, 0x80, 0xef, 0x80, 0xef, 0x80, 0xef, 0x80, 0xef, 0x80, 0xef, 0x80, 0xef, 0x80, 0xef, 0x80, 0xef, 
  0x80, 0xef, 0x80, 0xef, 0x80, 0xef, 0x80, 0xef, 0x80, 0xef, 0x80, 0xef, 0x80, 0xef, 0x80, 0xef, 0x80, 0xef, 0x80, 0xef, 0x80, 0xef, 0x80, 0xef, 0x80, 0xef, 0x80, 0xef, 0x80, 0xef, 0x80, 0xef, 0x80, 0xef, 0x80, 0xef, 
  0x80, 0xef, 0x80, 0xef, 0x80, 0xef, 0x80, 0xef, 0x80, 0xef, 0x80, 0xef, 0x80, 0xef, 0x80, 0xef, 0x80, 0xef, 0x80, 0xef, 0x80, 0xef, 0x80, 0xef, 0x80, 0xef, 0x80, 0xef, 0x80, 0xef, 0x80, 0xef, 0x80, 0xef, 0x80, 0xef, 
  0x80, 0xef, 0x80, 0xef, 0x80, 0xef, 0x80, 0xef, 0x80, 0xef, 0x80, 0xef, 0x80, 0xef, 0x80, 0xef, 0x80, 0xef, 0x80, 0xef, 0x80, 0xef, 0x80, 0xef, 0x80, 0xef, 0x80, 0xef, 0x80, 0xef, 0x80, 0xef, 0x80, 0xef, 0x80, 0xef, 
  0x80, 0xe7, 0x80, 0xe7, 0x80, 0xe7, 0x80, 0xe7, 0x80, 0xe7, 0x80, 0xe7, 0x80, 0xe7, 0x80, 0xe7, 0x80, 0xe7, 0x80, 0xe7, 0x80, 0xe7, 0x80, 0xe7, 0x80, 0xe7, 0x80, 0xe7, 0x80, 0xe7, 0x80, 0xe7, 0x80, 0xe7, 0x80, 0xe7, 
  0x80, 0xe7, 0x80, 0xe7, 0x80, 0xe7, 0x80, 0xe7, 0x80, 0xe7, 0x80, 0xe7, 0x80, 0xe7, 0x80, 0xe7, 0x80, 0xe7, 0x80, 0xe7, 0x80, 0xe7, 0x80, 0xe7, 0x80, 0xe7, 0x80, 0xe7, 0x80, 0xe7, 0x80, 0xe7, 0x80, 0xe7, 0x80, 0xe7, 
  0x80, 0xe7, 0x80, 0xe7, 0x80, 0xe7, 0x80, 0xe7, 0x80, 0xe7, 0x80, 0xe7, 0x80, 0xe7, 0x80, 0xe7, 0x80, 0xe7, 0x80, 0xe7, 0x80, 0xe7, 0x80, 0xe7, 0x80, 0xe7, 0x80, 0xe7, 0x80, 0xe7, 0x80, 0xe7, 0x80, 0xe7, 0x80, 0xe7, 
  0x80, 0xe7, 0x80, 0xe7, 0x80, 0xe7, 0x80, 0xe7, 0x80, 0xe7, 0x80, 0xe7, 0x80, 0xe7, 0x80, 0xe7, 0x80, 0xe7, 0x80, 0xe7, 0x80, 0xe7, 0x80, 0xe7, 0x80, 0xe7, 0x80, 0xe7, 0x80, 0xe7, 0x80, 0xe7, 0x80, 0xe7, 0x80, 0xe7, 
  0xa0, 0xe7, 0xa0, 0xe7, 0xa0, 0xe7, 0xa0, 0xe7, 0xa0, 0xe7, 0xa0, 0xe7, 0xa0, 0xe7, 0xa0, 0xe7, 0xa0, 0xe7, 0xa0, 0xe7, 0xa0, 0xe7, 0xa0, 0xe7, 0xa0, 0xe7, 0xa0, 0xe7, 0xa0, 0xe7, 0xa0, 0xe7, 0xa0, 0xe7, 0xa0, 0xe7, 
  0xa0, 0xdf, 0xa0, 0xdf, 0xa0, 0xdf, 0xa0, 0xdf, 0xa0, 0xdf, 0xa0, 0xdf, 0xa0, 0xdf, 0xa0, 0xdf, 0xa0, 0xdf, 0xa0, 0xdf, 0xa0, 0xdf, 0xa0, 0xdf, 0xa0, 0xdf, 0xa0, 0xdf, 0xa0, 0xdf, 0xa0, 0xdf, 0xa0, 0xdf, 0xa0, 0xdf, 
  0xa0, 0xdf, 0xa0, 0xdf, 0xa0, 0xdf, 0xa0, 0xdf, 0xa0, 0xdf, 0xa0, 0xdf, 0xa0, 0xdf, 0xa0, 0xdf, 0xa0, 0xdf, 0xa0, 0xdf, 0xa0, 0xdf, 0xa0, 0xdf, 0xa0, 0xdf, 0xa0, 0xdf, 0xa0, 0xdf, 0xa0, 0xdf, 0xa0, 0xdf, 0xa0, 0xdf, 
  0xa0, 0xdf, 0xa0, 0xdf, 0xa0, 0xdf, 0xa0, 0xdf, 0xa0, 0xdf, 0xa0, 0xdf, 0xa0, 0xdf, 0xa0, 0xdf, 0xa0, 0xdf, 0xa0, 0xdf, 0xa0, 0xdf, 0xa0, 0xdf, 0xa0, 0xdf, 0xa0, 0xdf, 0xa0, 0xdf, 0xa0, 0xdf, 0xa0, 0xdf, 0xa0, 0xdf, 
  0xa0, 0xdf, 0xa0, 0xdf, 0xa0, 0xdf, 0xa0, 0xdf, 0xa0, 0xdf, 0xa0, 0xdf, 0xa0, 0xdf, 0xa0, 0xdf, 0xa0, 0xdf, 0xa0, 0xdf, 0xa0, 0xdf, 0xa0, 0xdf, 0xa0, 0xdf, 0xa0, 0xdf, 0xa0, 0xdf, 0xa0, 0xdf, 0xa0, 0xdf, 0xa0, 0xdf, 
  0xa0, 0xdf, 0xa0, 0xdf, 0xa0, 0xdf, 0xa0, 0xdf, 0xa0, 0xdf, 0xa0, 0xdf, 0xa0, 0xdf, 0xa0, 0xdf, 0xa0, 0xdf, 0xa0, 0xdf, 0xa0, 0xdf, 0xa0, 0xdf, 0xa0, 0xdf, 0xa0, 0xdf, 0xa0, 0xdf, 0xa0, 0xdf, 0xa0, 0xdf, 0xa0, 0xdf, 
  0xa0, 0xd7, 0xa0, 0xd7, 0xa0, 0xd7, 0xa0, 0xd7, 0xa0, 0xd7, 0xa0, 0xd7, 0xa0, 0xd7, 0xa0, 0xd7, 0xa0, 0xd7, 0xa0, 0xd7, 0xa0, 0xd7, 0xa0, 0xd7, 0xa0, 0xd7, 0xa0, 0xd7, 0xa0, 0xd7, 0xa0, 0xd7, 0xa0, 0xd7, 0xa0, 0xd7, 
  0xa0, 0xd7, 0xa0, 0xd7, 0xa0, 0xd7, 0xa0, 0xd7, 0xa0, 0xd7, 0xa0, 0xd7, 0xa0, 0xd7, 0xa0, 0xd7, 0xa0, 0xd7, 0xa0, 0xd7, 0xa0, 0xd7, 0xa0, 0xd7, 0xa0, 0xd7, 0xa0, 0xd7, 0xa0, 0xd7, 0xa0, 0xd7, 0xa0, 0xd7, 0xa0, 0xd7, 
  0xa0, 0xd7, 0xa0, 0xd7, 0xa0, 0xd7, 0xa0, 0xd7, 0xa0, 0xd7, 0xa0, 0xd7, 0xa0, 0xd7, 0xa0, 0xd7, 0xa0, 0xd7, 0xa0, 0xd7, 0xa0, 0xd7, 0xa0, 0xd7, 0xa0, 0xd7, 0xa0, 0xd7, 0xa0, 0xd7, 0xa0, 0xd7, 0xa0, 0xd7, 0xa0, 0xd7, 
  0xa0, 0xd7, 0xa0, 0xd7, 0xa0, 0xd7, 0xa0, 0xd7, 0xa0, 0xd7, 0xa0, 0xd7, 0xa0, 0xd7, 0xa0, 0xd7, 0xa0, 0xd7, 0xa0, 0xd7, 0xa0, 0xd7, 0xa0, 0xd7, 0xa0, 0xd7, 0xa0, 0xd7, 0xa0, 0xd7, 0xa0, 0xd7, 0xa0, 0xd7, 0xa0, 0xd7, 
  0xa0, 0xcf, 0xa0, 0xcf, 0xa0, 0xcf, 0xa0, 0xcf, 0xa0, 0xcf, 0xa0, 0xcf, 0xa0, 0xcf, 0xa0, 0xcf, 0xa0, 0xcf, 0xa0, 0xcf, 0xa0, 0xcf, 0xa0, 0xcf, 0xa0, 0xcf, 0xa0, 0xcf, 0xa0, 0xcf, 0xa0, 0xcf, 0xa0, 0xcf, 0xa0, 0xcf, 
  0xa0, 0xcf, 0xa0, 0xcf, 0xa0, 0xcf, 0xa0, 0xcf, 0xa0, 0xcf, 0xa0, 0xcf, 0xa0, 0xcf, 0xa0, 0xcf, 0xa0, 0xcf, 0xa0, 0xcf, 0xa0, 0xcf, 0xa0, 0xcf, 0xa0, 0xcf, 0xa0, 0xcf, 0xa0, 0xcf, 0xa0, 0xcf, 0xa0, 0xcf, 0xa0, 0xcf, 
  0xa0, 0xcf, 0xa0, 0xcf, 0xa0, 0xcf, 0xa0, 0xcf, 0xa0, 0xcf, 0xa0, 0xcf, 0xa0, 0xcf, 0xa0, 0xcf, 0xa0, 0xcf, 0xa0, 0xcf, 0xa0, 0xcf, 0xa0, 0xcf, 0xa0, 0xcf, 0xa0, 0xcf, 0xa0, 0xcf, 0xa0, 0xcf, 0xa0, 0xcf, 0xa0, 0xcf, 
  0xa0, 0xcf, 0xa0, 0xcf, 0xa0, 0xcf, 0xa0, 0xcf, 0xa0, 0xcf, 0xa0, 0xcf, 0xa0, 0xcf, 0xa0, 0xcf, 0xa0, 0xcf, 0xa0, 0xcf, 0xa0, 0xcf, 0xa0, 0xcf, 0xa0, 0xcf, 0xa0, 0xcf, 0xa0, 0xcf, 0xa0, 0xcf, 0xa0, 0xcf, 0xa0, 0xcf, 
  0xa0, 0xcf, 0xa0, 0xcf, 0xa0, 0xcf, 0xa0, 0xcf, 0xa0, 0xcf, 0xa0, 0xcf, 0xa0, 0xcf, 0xa0, 0xcf, 0xa0, 0xcf, 0xa0, 0xcf, 0xa0, 0xcf, 0xa0, 0xcf, 0xa0, 0xcf, 0xa0, 0xcf, 0xa0, 0xcf, 0xa0, 0xcf, 0xa0, 0xcf, 0xa0, 0xcf, 
  0xa0, 0xc7, 0xa0, 0xc7, 0xa0, 0xc7, 0xa0, 0xc7, 0xa0, 0xc7, 0xa0, 0xc7, 0xa0, 0xc7, 0xa0, 0xc7, 0xa0, 0xc7, 0xa0, 0xc7, 0xa0, 0xc7, 0xa0, 0xc7, 0xa0, 0xc7, 0xa0, 0xc7, 0xa0, 0xc7, 0xa0, 0xc7, 0xa0, 0xc7, 0xa0, 0xc7, 
  0xa0, 0xc7, 0xa0, 0xc7, 0xa0, 0xc7, 0xa0, 0xc7, 0xa0, 0xc7, 0xa0, 0xc7, 0xa0, 0xc7, 0xa0, 0xc7, 0xa0, 0xc7, 0xa0, 0xc7, 0xa0, 0xc7, 0xa0, 0xc7, 0xa0, 0xc7, 0xa0, 0xc7, 0xa0, 0xc7, 0xa0, 0xc7, 0xa0, 0xc7, 0xa0, 0xc7, 
  0xa0, 0xc7, 0xa0, 0xc7, 0xa0, 0xc7, 0xa0, 0xc7, 0xa0, 0xc7, 0xa0, 0xc7, 0xa0, 0xc7, 0xa0, 0xc7, 0xa0, 0xc7, 0xa0, 0xc7, 0xa0, 0xc7, 0xa0, 0xc7, 0xa0, 0xc7, 0xa0, 0xc7, 0xa0, 0xc7, 0xa0, 0xc7, 0xa0, 0xc7, 0xa0, 0xc7, 
  0xa0, 0xc7, 0xa0, 0xc7, 0xa0, 0xc7, 0xa0, 0xc7, 0xa0, 0xc7, 0xa0, 0xc7, 0xa0, 0xc7, 0xa0, 0xc7, 0xa0, 0xc7, 0xa0, 0xc7, 0xa0, 0xc7, 0xa0, 0xc7, 0xa0, 0xc7, 0xa0, 0xc7, 0xa0, 0xc7, 0xa0, 0xc7, 0xa0, 0xc7, 0xa0, 0xc7, 
  0xa0, 0xbf, 0xa0, 0xbf, 0xa0, 0xbf, 0xa0, 0xbf, 0xa0, 0xbf, 0xa0, 0xbf, 0xa0, 0xbf, 0xa0, 0xbf, 0xa0, 0xbf, 0xa0, 0xbf, 0xa0, 0xbf, 0xa0, 0xbf, 0xa0, 0xbf, 0xa0, 0xbf, 0xa0, 0xbf, 0xa0, 0xbf, 0xa0, 0xbf, 0xa0, 0xbf, 
  0xa0, 0xbf, 0xa0, 0xbf, 0xa0, 0xbf, 0xa0, 0xbf, 0xa0, 0xbf, 0xa0, 0xbf, 0xa0, 0xbf, 0xa0, 0xbf, 0xa0, 0xbf, 0xa0, 0xbf, 0xa0, 0xbf, 0xa0, 0xbf, 0xa0, 0xbf, 0xa0, 0xbf, 0xa0, 0xbf, 0xa0, 0xbf, 0xa0, 0xbf, 0xa0, 0xbf, 
  0xa0, 0xbf, 0xa0, 0xbf, 0xa0, 0xbf, 0xa0, 0xbf, 0xa0, 0xbf, 0xa0, 0xbf, 0xa0, 0xbf, 0xa0, 0xbf, 0xa0, 0xbf, 0xa0, 0xbf, 0xa0, 0xbf, 0xa0, 0xbf, 0xa0, 0xbf, 0xa0, 0xbf, 0xa0, 0xbf, 0xa0, 0xbf, 0xa0, 0xbf, 0xa0, 0xbf, 
  0xa0, 0xbf, 0xa0, 0xbf, 0xa0, 0xbf, 0xa0, 0xbf, 0xa0, 0xbf, 0xa0, 0xbf, 0xa0, 0xbf, 0xa0, 0xbf, 0xa0, 0xbf, 0xa0, 0xbf, 0xa0, 0xbf, 0xa0, 0xbf, 0xa0, 0xbf, 0xa0, 0xbf, 0xa0, 0xbf, 0xa0, 0xbf, 0xa0, 0xbf, 0xa0, 0xbf, 
  0xa0, 0xbf, 0xa0, 0xbf, 0xa0, 0xbf, 0xa0, 0xbf, 0xa0, 0xbf, 0xa0, 0xbf, 0xa0, 0xbf, 0xa0, 0xbf, 0xa0, 0xbf, 0xa0, 0xbf, 0xa0, 0xbf, 0xa0, 0xbf, 0xa0, 0xbf, 0xa0, 0xbf, 0xa0, 0xbf, 0xa0, 0xbf, 0xa0, 0xbf, 0xa0, 0xbf, 
  0xa0, 0xb7, 0xa0, 0xb7, 0xa0, 0xb7, 0xa0, 0xb7, 0xa0, 0xb7, 0xa0, 0xb7, 0xa0, 0xb7, 0xa0, 0xb7, 0xa0, 0xb7, 0xa0, 0xb7, 0xa0, 0xb7, 0xa0, 0xb7, 0xa0, 0xb7, 0xa0, 0xb7, 0xa0, 0xb7, 0xa0, 0xb7, 0xa0, 0xb7, 0xa0, 0xb7, 
  0xa0, 0xb7, 0xa0, 0xb7, 0xa0, 0xb7, 0xa0, 0xb7, 0xa0, 0xb7, 0xa0, 0xb7, 0xa0, 0xb7, 0xa0, 0xb7, 0xa0, 0xb7, 0xa0, 0xb7, 0xa0, 0xb7, 0xa0, 0xb7, 0xa0, 0xb7, 0xa0, 0xb7, 0xa0, 0xb7, 0xa0, 0xb7, 0xa0, 0xb7, 0xa0, 0xb7, 
  0xa0, 0xb7, 0xa0, 0xb7, 0xa0, 0xb7, 0xa0, 0xb7, 0xa0, 0xb7, 0xa0, 0xb7, 0xa0, 0xb7, 0xa0, 0xb7, 0xa0, 0xb7, 0xa0, 0xb7, 0xa0, 0xb7, 0xa0, 0xb7, 0xa0, 0xb7, 0xa0, 0xb7, 0xa0, 0xb7, 0xa0, 0xb7, 0xa0, 0xb7, 0xa0, 0xb7, 
  0xa0, 0xb7, 0xa0, 0xb7, 0xa0, 0xb7, 0xa0, 0xb7, 0xa0, 0xb7, 0xa0, 0xb7, 0xa0, 0xb7, 0xa0, 0xb7, 0xa0, 0xb7, 0xa0, 0xb7, 0xa0, 0xb7, 0xa0, 0xb7, 0xa0, 0xb7, 0xa0, 0xb7, 0xa0, 0xb7, 0xa0, 0xb7, 0xa0, 0xb7, 0xa0, 0xb7, 
  0xa0, 0xaf, 0xa0, 0xaf, 0xa0, 0xaf, 0xa0, 0xaf, 0xa0, 0xaf, 0xa0, 0xaf, 0xa0, 0xaf, 0xa0, 0xaf, 0xa0, 0xaf, 0xa0, 0xaf, 0xa0, 0xaf, 0xa0, 0xaf, 0xa0, 0xaf, 0xa0, 0xaf, 0xa0, 0xaf, 0xa0, 0xaf, 0xa0, 0xaf, 0xa0, 0xaf, 
  0xa0, 0xaf, 0xa0, 0xaf, 0xa0, 0xaf, 0xa0, 0xaf, 0xa0, 0xaf, 0xa0, 0xaf, 0xa0, 0xaf, 0xa0, 0xaf, 0xa0, 0xaf, 0xa0, 0xaf, 0xa0, 0xaf, 0xa0, 0xaf, 0xa0, 0xaf, 0xa0, 0xaf, 0xa0, 0xaf, 0xa0, 0xaf, 0xa0, 0xaf, 0xa0, 0xaf, 
  0xa0, 0xaf, 0xa0, 0xaf, 0xa0, 0xaf, 0xa0, 0xaf, 0xa0, 0xaf, 0xa0, 0xaf, 0xa0, 0xaf, 0xa0, 0xaf, 0xa0, 0xaf, 0xa0, 0xaf, 0xa0, 0xaf, 0xa0, 0xaf, 0xa0, 0xaf, 0xa0, 0xaf, 0xa0, 0xaf, 0xa0, 0xaf, 0xa0, 0xaf, 0xa0, 0xaf, 
  0xa0, 0xaf, 0xa0, 0xaf, 0xa0, 0xaf, 0xa0, 0xaf, 0xa0, 0xaf, 0xa0, 0xaf, 0xa0, 0xaf, 0xa0, 0xaf, 0xa0, 0xaf, 0xa0, 0xaf, 0xa0, 0xaf, 0xa0, 0xaf, 0xa0, 0xaf, 0xa0, 0xaf, 0xa0, 0xaf, 0xa0, 0xaf, 0xa0, 0xaf, 0xa0, 0xaf, 
  0xa0, 0xaf, 0xa0, 0xaf, 0xa0, 0xaf, 0xa0, 0xaf, 0xa0, 0xaf, 0xa0, 0xaf, 0xa0, 0xaf, 0xa0, 0xaf, 0xa0, 0xaf, 0xa0, 0xaf, 0xa0, 0xaf, 0xa0, 0xaf, 0xa0, 0xaf, 0xa0, 0xaf, 0xa0, 0xaf, 0xa0, 0xaf, 0xa0, 0xaf, 0xa0, 0xaf, 
  0xa0, 0xa7, 0xa0, 0xa7, 0xa0, 0xa7, 0xa0, 0xa7, 0xa0, 0xa7, 0xa0, 0xa7, 0xa0, 0xa7, 0xa0, 0xa7, 0xa0, 0xa7, 0xa0, 0xa7, 0xa0, 0xa7, 0xa0, 0xa7, 0xa0, 0xa7, 0xa0, 0xa7, 0xa0, 0xa7, 0xa0, 0xa7, 0xa0, 0xa7, 0xa0, 0xa7, 
  0xa0, 0xa7, 0xa0, 0xa7, 0xa0, 0xa7, 0xa0, 0xa7, 0xa0, 0xa7, 0xa0, 0xa7, 0xa0, 0xa7, 0xa0, 0xa7, 0xa0, 0xa7, 0xa0, 0xa7, 0xa0, 0xa7, 0xa0, 0xa7, 0xa0, 0xa7, 0xa0, 0xa7, 0xa0, 0xa7, 0xa0, 0xa7, 0xa0, 0xa7, 0xa0, 0xa7, 
  0xa0, 0xa7, 0xa0, 0xa7, 0xa0, 0xa7, 0xa0, 0xa7, 0xa0, 0xa7, 0xa0, 0xa7, 0xa0, 0xa7, 0xa0, 0xa7, 0xa0, 0xa7, 0xa0, 0xa7, 0xa0, 0xa7, 0xa0, 0xa7, 0xa0, 0xa7, 0xa0, 0xa7, 0xa0, 0xa7, 0xa0, 0xa7, 0xa0, 0xa7, 0xa0, 0xa7, 
  0xa0, 0xa7, 0xa0, 0xa7, 0xa0, 0xa7, 0xa0, 0xa7, 0xa0, 0xa7, 0xa0, 0xa7, 0xa0, 0xa7, 0xa0, 0xa7, 0xa0, 0xa7, 0xa0, 0xa7, 0xa0, 0xa7, 0xa0, 0xa7, 0xa0, 0xa7, 0xa0, 0xa7, 0xa0, 0xa7, 0xa0, 0xa7, 0xa0, 0xa7, 0xa0, 0xa7, 
  0xa0, 0x9f, 0xa0, 0x9f, 0xa0, 0x9f, 0xa0, 0x9f, 0xa0, 0x9f, 0xa0, 0x9f, 0xa0, 0x9f, 0xa0, 0x9f, 0xa0, 0x9f, 0xa0, 0x9f, 0xa0, 0x9f, 0xa0, 0x9f, 0xa0, 0x9f, 0xa0, 0x9f, 0xa0, 0x9f, 0xa0, 0x9f, 0xa0, 0x9f, 0xa0, 0x9f, 
  0xc0, 0x9f, 0xc0, 0x9f, 0xc0, 0x9f, 0xc0, 0x9f, 0xc0, 0x9f, 0xc0, 0x9f, 0xc0, 0x9f, 0xc0, 0x9f, 0xc0, 0x9f, 0xc0, 0x9f, 0xc0, 0x9f, 0xc0, 0x9f, 0xc0, 0x9f, 0xc0, 0x9f, 0xc0, 0x9f, 0xc0, 0x9f, 0xc0, 0x9f, 0xc0, 0x9f, 
  0xc0, 0x9f, 0xc0, 0x9f, 0xc0, 0x9f, 0xc0, 0x9f, 0xc0, 0x9f, 0xc0, 0x9f, 0xc0, 0x9f, 0xc0, 0x9f, 0xc0, 0x9f, 0xc0, 0x9f, 0xc0, 0x9f, 0xc0, 0x9f, 0xc0, 0x9f, 0xc0, 0x9f, 0xc0, 0x9f, 0xc0, 0x9f, 0xc0, 0x9f, 0xc0, 0x9f, 
  0xc0, 0x9f, 0xc0, 0x9f, 0xc0, 0x9f, 0xc0, 0x9f, 0xc0, 0x9f, 0xc0, 0x9f, 0xc0, 0x9f, 0xc0, 0x9f, 0xc0, 0x9f, 0xc0, 0x9f, 0xc0, 0x9f, 0xc0, 0x9f, 0xc0, 0x9f, 0xc0, 0x9f, 0xc0, 0x9f, 0xc0, 0x9f, 0xc0, 0x9f, 0xc0, 0x9f, 
  0xc0, 0x9f, 0xc0, 0x9f, 0xc0, 0x9f, 0xc0, 0x9f, 0xc0, 0x9f, 0xc0, 0x9f, 0xc0, 0x9f, 0xc0, 0x9f, 0xc0, 0x9f, 0xc0, 0x9f, 0xc0, 0x9f, 0xc0, 0x9f, 0xc0, 0x9f, 0xc0, 0x9f, 0xc0, 0x9f, 0xc0, 0x9f, 0xc0, 0x9f, 0xc0, 0x9f, 
  0xc0, 0x97, 0xc0, 0x97, 0xc0, 0x97, 0xc0, 0x97, 0xc0, 0x97, 0xc0, 0x97, 0xc0, 0x97, 0xc0, 0x97, 0xc0, 0x97, 0xc0, 0x97, 0xc0, 0x97, 0xc0, 0x97, 0xc0, 0x97, 0xc0, 0x97, 0xc0, 0x97, 0xc0, 0x97, 0xc0, 0x97, 0xc0, 0x97, 
  0xc0, 0x97, 0xc0, 0x97, 0xc0, 0x97, 0xc0, 0x97, 0xc0, 0x97, 0xc0, 0x97, 0xc0, 0x97, 0xc0, 0x97, 0xc0, 0x97, 0xc0, 0x97, 0xc0, 0x97, 0xc0, 0x97, 0xc0, 0x97, 0xc0, 0x97, 0xc0, 0x97, 0xc0, 0x97, 0xc0, 0x97, 0xc0, 0x97, 
  0xc0, 0x97, 0xc0, 0x97, 0xc0, 0x97, 0xc0, 0x97, 0xc0, 0x97, 0xc0, 0x97, 0xc0, 0x97, 0xc0, 0x97, 0xc0, 0x97, 0xc0, 0x97, 0xc0, 0x97, 0xc0, 0x97, 0xc0, 0x97, 0xc0, 0x97, 0xc0, 0x97, 0xc0, 0x97, 0xc0, 0x97, 0xc0, 0x97, 
  0xc0, 0x97, 0xc0, 0x97, 0xc0, 0x97, 0xc0, 0x97, 0xc0, 0x97, 0xc0, 0x97, 0xc0, 0x97, 0xc0, 0x97, 0xc0, 0x97, 0xc0, 0x97, 0xc0, 0x97, 0xc0, 0x97, 0xc0, 0x97, 0xc0, 0x97, 0xc0, 0x97, 0xc0, 0x97, 0xc0, 0x97, 0xc0, 0x97, 
  0xc0, 0x8f, 0xc0, 0x8f, 0xc0, 0x8f, 0xc0, 0x8f, 0xc0, 0x8f, 0xc0, 0x8f, 0xc0, 0x8f, 0xc0, 0x8f, 0xc0, 0x8f, 0xc0, 0x8f, 0xc0, 0x8f, 0xc0, 0x8f, 0xc0, 0x8f, 0xc0, 0x8f, 0xc0, 0x8f, 0xc0, 0x8f, 0xc0, 0x8f, 0xc0, 0x8f, 
  0xc0, 0x8f, 0xc0, 0x8f, 0xc0, 0x8f, 0xc0, 0x8f, 0xc0, 0x8f, 0xc0, 0x8f, 0xc0, 0x8f, 0xc0, 0x8f, 0xc0, 0x8f, 0xc0, 0x8f, 0xc0, 0x8f, 0xc0, 0x8f, 0xc0, 0x8f, 0xc0, 0x8f, 0xc0, 0x8f, 0xc0, 0x8f, 0xc0, 0x8f, 0xc0, 0x8f, 
  0xc0, 0x8f, 0xc0, 0x8f, 0xc0, 0x8f, 0xc0, 0x8f, 0xc0, 0x8f, 0xc0, 0x8f, 0xc0, 0x8f, 0xc0, 0x8f, 0xc0, 0x8f, 0xc0, 0x8f, 0xc0, 0x8f, 0xc0, 0x8f, 0xc0, 0x8f, 0xc0, 0x8f, 0xc0, 0x8f, 0xc0, 0x8f, 0xc0, 0x8f, 0xc0, 0x8f, 
  0xc0, 0x8f, 0xc0, 0x8f, 0xc0, 0x8f, 0xc0, 0x8f, 0xc0, 0x8f, 0xc0, 0x8f, 0xc0, 0x8f, 0xc0, 0x8f, 0xc0, 0x8f, 0xc0, 0x8f, 0xc0, 0x8f, 0xc0, 0x8f, 0xc0, 0x8f, 0xc0, 0x8f, 0xc0, 0x8f, 0xc0, 0x8f, 0xc0, 0x8f, 0xc0, 0x8f, 
  0xc0, 0x8f, 0xc0, 0x8f, 0xc0, 0x8f, 0xc0, 0x8f, 0xc0, 0x8f, 0xc0, 0x8f, 0xc0, 0x8f, 0xc0, 0x8f, 0xc0, 0x8f, 0xc0, 0x8f, 0xc0, 0x8f, 0xc0, 0x8f, 0xc0, 0x8f, 0xc0, 0x8f, 0xc0, 0x8f, 0xc0, 0x8f, 0xc0, 0x8f, 0xc0, 0x8f, 
  0xc0, 0x87, 0xc0, 0x87, 0xc0, 0x87, 0xc0, 0x87, 0xc0, 0x87, 0xc0, 0x87, 0xc0, 0x87, 0xc0, 0x87, 0xc0, 0x87, 0xc0, 0x87, 0xc0, 0x87, 0xc0, 0x87, 0xc0, 0x87, 0xc0, 0x87, 0xc0, 0x87, 0xc0, 0x87, 0xc0, 0x87, 0xc0, 0x87, 
  0xc0, 0x87, 0xc0, 0x87, 0xc0, 0x87, 0xc0, 0x87, 0xc0, 0x87, 0xc0, 0x87, 0xc0, 0x87, 0xc0, 0x87, 0xc0, 0x87, 0xc0, 0x87, 0xc0, 0x87, 0xc0, 0x87, 0xc0, 0x87, 0xc0, 0x87, 0xc0, 0x87, 0xc0, 0x87, 0xc0, 0x87, 0xc0, 0x87, 
  0xc0, 0x87, 0xc0, 0x87, 0xc0, 0x87, 0xc0, 0x87, 0xc0, 0x87, 0xc0, 0x87, 0xc0, 0x87, 0xc0, 0x87, 0xc0, 0x87, 0xc0, 0x87, 0xc0, 0x87, 0xc0, 0x87, 0xc0, 0x87, 0xc0, 0x87, 0xc0, 0x87, 0xc0, 0x87, 0xc0, 0x87, 0xc0, 0x87, 
  0xc0, 0x87, 0xc0, 0x87, 0xc0, 0x87, 0xc0, 0x87, 0xc0, 0x87, 0xc0, 0x87, 0xc0, 0x87, 0xc0, 0x87, 0xc0, 0x87, 0xc0, 0x87, 0xc0, 0x87, 0xc0, 0x87, 0xc0, 0x87, 0xc0, 0x87, 0xc0, 0x87, 0xc0, 0x87, 0xc0, 0x87, 0xc0, 0x87, 
  0xc0, 0x87, 0xc0, 0x87, 0xc0, 0x87, 0xc0, 0x87, 0xc0, 0x87, 0xc0, 0x87, 0xc0, 0x87, 0xc0, 0x87, 0xc0, 0x87, 0xc0, 0x87, 0xc0, 0x87, 0xc0, 0x87, 0xc0, 0x87, 0xc0, 0x87, 0xc0, 0x87, 0xc0, 0x87, 0xc0, 0x87, 0xc0, 0x87, 
  0xc0, 0x7f, 0xc0, 0x7f, 0xc0, 0x7f, 0xc0, 0x7f, 0xc0, 0x7f, 0xc0, 0x7f, 0xc0, 0x7f, 0xc0, 0x7f, 0xc0, 0x7f, 0xc0, 0x7f, 0xc0, 0x7f, 0xc0, 0x7f, 0xc0, 0x7f, 0xc0, 0x7f, 0xc0, 0x7f, 0xc0, 0x7f, 0xc0, 0x7f, 0xc0, 0x7f, 
  0xc0, 0x7f, 0xc0, 0x7f, 0xc0, 0x7f, 0xc0, 0x7f, 0xc0, 0x7f, 0xc0, 0x7f, 0xc0, 0x7f, 0xc0, 0x7f, 0xc0, 0x7f, 0xc0, 0x7f, 0xc0, 0x7f, 0xc0, 0x7f, 0xc0, 0x7f, 0xc0, 0x7f, 0xc0, 0x7f, 0xc0, 0x7f, 0xc0, 0x7f, 0xc0, 0x7f, 
  0xc0, 0x7f, 0xc0, 0x7f, 0xc0, 0x7f, 0xc0, 0x7f, 0xc0, 0x7f, 0xc0, 0x7f, 0xc0, 0x7f, 0xc0, 0x7f, 0xc0, 0x7f, 0xc0, 0x7f, 0xc0, 0x7f, 0xc0, 0x7f, 0xc0, 0x7f, 0xc0, 0x7f, 0xc0, 0x7f, 0xc0, 0x7f, 0xc0, 0x7f, 0xc0, 0x7f, 
  0xc0, 0x7f, 0xc0, 0x7f, 0xc0, 0x7f, 0xc0, 0x7f, 0xc0, 0x7f, 0xc0, 0x7f, 0xc0, 0x7f, 0xc0, 0x7f, 0xc0, 0x7f, 0xc0, 0x7f, 0xc0, 0x7f, 0xc0, 0x7f, 0xc0, 0x7f, 0xc0, 0x7f, 0xc0, 0x7f, 0xc0, 0x7f, 0xc0, 0x7f, 0xc0, 0x7f, 
  0xc0, 0x77, 0xc0, 0x77, 0xc0, 0x77, 0xc0, 0x77, 0xc0, 0x77, 0xc0, 0x77, 0xc0, 0x77, 0xc0, 0x77, 0xc0, 0x77, 0xc0, 0x77, 0xc0, 0x77, 0xc0, 0x77, 0xc0, 0x77, 0xc0, 0x77, 0xc0, 0x77, 0xc0, 0x77, 0xc0, 0x77, 0xc0, 0x77, 
  0xc0, 0x77, 0xc0, 0x77, 0xc0, 0x77, 0xc0, 0x77, 0xc0, 0x77, 0xc0, 0x77, 0xc0, 0x77, 0xc0, 0x77, 0xc0, 0x77, 0xc0, 0x77, 0xc0, 0x77, 0xc0, 0x77, 0xc0, 0x77, 0xc0, 0x77, 0xc0, 0x77, 0xc0, 0x77, 0xc0, 0x77, 0xc0, 0x77, 
  0xc0, 0x77, 0xc0, 0x77, 0xc0, 0x77, 0xc0, 0x77, 0xc0, 0x77, 0xc0, 0x77, 0xc0, 0x77, 0xc0, 0x77, 0xc0, 0x77, 0xc0, 0x77, 0xc0, 0x77, 0xc0, 0x77, 0xc0, 0x77, 0xc0, 0x77, 0xc0, 0x77, 0xc0, 0x77, 0xc0, 0x77, 0xc0, 0x77, 
  0xc0, 0x77, 0xc0, 0x77, 0xc0, 0x77, 0xc0, 0x77, 0xc0, 0x77, 0xc0, 0x77, 0xc0, 0x77, 0xc0, 0x77, 0xc0, 0x77, 0xc0, 0x77, 0xc0, 0x77, 0xc0, 0x77, 0xc0, 0x77, 0xc0, 0x77, 0xc0, 0x77, 0xc0, 0x77, 0xc0, 0x77, 0xc0, 0x77, 
  0xc0, 0x77, 0xc0, 0x77, 0xc0, 0x77, 0xc0, 0x77, 0xc0, 0x77, 0xc0, 0x77, 0xc0, 0x77, 0xc0, 0x77, 0xc0, 0x77, 0xc0, 0x77, 0xc0, 0x77, 0xc0, 0x77, 0xc0, 0x77, 0xc0, 0x77, 0xc0, 0x77, 0xc0, 0x77, 0xc0, 0x77, 0xc0, 0x77, 
  0xc0, 0x6f, 0xc0, 0x6f, 0xc0, 0x6f, 0xc0, 0x6f, 0xc0, 0x6f, 0xc0, 0x6f, 0xc0, 0x6f, 0xc0, 0x6f, 0xc0, 0x6f, 0xc0, 0x6f, 0xc0, 0x6f, 0xc0, 0x6f, 0xc0, 0x6f, 0xc0, 0x6f, 0xc0, 0x6f, 0xc0, 0x6f, 0xc0, 0x6f, 0xc0, 0x6f, 
  0xc0, 0x6f, 0xc0, 0x6f, 0xc0, 0x6f, 0xc0, 0x6f, 0xc0, 0x6f, 0xc0, 0x6f, 0xc0, 0x6f, 0xc0, 0x6f, 0xc0, 0x6f, 0xc0, 0x6f, 0xc0, 0x6f, 0xc0, 0x6f, 0xc0, 0x6f, 0xc0, 0x6f, 0xc0, 0x6f, 0xc0, 0x6f, 0xc0, 0x6f, 0xc0, 0x6f, 
  0xc0, 0x6f, 0xc0, 0x6f, 0xc0, 0x6f, 0xc0, 0x6f, 0xc0, 0x6f, 0xc0, 0x6f, 0xc0, 0x6f, 0xc0, 0x6f, 0xc0, 0x6f, 0xc0, 0x6f, 0xc0, 0x6f, 0xc0, 0x6f, 0xc0, 0x6f, 0xc0, 0x6f, 0xc0, 0x6f, 0xc0, 0x6f, 0xc0, 0x6f, 0xc0, 0x6f, 
  0xc0, 0x6f, 0xc0, 0x6f, 0xc0, 0x6f, 0xc0, 0x6f, 0xc0, 0x6f, 0xc0, 0x6f, 0xc0, 0x6f, 0xc0, 0x6f, 0xc0, 0x6f, 0xc0, 0x6f, 0xc0, 0x6f, 0xc0, 0x6f, 0xc0, 0x6f, 0xc0, 0x6f, 0xc0, 0x6f, 0xc0, 0x6f, 0xc0, 0x6f, 0xc0, 0x6f, 
  0xc0, 0x67, 0xc0, 0x67, 0xc0, 0x67, 0xc0, 0x67, 0xc0, 0x67, 0xc0, 0x67, 0xc0, 0x67, 0xc0, 0x67, 0xc0, 0x67, 0xc0, 0x67, 0xc0, 0x67, 0xc0, 0x67, 0xc0, 0x67, 0xc0, 0x67, 0xc0, 0x67, 0xc0, 0x67, 0xc0, 0x67, 0xc0, 0x67, 
  0xc0, 0x67, 0xc0, 0x67, 0xc0, 0x67, 0xc0, 0x67, 0xc0, 0x67, 0xc0, 0x67, 0xc0, 0x67, 0xc0, 0x67, 0xc0, 0x67, 0xc0, 0x67, 0xc0, 0x67, 0xc0, 0x67, 0xc0, 0x67, 0xc0, 0x67, 0xc0, 0x67, 0xc0, 0x67, 0xc0, 0x67, 0xc0, 0x67, 
  0xc0, 0x67, 0xc0, 0x67, 0xc0, 0x67, 0xc0, 0x67, 0xc0, 0x67, 0xc0, 0x67, 0xc0, 0x67, 0xc0, 0x67, 0xc0, 0x67, 0xc0, 0x67, 0xc0, 0x67, 0xc0, 0x67, 0xc0, 0x67, 0xc0, 0x67, 0xc0, 0x67, 0xc0, 0x67, 0xc0, 0x67, 0xc0, 0x67, 
  0xc0, 0x67, 0xc0, 0x67, 0xc0, 0x67, 0xc0, 0x67, 0xc0, 0x67, 0xc0, 0x67, 0xc0, 0x67, 0xc0, 0x67, 0xc0, 0x67, 0xc0, 0x67, 0xc0, 0x67, 0xc0, 0x67, 0xc0, 0x67, 0xc0, 0x67, 0xc0, 0x67, 0xc0, 0x67, 0xc0, 0x67, 0xc0, 0x67, 
  0xc0, 0x67, 0xc0, 0x67, 0xc0, 0x67, 0xc0, 0x67, 0xc0, 0x67, 0xc0, 0x67, 0xc0, 0x67, 0xc0, 0x67, 0xc0, 0x67, 0xc0, 0x67, 0xc0, 0x67, 0xc0, 0x67, 0xc0, 0x67, 0xc0, 0x67, 0xc0, 0x67, 0xc0, 0x67, 0xc0, 0x67, 0xc0, 0x67, 
  0xc0, 0x5f, 0xc0, 0x5f, 0xc0, 0x5f, 0xc0, 0x5f, 0xc0, 0x5f, 0xc0, 0x5f, 0xc0, 0x5f, 0xc0, 0x5f, 0xc0, 0x5f, 0xc0, 0x5f, 0xc0, 0x5f, 0xc0, 0x5f, 0xc0, 0x5f, 0xc0, 0x5f, 0xc0, 0x5f, 0xc0, 0x5f, 0xc0, 0x5f, 0xc0, 0x5f, 
  0xc0, 0x5f, 0xc0, 0x5f, 0xc0, 0x5f, 0xc0, 0x5f, 0xc0, 0x5f, 0xc0, 0x5f, 0xc0, 0x5f, 0xc0, 0x5f, 0xc0, 0x5f, 0xc0, 0x5f, 0xc0, 0x5f, 0xc0, 0x5f, 0xc0, 0x5f, 0xc0, 0x5f, 0xc0, 0x5f, 0xc0, 0x5f, 0xc0, 0x5f, 0xc0, 0x5f, 
  0xc0, 0x5f, 0xc0, 0x5f, 0xc0, 0x5f, 0xc0, 0x5f, 0xc0, 0x5f, 0xc0, 0x5f, 0xc0, 0x5f, 0xc0, 0x5f, 0xc0, 0x5f, 0xc0, 0x5f, 0xc0, 0x5f, 0xc0, 0x5f, 0xc0, 0x5f, 0xc0, 0x5f, 0xc0, 0x5f, 0xc0, 0x5f, 0xc0, 0x5f, 0xc0, 0x5f, 
  0xe0, 0x5f, 0xe0, 0x5f, 0xe0, 0x5f, 0xe0, 0x5f, 0xe0, 0x5f, 0xe0, 0x5f, 0xe0, 0x5f, 0xe0, 0x5f, 0xe0, 0x5f, 0xe0, 0x5f, 0xe0, 0x5f, 0xe0, 0x5f, 0xe0, 0x5f, 0xe0, 0x5f, 0xe0, 0x5f, 0xe0, 0x5f, 0xe0, 0x5f, 0xe0, 0x5f, 
  0xe0, 0x57, 0xe0, 0x57, 0xe0, 0x57, 0xe0, 0x57, 0xe0, 0x57, 0xe0, 0x57, 0xe0, 0x57, 0xe0, 0x57, 0xe0, 0x57, 0xe0, 0x57, 0xe0, 0x57, 0xe0, 0x57, 0xe0, 0x57, 0xe0, 0x57, 0xe0, 0x57, 0xe0, 0x57, 0xe0, 0x57, 0xe0, 0x57, 
  0xe0, 0x57, 0xe0, 0x57, 0xe0, 0x57, 0xe0, 0x57, 0xe0, 0x57, 0xe0, 0x57, 0xe0, 0x57, 0xe0, 0x57, 0xe0, 0x57, 0xe0, 0x57, 0xe0, 0x57, 0xe0, 0x57, 0xe0, 0x57, 0xe0, 0x57, 0xe0, 0x57, 0xe0, 0x57, 0xe0, 0x57, 0xe0, 0x57, 
  0xe0, 0x57, 0xe0, 0x57, 0xe0, 0x57, 0xe0, 0x57, 0xe0, 0x57, 0xe0, 0x57, 0xe0, 0x57, 0xe0, 0x57, 0xe0, 0x57, 0xe0, 0x57, 0xe0, 0x57, 0xe0, 0x57, 0xe0, 0x57, 0xe0, 0x57, 0xe0, 0x57, 0xe0, 0x57, 0xe0, 0x57, 0xe0, 0x57, 
  0xe0, 0x57, 0xe0, 0x57, 0xe0, 0x57, 0xe0, 0x57, 0xe0, 0x57, 0xe0, 0x57, 0xe0, 0x57, 0xe0, 0x57, 0xe0, 0x57, 0xe0, 0x57, 0xe0, 0x57, 0xe0, 0x57, 0xe0, 0x57, 0xe0, 0x57, 0xe0, 0x57, 0xe0, 0x57, 0xe0, 0x57, 0xe0, 0x57, 
  0xe0, 0x57, 0xe0, 0x57, 0xe0, 0x57, 0xe0, 0x57, 0xe0, 0x57, 0xe0, 0x57, 0xe0, 0x57, 0xe0, 0x57, 0xe0, 0x57, 0xe0, 0x57, 0xe0, 0x57, 0xe0, 0x57, 0xe0, 0x57, 0xe0, 0x57, 0xe0, 0x57, 0xe0, 0x57, 0xe0, 0x57, 0xe0, 0x57, 
  0xe0, 0x4f, 0xe0, 0x4f, 0xe0, 0x4f, 0xe0, 0x4f, 0xe0, 0x4f, 0xe0, 0x4f, 0xe0, 0x4f, 0xe0, 0x4f, 0xe0, 0x4f, 0xe0, 0x4f, 0xe0, 0x4f, 0xe0, 0x4f, 0xe0, 0x4f, 0xe0, 0x4f, 0xe0, 0x4f, 0xe0, 0x4f, 0xe0, 0x4f, 0xe0, 0x4f, 
  0xe0, 0x4f, 0xe0, 0x4f, 0xe0, 0x4f, 0xe0, 0x4f, 0xe0, 0x4f, 0xe0, 0x4f, 0xe0, 0x4f, 0xe0, 0x4f, 0xe0, 0x4f, 0xe0, 0x4f, 0xe0, 0x4f, 0xe0, 0x4f, 0xe0, 0x4f, 0xe0, 0x4f, 0xe0, 0x4f, 0xe0, 0x4f, 0xe0, 0x4f, 0xe0, 0x4f, 
  0xe0, 0x4f, 0xe0, 0x4f, 0xe0, 0x4f, 0xe0, 0x4f, 0xe0, 0x4f, 0xe0, 0x4f, 0xe0, 0x4f, 0xe0, 0x4f, 0xe0, 0x4f, 0xe0, 0x4f, 0xe0, 0x4f, 0xe0, 0x4f, 0xe0, 0x4f, 0xe0, 0x4f, 0xe0, 0x4f, 0xe0, 0x4f, 0xe0, 0x4f, 0xe0, 0x4f, 
  0xe0, 0x4f, 0xe0, 0x4f, 0xe0, 0x4f, 0xe0, 0x4f, 0xe0, 0x4f, 0xe0, 0x4f, 0xe0, 0x4f, 0xe0, 0x4f, 0xe0, 0x4f, 0xe0, 0x4f, 0xe0, 0x4f, 0xe0, 0x4f, 0xe0, 0x4f, 0xe0, 0x4f, 0xe0, 0x4f, 0xe0, 0x4f, 0xe0, 0x4f, 0xe0, 0x4f, 
  0xe0, 0x47, 0xe0, 0x47, 0xe0, 0x47, 0xe0, 0x47, 0xe0, 0x47, 0xe0, 0x47, 0xe0, 0x47, 0xe0, 0x47, 0xe0, 0x47, 0xe0, 0x47, 0xe0, 0x47, 0xe0, 0x47, 0xe0, 0x47, 0xe0, 0x47, 0xe0, 0x47, 0xe0, 0x47, 0xe0, 0x47, 0xe0, 0x47, 
  0xe0, 0x47, 0xe0, 0x47, 0xe0, 0x47, 0xe0, 0x47, 0xe0, 0x47, 0xe0, 0x47, 0xe0, 0x47, 0xe0, 0x47, 0xe0, 0x47, 0xe0, 0x47, 0xe0, 0x47, 0xe0, 0x47, 0xe0, 0x47, 0xe0, 0x47, 0xe0, 0x47, 0xe0, 0x47, 0xe0, 0x47, 0xe0, 0x47, 
  0xe0, 0x47, 0xe0, 0x47, 0xe0, 0x47, 0xe0, 0x47, 0xe0, 0x47, 0xe0, 0x47, 0xe0, 0x47, 0xe0, 0x47, 0xe0, 0x47, 0xe0, 0x47, 0xe0, 0x47, 0xe0, 0x47, 0xe0, 0x47, 0xe0, 0x47, 0xe0, 0x47, 0xe0, 0x47, 0xe0, 0x47, 0xe0, 0x47, 
  0xe0, 0x47, 0xe0, 0x47, 0xe0, 0x47, 0xe0, 0x47, 0xe0, 0x47, 0xe0, 0x47, 0xe0, 0x47, 0xe0, 0x47, 0xe0, 0x47, 0xe0, 0x47, 0xe0, 0x47, 0xe0, 0x47, 0xe0, 0x47, 0xe0, 0x47, 0xe0, 0x47, 0xe0, 0x47, 0xe0, 0x47, 0xe0, 0x47, 
  0xe0, 0x47, 0xe0, 0x47, 0xe0, 0x47, 0xe0, 0x47, 0xe0, 0x47, 0xe0, 0x47, 0xe0, 0x47, 0xe0, 0x47, 0xe0, 0x47, 0xe0, 0x47, 0xe0, 0x47, 0xe0, 0x47, 0xe0, 0x47, 0xe0, 0x47, 0xe0, 0x47, 0xe0, 0x47, 0xe0, 0x47, 0xe0, 0x47, 
  0xe0, 0x3f, 0xe0, 0x3f, 0xe0, 0x3f, 0xe0, 0x3f, 0xe0, 0x3f, 0xe0, 0x3f, 0xe0, 0x3f, 0xe0, 0x3f, 0xe0, 0x3f, 0xe0, 0x3f, 0xe0, 0x3f, 0xe0, 0x3f, 0xe0, 0x3f, 0xe0, 0x3f, 0xe0, 0x3f, 0xe0, 0x3f, 0xe0, 0x3f, 0xe0, 0x3f, 
  0xe0, 0x3f, 0xe0, 0x3f, 0xe0, 0x3f, 0xe0, 0x3f, 0xe0, 0x3f, 0xe0, 0x3f, 0xe0, 0x3f, 0xe0, 0x3f, 0xe0, 0x3f, 0xe0, 0x3f, 0xe0, 0x3f, 0xe0, 0x3f, 0xe0, 0x3f, 0xe0, 0x3f, 0xe0, 0x3f, 0xe0, 0x3f, 0xe0, 0x3f, 0xe0, 0x3f, 
  0xe0, 0x3f, 0xe0, 0x3f, 0xe0, 0x3f, 0xe0, 0x3f, 0xe0, 0x3f, 0xe0, 0x3f, 0xe0, 0x3f, 0xe0, 0x3f, 0xe0, 0x3f, 0xe0, 0x3f, 0xe0, 0x3f, 0xe0, 0x3f, 0xe0, 0x3f, 0xe0, 0x3f, 0xe0, 0x3f, 0xe0, 0x3f, 0xe0, 0x3f, 0xe0, 0x3f, 
  0xe0, 0x3f, 0xe0, 0x3f, 0xe0, 0x3f, 0xe0, 0x3f, 0xe0, 0x3f, 0xe0, 0x3f, 0xe0, 0x3f, 0xe0, 0x3f, 0xe0, 0x3f, 0xe0, 0x3f, 0xe0, 0x3f, 0xe0, 0x3f, 0xe0, 0x3f, 0xe0, 0x3f, 0xe0, 0x3f, 0xe0, 0x3f, 0xe0, 0x3f, 0xe0, 0x3f, 
  0xe0, 0x37, 0xe0, 0x37, 0xe0, 0x37, 0xe0, 0x37, 0xe0, 0x37, 0xe0, 0x37, 0xe0, 0x37, 0xe0, 0x37, 0xe0, 0x37, 0xe0, 0x37, 0xe0, 0x37, 0xe0, 0x37, 0xe0, 0x37, 0xe0, 0x37, 0xe0, 0x37, 0xe0, 0x37, 0xe0, 0x37, 0xe0, 0x37, 
  0xe0, 0x37, 0xe0, 0x37, 0xe0, 0x37, 0xe0, 0x37, 0xe0, 0x37, 0xe0, 0x37, 0xe0, 0x37, 0xe0, 0x37, 0xe0, 0x37, 0xe0, 0x37, 0xe0, 0x37, 0xe0, 0x37, 0xe0, 0x37, 0xe0, 0x37, 0xe0, 0x37, 0xe0, 0x37, 0xe0, 0x37, 0xe0, 0x37, 
  0xe0, 0x37, 0xe0, 0x37, 0xe0, 0x37, 0xe0, 0x37, 0xe0, 0x37, 0xe0, 0x37, 0xe0, 0x37, 0xe0, 0x37, 0xe0, 0x37, 0xe0, 0x37, 0xe0, 0x37, 0xe0, 0x37, 0xe0, 0x37, 0xe0, 0x37, 0xe0, 0x37, 0xe0, 0x37, 0xe0, 0x37, 0xe0, 0x37, 
  0xe0, 0x37, 0xe0, 0x37, 0xe0, 0x37, 0xe0, 0x37, 0xe0, 0x37, 0xe0, 0x37, 0xe0, 0x37, 0xe0, 0x37, 0xe0, 0x37, 0xe0, 0x37, 0xe0, 0x37, 0xe0, 0x37, 0xe0, 0x37, 0xe0, 0x37, 0xe0, 0x37, 0xe0, 0x37, 0xe0, 0x37, 0xe0, 0x37, 
  0xe0, 0x37, 0xe0, 0x37, 0xe0, 0x37, 0xe0, 0x37, 0xe0, 0x37, 0xe0, 0x37, 0xe0, 0x37, 0xe0, 0x37, 0xe0, 0x37, 0xe0, 0x37, 0xe0, 0x37, 0xe0, 0x37, 0xe0, 0x37, 0xe0, 0x37, 0xe0, 0x37, 0xe0, 0x37, 0xe0, 0x37, 0xe0, 0x37, 
  0xe0, 0x2f, 0xe0, 0x2f, 0xe0, 0x2f, 0xe0, 0x2f, 0xe0, 0x2f, 0xe0, 0x2f, 0xe0, 0x2f, 0xe0, 0x2f, 0xe0, 0x2f, 0xe0, 0x2f, 0xe0, 0x2f, 0xe0, 0x2f, 0xe0, 0x2f, 0xe0, 0x2f, 0xe0, 0x2f, 0xe0, 0x2f, 0xe0, 0x2f, 0xe0, 0x2f, 
  0xe0, 0x2f, 0xe0, 0x2f, 0xe0, 0x2f, 0xe0, 0x2f, 0xe0, 0x2f, 0xe0, 0x2f, 0xe0, 0x2f, 0xe0, 0x2f, 0xe0, 0x2f, 0xe0, 0x2f, 0xe0, 0x2f, 0xe0, 0x2f, 0xe0, 0x2f, 0xe0, 0x2f, 0xe0, 0x2f, 0xe0, 0x2f, 0xe0, 0x2f, 0xe0, 0x2f, 
  0xe0, 0x2f, 0xe0, 0x2f, 0xe0, 0x2f, 0xe0, 0x2f, 0xe0, 0x2f, 0xe0, 0x2f, 0xe0, 0x2f, 0xe0, 0x2f, 0xe0, 0x2f, 0xe0, 0x2f, 0xe0, 0x2f, 0xe0, 0x2f, 0xe0, 0x2f, 0xe0, 0x2f, 0xe0, 0x2f, 0xe0, 0x2f, 0xe0, 0x2f, 0xe0, 0x2f, 
  0xe0, 0x2f, 0xe0, 0x2f, 0xe0, 0x2f, 0xe0, 0x2f, 0xe0, 0x2f, 0xe0, 0x2f, 0xe0, 0x2f, 0xe0, 0x2f, 0xe0, 0x2f, 0xe0, 0x2f, 0xe0, 0x2f, 0xe0, 0x2f, 0xe0, 0x2f, 0xe0, 0x2f, 0xe0, 0x2f, 0xe0, 0x2f, 0xe0, 0x2f, 0xe0, 0x2f, 
  0xe0, 0x2f, 0xe0, 0x2f, 0xe0, 0x2f, 0xe0, 0x2f, 0xe0, 0x2f, 0xe0, 0x2f, 0xe0, 0x2f, 0xe0, 0x2f, 0xe0, 0x2f, 0xe0, 0x2f, 0xe0, 0x2f, 0xe0, 0x2f, 0xe0, 0x2f, 0xe0, 0x2f, 0xe0, 0x2f, 0xe0, 0x2f, 0xe0, 0x2f, 0xe0, 0x2f, 
  0xe0, 0x27, 0xe0, 0x27, 0xe0, 0x27, 0xe0, 0x27, 0xe0, 0x27, 0xe0, 0x27, 0xe0, 0x27, 0xe0, 0x27, 0xe0, 0x27, 0xe0, 0x27, 0xe0, 0x27, 0xe0, 0x27, 0xe0, 0x27, 0xe0, 0x27, 0xe0, 0x27, 0xe0, 0x27, 0xe0, 0x27, 0xe0, 0x27, 
  0xe0, 0x27, 0xe0, 0x27, 0xe0, 0x27, 0xe0, 0x27, 0xe0, 0x27, 0xe0, 0x27, 0xe0, 0x27, 0xe0, 0x27, 0xe0, 0x27, 0xe0, 0x27, 0xe0, 0x27, 0xe0, 0x27, 0xe0, 0x27, 0xe0, 0x27, 0xe0, 0x27, 0xe0, 0x27, 0xe0, 0x27, 0xe0, 0x27, 
  0xe0, 0x27, 0xe0, 0x27, 0xe0, 0x27, 0xe0, 0x27, 0xe0, 0x27, 0xe0, 0x27, 0xe0, 0x27, 0xe0, 0x27, 0xe0, 0x27, 0xe0, 0x27, 0xe0, 0x27, 0xe0, 0x27, 0xe0, 0x27, 0xe0, 0x27, 0xe0, 0x27, 0xe0, 0x27, 0xe0, 0x27, 0xe0, 0x27, 
  0xe0, 0x27, 0xe0, 0x27, 0xe0, 0x27, 0xe0, 0x27, 0xe0, 0x27, 0xe0, 0x27, 0xe0, 0x27, 0xe0, 0x27, 0xe0, 0x27, 0xe0, 0x27, 0xe0, 0x27, 0xe0, 0x27, 0xe0, 0x27, 0xe0, 0x27, 0xe0, 0x27, 0xe0, 0x27, 0xe0, 0x27, 0xe0, 0x27, 
  0xe0, 0x1f, 0xe0, 0x1f, 0xe0, 0x1f, 0xe0, 0x1f, 0xe0, 0x1f, 0xe0, 0x1f, 0xe0, 0x1f, 0xe0, 0x1f, 0xe0, 0x1f, 0xe0, 0x1f, 0xe0, 0x1f, 0xe0, 0x1f, 0xe0, 0x1f, 0xe0, 0x1f, 0xe0, 0x1f, 0xe0, 0x1f, 0xe0, 0x1f, 0xe0, 0x1f, 
  0xe0, 0x1f, 0xe0, 0x1f, 0xe0, 0x1f, 0xe0, 0x1f, 0xe0, 0x1f, 0xe0, 0x1f, 0xe0, 0x1f, 0xe0, 0x1f, 0xe0, 0x1f, 0xe0, 0x1f, 0xe0, 0x1f, 0xe0, 0x1f, 0xe0, 0x1f, 0xe0, 0x1f, 0xe0, 0x1f, 0xe0, 0x1f, 0xe0, 0x1f, 0xe0, 0x1f, 
  0xe0, 0x1f, 0xe0, 0x1f, 0xe0, 0x1f, 0xe0, 0x1f, 0xe0, 0x1f, 0xe0, 0x1f, 0xe0, 0x1f, 0xe0, 0x1f, 0xe0, 0x1f, 0xe0, 0x1f, 0xe0, 0x1f, 0xe0, 0x1f, 0xe0, 0x1f, 0xe0, 0x1f, 0xe0, 0x1f, 0xe0, 0x1f, 0xe0, 0x1f, 0xe0, 0x1f, 
  0xe0, 0x1f, 0xe0, 0x1f, 0xe0, 0x1f, 0xe0, 0x1f, 0xe0, 0x1f, 0xe0, 0x1f, 0xe0, 0x1f, 0xe0, 0x1f, 0xe0, 0x1f, 0xe0, 0x1f, 0xe0, 0x1f, 0xe0, 0x1f, 0xe0, 0x1f, 0xe0, 0x1f, 0xe0, 0x1f, 0xe0, 0x1f, 0xe0, 0x1f, 0xe0, 0x1f, 
  0xe0, 0x1f, 0xe0, 0x1f, 0xe0, 0x1f, 0xe0, 0x1f, 0xe0, 0x1f, 0xe0, 0x1f, 0xe0, 0x1f, 0xe0, 0x1f, 0xe0, 0x1f, 0xe0, 0x1f, 0xe0, 0x1f, 0xe0, 0x1f, 0xe0, 0x1f, 0xe0, 0x1f, 0xe0, 0x1f, 0xe0, 0x1f, 0xe0, 0x1f, 0xe0, 0x1f, 
  0xe0, 0x17, 0xe0, 0x17, 0xe0, 0x17, 0xe0, 0x17, 0xe0, 0x17, 0xe0, 0x17, 0xe0, 0x17, 0xe0, 0x17, 0xe0, 0x17, 0xe0, 0x17, 0xe0, 0x17, 0xe0, 0x17, 0xe0, 0x17, 0xe0, 0x17, 0xe0, 0x17, 0xe0, 0x17, 0xe0, 0x17, 0xe0, 0x17, 
  0xe0, 0x17, 0xe0, 0x17, 0xe0, 0x17, 0xe0, 0x17, 0xe0, 0x17, 0xe0, 0x17, 0xe0, 0x17, 0xe0, 0x17, 0xe0, 0x17, 0xe0, 0x17, 0xe0, 0x17, 0xe0, 0x17, 0xe0, 0x17, 0xe0, 0x17, 0xe0, 0x17, 0xe0, 0x17, 0xe0, 0x17, 0xe0, 0x17, 
  0xe0, 0x17, 0xe0, 0x17, 0xe0, 0x17, 0xe0, 0x17, 0xe0, 0x17, 0xe0, 0x17, 0xe0, 0x17, 0xe0, 0x17, 0xe0, 0x17, 0xe0, 0x17, 0xe0, 0x17, 0xe0, 0x17, 0xe0, 0x17, 0xe0, 0x17, 0xe0, 0x17, 0xe0, 0x17, 0xe0, 0x17, 0xe0, 0x17, 
  0xe0, 0x17, 0xe0, 0x17, 0xe0, 0x17, 0xe0, 0x17, 0xe0, 0x17, 0xe0, 0x17, 0xe0, 0x17, 0xe0, 0x17, 0xe0, 0x17, 0xe0, 0x17, 0xe0, 0x17, 0xe0, 0x17, 0xe0, 0x17, 0xe0, 0x17, 0xe0, 0x17, 0xe0, 0x17, 0xe0, 0x17, 0xe0, 0x17, 
  0xe0, 0x0f, 0xe0, 0x0f, 0xe0, 0x0f, 0xe0, 0x0f, 0xe0, 0x0f, 0xe0, 0x0f, 0xe0, 0x0f, 0xe0, 0x0f, 0xe0, 0x0f, 0xe0, 0x0f, 0xe0, 0x0f, 0xe0, 0x0f, 0xe0, 0x0f, 0xe0, 0x0f, 0xe0, 0x0f, 0xe0, 0x0f, 0xe0, 0x0f, 0xe0, 0x0f, 
  0xe0, 0x0f, 0xe0, 0x0f, 0xe0, 0x0f, 0xe0, 0x0f, 0xe0, 0x0f, 0xe0, 0x0f, 0xe0, 0x0f, 0xe0, 0x0f, 0xe0, 0x0f, 0xe0, 0x0f, 0xe0, 0x0f, 0xe0, 0x0f, 0xe0, 0x0f, 0xe0, 0x0f, 0xe0, 0x0f, 0xe0, 0x0f, 0xe0, 0x0f, 0xe0, 0x0f, 
  0xe0, 0x0f, 0xe0, 0x0f, 0xe0, 0x0f, 0xe0, 0x0f, 0xe0, 0x0f, 0xe0, 0x0f, 0xe0, 0x0f, 0xe0, 0x0f, 0xe0, 0x0f, 0xe0, 0x0f, 0xe0, 0x0f, 0xe0, 0x0f, 0xe0, 0x0f, 0xe0, 0x0f, 0xe0, 0x0f, 0xe0, 0x0f, 0xe0, 0x0f, 0xe0, 0x0f, 
  0xe0, 0x0f, 0xe0, 0x0f, 0xe0, 0x0f, 0xe0, 0x0f, 0xe0, 0x0f, 0xe0, 0x0f, 0xe0, 0x0f, 0xe0, 0x0f, 0xe0, 0x0f, 0xe0, 0x0f, 0xe0, 0x0f, 0xe0, 0x0f, 0xe0, 0x0f, 0xe0, 0x0f, 0xe0, 0x0f, 0xe0, 0x0f, 0xe0, 0x0f, 0xe0, 0x0f, 
  0xe0, 0x0f, 0xe0, 0x0f, 0xe0, 0x0f, 0xe0, 0x0f, 0xe0, 0x0f, 0xe0, 0x0f, 0xe0, 0x0f, 0xe0, 0x0f, 0xe0, 0x0f, 0xe0, 0x0f, 0xe0, 0x0f, 0xe0, 0x0f, 0xe0, 0x0f, 0xe0, 0x0f, 0xe0, 0x0f, 0xe0, 0x0f, 0xe0, 0x0f, 0xe0, 0x0f, 
  0xe0, 0x07, 0xe0, 0x07, 0xe0, 0x07, 0xe0, 0x07, 0xe0, 0x07, 0xe0, 0x07, 0xe0, 0x07, 0xe0, 0x07, 0xe0, 0x07, 0xe0, 0x07, 0xe0, 0x07, 0xe0, 0x07, 0xe0, 0x07, 0xe0, 0x07, 0xe0, 0x07, 0xe0, 0x07, 0xe0, 0x07, 0xe0, 0x07, 
  0xe0, 0x07, 0xe0, 0x07, 0xe0, 0x07, 0xe0, 0x07, 0xe0, 0x07, 0xe0, 0x07, 0xe0, 0x07, 0xe0, 0x07, 0xe0, 0x07, 0xe0, 0x07, 0xe0, 0x07, 0xe0, 0x07, 0xe0, 0x07, 0xe0, 0x07, 0xe0, 0x07, 0xe0, 0x07, 0xe0, 0x07, 0xe0, 0x07, 
  0xe0, 0x07, 0xe0, 0x07, 0xe0, 0x07, 0xe0, 0x07, 0xe0, 0x07, 0xe0, 0x07, 0xe0, 0x07, 0xe0, 0x07, 0xe0, 0x07, 0xe0, 0x07, 0xe0, 0x07, 0xe0, 0x07, 0xe0, 0x07, 0xe0, 0x07, 0xe0, 0x07, 0xe0, 0x07, 0xe0, 0x07, 0xe0, 0x07, 
  0xe0, 0x07, 0xe0, 0x07, 0xe0, 0x07, 0xe0, 0x07, 0xe0, 0x07, 0xe0, 0x07, 0xe0, 0x07, 0xe0, 0x07, 0xe0, 0x07, 0xe0, 0x07, 0xe0, 0x07, 0xe0, 0x07, 0xe0, 0x07, 0xe0, 0x07, 0xe0, 0x07, 0xe0, 0x07, 0xe0, 0x07, 0xe0, 0x07, 
  0xe0, 0x07, 0xe0, 0x07, 0xe0, 0x07, 0xe0, 0x07, 0xe0, 0x07, 0xe0, 0x07, 0xe0, 0x07, 0xe0, 0x07, 0xe0, 0x07, 0xe0, 0x07, 0xe0, 0x07, 0xe0, 0x07, 0xe0, 0x07, 0xe0, 0x07, 0xe0, 0x07, 0xe0, 0x07, 0xe0, 0x07, 0xe0, 0x07, 
  0xe0, 0x07, 0xe0, 0x07, 0xe0, 0x07, 0xe0, 0x07, 0xe0, 0x07, 0xe0, 0x07, 0xe0, 0x07, 0xe0, 0x07, 0xe0, 0x07, 0xe0, 0x07, 0xe0, 0x07, 0xe0, 0x07, 0xe0, 0x07, 0xe0, 0x07, 0xe0, 0x07, 0xe0, 0x07, 0xe0, 0x07, 0xe0, 0x07, 
  0xe0, 0x07, 0xe0, 0x07, 0xe0, 0x07, 0xe0, 0x07, 0xe0, 0x07, 0xe0, 0x07, 0xe0, 0x07, 0xe0, 0x07, 0xe0, 0x07, 0xe0, 0x07, 0xe0, 0x07, 0xe0, 0x07, 0xe0, 0x07, 0xe0, 0x07, 0xe0, 0x07, 0xe0, 0x07, 0xe0, 0x07, 0xe0, 0x07, 
  0xe0, 0x07, 0xe0, 0x07, 0xe0, 0x07, 0xe0, 0x07, 0xe0, 0x07, 0xe0, 0x07, 0xe0, 0x07, 0xe0, 0x07, 0xe0, 0x07, 0xe0, 0x07, 0xe0, 0x07, 0xe0, 0x07, 0xe0, 0x07, 0xe0, 0x07, 0xe0, 0x07, 0xe0, 0x07, 0xe0, 0x07, 0xe0, 0x07, 
  0xe0, 0x07, 0xe0, 0x07, 0xe0, 0x07, 0xe0, 0x07, 0xe0, 0x07, 0xe0, 0x07, 0xe0, 0x07, 0xe0, 0x07, 0xe0, 0x07, 0xe0, 0x07, 0xe0, 0x07, 0xe0, 0x07, 0xe0, 0x07, 0xe0, 0x07, 0xe0, 0x07, 0xe0, 0x07, 0xe0, 0x07, 0xe0, 0x07, 
  0xe0, 0x07, 0xe0, 0x07, 0xe0, 0x07, 0xe0, 0x07, 0xe0, 0x07, 0xe0, 0x07, 0xe0, 0x07, 0xe0, 0x07, 0xe0, 0x07, 0xe0, 0x07, 0xe0, 0x07, 0xe0, 0x07, 0xe0, 0x07, 0xe0, 0x07, 0xe0, 0x07, 0xe0, 0x07, 0xe0, 0x07, 0xe0, 0x07, 
  0xe0, 0x07, 0xe0, 0x07, 0xe0, 0x07, 0xe0, 0x07, 0xe0, 0x07, 0xe0, 0x07, 0xe0, 0x07, 0xe0, 0x07, 0xe0, 0x07, 0xe0, 0x07, 0xe0, 0x07, 0xe0, 0x07, 0xe0, 0x07, 0xe0, 0x07, 0xe0, 0x07, 0xe0, 0x07, 0xe0, 0x07, 0xe0, 0x07, 
  0xe0, 0x07, 0xe0, 0x07, 0xe0, 0x07, 0xe0, 0x07, 0xe0, 0x07, 0xe0, 0x07, 0xe0, 0x07, 0xe0, 0x07, 0xe0, 0x07, 0xe0, 0x07, 0xe0, 0x07, 0xe0, 0x07, 0xe0, 0x07, 0xe0, 0x07, 0xe0, 0x07, 0xe0, 0x07, 0xe0, 0x07, 0xe0, 0x07, 
  0xe0, 0x07, 0xe0, 0x07, 0xe0, 0x07, 0xe0, 0x07, 0xe0, 0x07, 0xe0, 0x07, 0xe0, 0x07, 0xe0, 0x07, 0xe0, 0x07, 0xe0, 0x07, 0xe0, 0x07, 0xe0, 0x07, 0xe0, 0x07, 0xe0, 0x07, 0xe0, 0x07, 0xe0, 0x07, 0xe0, 0x07, 0xe0, 0x07, 
  0xe0, 0x07, 0xe0, 0x07, 0xe0, 0x07, 0xe0, 0x07, 0xe0, 0x07, 0xe0, 0x07, 0xe0, 0x07, 0xe0, 0x07, 0xe0, 0x07, 0xe0, 0x07, 0xe0, 0x07, 0xe0, 0x07, 0xe0, 0x07, 0xe0, 0x07, 0xe0, 0x07, 0xe0, 0x07, 0xe0, 0x07, 0xe0, 0x07, 
  0xe0, 0x07, 0xe0, 0x07, 0xe0, 0x07, 0xe0, 0x07, 0xe0, 0x07, 0xe0, 0x07, 0xe0, 0x07, 0xe0, 0x07, 0xe0, 0x07, 0xe0, 0x07, 0xe0, 0x07, 0xe0, 0x07, 0xe0, 0x07, 0xe0, 0x07, 0xe0, 0x07, 0xe0, 0x07, 0xe0, 0x07, 0xe0, 0x07, 
  0xe0, 0x07, 0xe0, 0x07, 0xe0, 0x07, 0xe0, 0x07, 0xe0, 0x07, 0xe0, 0x07, 0xe0, 0x07, 0xe0, 0x07, 0xe0, 0x07, 0xe0, 0x07, 0xe0, 0x07, 0xe0, 0x07, 0xe0, 0x07, 0xe0, 0x07, 0xe0, 0x07, 0xe0, 0x07, 0xe0, 0x07, 0xe0, 0x07, 
  0xe0, 0x07, 0xe0, 0x07, 0xe0, 0x07, 0xe0, 0x07, 0xe0, 0x07, 0xe0, 0x07, 0xe0, 0x07, 0xe0, 0x07, 0xe0, 0x07, 0xe0, 0x07, 0xe0, 0x07, 0xe0, 0x07, 0xe0, 0x07, 0xe0, 0x07, 0xe0, 0x07, 0xe0, 0x07, 0xe0, 0x07, 0xe0, 0x07, 
  0xe0, 0x07, 0xe0, 0x07, 0xe0, 0x07, 0xe0, 0x07, 0xe0, 0x07, 0xe0, 0x07, 0xe0, 0x07, 0xe0, 0x07, 0xe0, 0x07, 0xe0, 0x07, 0xe0, 0x07, 0xe0, 0x07, 0xe0, 0x07, 0xe0, 0x07, 0xe0, 0x07, 0xe0, 0x07, 0xe0, 0x07, 0xe0, 0x07, 
  0xe0, 0x07, 0xe0, 0x07, 0xe0, 0x07, 0xe0, 0x07, 0xe0, 0x07, 0xe0, 0x07, 0xe0, 0x07, 0xe0, 0x07, 0xe0, 0x07, 0xe0, 0x07, 0xe0, 0x07, 0xe0, 0x07, 0xe0, 0x07, 0xe0, 0x07, 0xe0, 0x07, 0xe0, 0x07, 0xe0, 0x07, 0xe0, 0x07, 
  0xe0, 0x07, 0xe0, 0x07, 0xe0, 0x07, 0xe0, 0x07, 0xe0, 0x07, 0xe0, 0x07, 0xe0, 0x07, 0xe0, 0x07, 0xe0, 0x07, 0xe0, 0x07, 0xe0, 0x07, 0xe0, 0x07, 0xe0, 0x07, 0xe0, 0x07, 0xe0, 0x07, 0xe0, 0x07, 0xe0, 0x07, 0xe0, 0x07, 
  0xe0, 0x07, 0xe0, 0x07, 0xe0, 0x07, 0xe0, 0x07, 0xe0, 0x07, 0xe0, 0x07, 0xe0, 0x07, 0xe0, 0x07, 0xe0, 0x07, 0xe0, 0x07, 0xe0, 0x07, 0xe0, 0x07, 0xe0, 0x07, 0xe0, 0x07, 0xe0, 0x07, 0xe0, 0x07, 0xe0, 0x07, 0xe0, 0x07, 
  0xe0, 0x07, 0xe0, 0x07, 0xe0, 0x07, 0xe0, 0x07, 0xe0, 0x07, 0xe0, 0x07, 0xe0, 0x07, 0xe0, 0x07, 0xe0, 0x07, 0xe0, 0x07, 0xe0, 0x07, 0xe0, 0x07, 0xe0, 0x07, 0xe0, 0x07, 0xe0, 0x07, 0xe0, 0x07, 0xe0, 0x07, 0xe0, 0x07, 
  0xe0, 0x07, 0xe0, 0x07, 0xe0, 0x07, 0xe0, 0x07, 0xe0, 0x07, 0xe0, 0x07, 0xe0, 0x07, 0xe0, 0x07, 0xe0, 0x07, 0xe0, 0x07, 0xe0, 0x07, 0xe0, 0x07, 0xe0, 0x07, 0xe0, 0x07, 0xe0, 0x07, 0xe0, 0x07, 0xe0, 0x07, 0xe0, 0x07, 
  0xe0, 0x07, 0xe0, 0x07, 0xe0, 0x07, 0xe0, 0x07, 0xe0, 0x07, 0xe0, 0x07, 0xe0, 0x07, 0xe0, 0x07, 0xe0, 0x07, 0xe0, 0x07, 0xe0, 0x07, 0xe0, 0x07, 0xe0, 0x07, 0xe0, 0x07, 0xe0, 0x07, 0xe0, 0x07, 0xe0, 0x07, 0xe0, 0x07, 
  0xe0, 0x07, 0xe0, 0x07, 0xe0, 0x07, 0xe0, 0x07, 0xe0, 0x07, 0xe0, 0x07, 0xe0, 0x07, 0xe0, 0x07, 0xe0, 0x07, 0xe0, 0x07, 0xe0, 0x07, 0xe0, 0x07, 0xe0, 0x07, 0xe0, 0x07, 0xe0, 0x07, 0xe0, 0x07, 0xe0, 0x07, 0xe0, 0x07, 
  0xe0, 0x07, 0xe0, 0x07, 0xe0, 0x07, 0xe0, 0x07, 0xe0, 0x07, 0xe0, 0x07, 0xe0, 0x07, 0xe0, 0x07, 0xe0, 0x07, 0xe0, 0x07, 0xe0, 0x07, 0xe0, 0x07, 0xe0, 0x07, 0xe0, 0x07, 0xe0, 0x07, 0xe0, 0x07, 0xe0, 0x07, 0xe0, 0x07, 
  0xe0, 0x07, 0xe0, 0x07, 0xe0, 0x07, 0xe0, 0x07, 0xe0, 0x07, 0xe0, 0x07, 0xe0, 0x07, 0xe0, 0x07, 0xe0, 0x07, 0xe0, 0x07, 0xe0, 0x07, 0xe0, 0x07, 0xe0, 0x07, 0xe0, 0x07, 0xe0, 0x07, 0xe0, 0x07, 0xe0, 0x07, 0xe0, 0x07, 
  0xe0, 0x07, 0xe0, 0x07, 0xe0, 0x07, 0xe0, 0x07, 0xe0, 0x07, 0xe0, 0x07, 0xe0, 0x07, 0xe0, 0x07, 0xe0, 0x07, 0xe0, 0x07, 0xe0, 0x07, 0xe0, 0x07, 0xe0, 0x07, 0xe0, 0x07, 0xe0, 0x07, 0xe0, 0x07, 0xe0, 0x07, 0xe0, 0x07, 
  0xe0, 0x07, 0xe0, 0x07, 0xe0, 0x07, 0xe0, 0x07, 0xe0, 0x07, 0xe0, 0x07, 0xe0, 0x07, 0xe0, 0x07, 0xe0, 0x07, 0xe0, 0x07, 0xe0, 0x07, 0xe0, 0x07, 0xe0, 0x07, 0xe0, 0x07, 0xe0, 0x07, 0xe0, 0x07, 0xe0, 0x07, 0xe0, 0x07, 
  0xe0, 0x07, 0xe0, 0x07, 0xe0, 0x07, 0xe0, 0x07, 0xe0, 0x07, 0xe0, 0x07, 0xe0, 0x07, 0xe0, 0x07, 0xe0, 0x07, 0xe0, 0x07, 0xe0, 0x07, 0xe0, 0x07, 0xe0, 0x07, 0xe0, 0x07, 0xe0, 0x07, 0xe0, 0x07, 0xe0, 0x07, 0xe0, 0x07, 
  0xe0, 0x07, 0xe0, 0x07, 0xe0, 0x07, 0xe0, 0x07, 0xe0, 0x07, 0xe0, 0x07, 0xe0, 0x07, 0xe0, 0x07, 0xe0, 0x07, 0xe0, 0x07, 0xe0, 0x07, 0xe0, 0x07, 0xe0, 0x07, 0xe0, 0x07, 0xe0, 0x07, 0xe0, 0x07, 0xe0, 0x07, 0xe0, 0x07, 
  0xe0, 0x07, 0xe0, 0x07, 0xe0, 0x07, 0xe0, 0x07, 0xe0, 0x07, 0xe0, 0x07, 0xe0, 0x07, 0xe0, 0x07, 0xe0, 0x07, 0xe0, 0x07, 0xe0, 0x07, 0xe0, 0x07, 0xe0, 0x07, 0xe0, 0x07, 0xe0, 0x07, 0xe0, 0x07, 0xe0, 0x07, 0xe0, 0x07, 
  0xe0, 0x07, 0xe0, 0x07, 0xe0, 0x07, 0xe0, 0x07, 0xe0, 0x07, 0xe0, 0x07, 0xe0, 0x07, 0xe0, 0x07, 0xe0, 0x07, 0xe0, 0x07, 0xe0, 0x07, 0xe0, 0x07, 0xe0, 0x07, 0xe0, 0x07, 0xe0, 0x07, 0xe0, 0x07, 0xe0, 0x07, 0xe0, 0x07, 
  0xe0, 0x07, 0xe0, 0x07, 0xe0, 0x07, 0xe0, 0x07, 0xe0, 0x07, 0xe0, 0x07, 0xe0, 0x07, 0xe0, 0x07, 0xe0, 0x07, 0xe0, 0x07, 0xe0, 0x07, 0xe0, 0x07, 0xe0, 0x07, 0xe0, 0x07, 0xe0, 0x07, 0xe0, 0x07, 0xe0, 0x07, 0xe0, 0x07, 
  0xe0, 0x07, 0xe0, 0x07, 0xe0, 0x07, 0xe0, 0x07, 0xe0, 0x07, 0xe0, 0x07, 0xe0, 0x07, 0xe0, 0x07, 0xe0, 0x07, 0xe0, 0x07, 0xe0, 0x07, 0xe0, 0x07, 0xe0, 0x07, 0xe0, 0x07, 0xe0, 0x07, 0xe0, 0x07, 0xe0, 0x07, 0xe0, 0x07, 
  0xe0, 0x07, 0xe0, 0x07, 0xe0, 0x07, 0xe0, 0x07, 0xe0, 0x07, 0xe0, 0x07, 0xe0, 0x07, 0xe0, 0x07, 0xe0, 0x07, 0xe0, 0x07, 0xe0, 0x07, 0xe0, 0x07, 0xe0, 0x07, 0xe0, 0x07, 0xe0, 0x07, 0xe0, 0x07, 0xe0, 0x07, 0xe0, 0x07, 
  0xe0, 0x07, 0xe0, 0x07, 0xe0, 0x07, 0xe0, 0x07, 0xe0, 0x07, 0xe0, 0x07, 0xe0, 0x07, 0xe0, 0x07, 0xe0, 0x07, 0xe0, 0x07, 0xe0, 0x07, 0xe0, 0x07, 0xe0, 0x07, 0xe0, 0x07, 0xe0, 0x07, 0xe0, 0x07, 0xe0, 0x07, 0xe0, 0x07, 
  0xe0, 0x07, 0xe0, 0x07, 0xe0, 0x07, 0xe0, 0x07, 0xe0, 0x07, 0xe0, 0x07, 0xe0, 0x07, 0xe0, 0x07, 0xe0, 0x07, 0xe0, 0x07, 0xe0, 0x07, 0xe0, 0x07, 0xe0, 0x07, 0xe0, 0x07, 0xe0, 0x07, 0xe0, 0x07, 0xe0, 0x07, 0xe0, 0x07, 
  0xe0, 0x07, 0xe0, 0x07, 0xe0, 0x07, 0xe0, 0x07, 0xe0, 0x07, 0xe0, 0x07, 0xe0, 0x07, 0xe0, 0x07, 0xe0, 0x07, 0xe0, 0x07, 0xe0, 0x07, 0xe0, 0x07, 0xe0, 0x07, 0xe0, 0x07, 0xe0, 0x07, 0xe0, 0x07, 0xe0, 0x07, 0xe0, 0x07, 
  0xe0, 0x07, 0xe0, 0x07, 0xe0, 0x07, 0xe0, 0x07, 0xe0, 0x07, 0xe0, 0x07, 0xe0, 0x07, 0xe0, 0x07, 0xe0, 0x07, 0xe0, 0x07, 0xe0, 0x07, 0xe0, 0x07, 0xe0, 0x07, 0xe0, 0x07, 0xe0, 0x07, 0xe0, 0x07, 0xe0, 0x07, 0xe0, 0x07, 
  0xe0, 0x07, 0xe0, 0x07, 0xe0, 0x07, 0xe0, 0x07, 0xe0, 0x07, 0xe0, 0x07, 0xe0, 0x07, 0xe0, 0x07, 0xe0, 0x07, 0xe0, 0x07, 0xe0, 0x07, 0xe0, 0x07, 0xe0, 0x07, 0xe0, 0x07, 0xe0, 0x07, 0xe0, 0x07, 0xe0, 0x07, 0xe0, 0x07, 
  0xe0, 0x07, 0xe0, 0x07, 0xe0, 0x07, 0xe0, 0x07, 0xe0, 0x07, 0xe0, 0x07, 0xe0, 0x07, 0xe0, 0x07, 0xe0, 0x07, 0xe0, 0x07, 0xe0, 0x07, 0xe0, 0x07, 0xe0, 0x07, 0xe0, 0x07, 0xe0, 0x07, 0xe0, 0x07, 0xe0, 0x07, 0xe0, 0x07, 
  0xe0, 0x07, 0xe0, 0x07, 0xe0, 0x07, 0xe0, 0x07, 0xe0, 0x07, 0xe0, 0x07, 0xe0, 0x07, 0xe0, 0x07, 0xe0, 0x07, 0xe0, 0x07, 0xe0, 0x07, 0xe0, 0x07, 0xe0, 0x07, 0xe0, 0x07, 0xe0, 0x07, 0xe0, 0x07, 0xe0, 0x07, 0xe0, 0x07, 
  0xe0, 0x07, 0xe0, 0x07, 0xe0, 0x07, 0xe0, 0x07, 0xe0, 0x07, 0xe0, 0x07, 0xe0, 0x07, 0xe0, 0x07, 0xe0, 0x07, 0xe0, 0x07, 0xe0, 0x07, 0xe0, 0x07, 0xe0, 0x07, 0xe0, 0x07, 0xe0, 0x07, 0xe0, 0x07, 0xe0, 0x07, 0xe0, 0x07, 
  0xe0, 0x07, 0xe0, 0x07, 0xe0, 0x07, 0xe0, 0x07, 0xe0, 0x07, 0xe0, 0x07, 0xe0, 0x07, 0xe0, 0x07, 0xe0, 0x07, 0xe0, 0x07, 0xe0, 0x07, 0xe0, 0x07, 0xe0, 0x07, 0xe0, 0x07, 0xe0, 0x07, 0xe0, 0x07, 0xe0, 0x07, 0xe0, 0x07, 
  0xe0, 0x07, 0xe0, 0x07, 0xe0, 0x07, 0xe0, 0x07, 0xe0, 0x07, 0xe0, 0x07, 0xe0, 0x07, 0xe0, 0x07, 0xe0, 0x07, 0xe0, 0x07, 0xe0, 0x07, 0xe0, 0x07, 0xe0, 0x07, 0xe0, 0x07, 0xe0, 0x07, 0xe0, 0x07, 0xe0, 0x07, 0xe0, 0x07, 
  0xe0, 0x07, 0xe0, 0x07, 0xe0, 0x07, 0xe0, 0x07, 0xe0, 0x07, 0xe0, 0x07, 0xe0, 0x07, 0xe0, 0x07, 0xe0, 0x07, 0xe0, 0x07, 0xe0, 0x07, 0xe0, 0x07, 0xe0, 0x07, 0xe0, 0x07, 0xe0, 0x07, 0xe0, 0x07, 0xe0, 0x07, 0xe0, 0x07, 
  0xe0, 0x07, 0xe0, 0x07, 0xe0, 0x07, 0xe0, 0x07, 0xe0, 0x07, 0xe0, 0x07, 0xe0, 0x07, 0xe0, 0x07, 0xe0, 0x07, 0xe0, 0x07, 0xe0, 0x07, 0xe0, 0x07, 0xe0, 0x07, 0xe0, 0x07, 0xe0, 0x07, 0xe0, 0x07, 0xe0, 0x07, 0xe0, 0x07, 
  0xe0, 0x07, 0xe0, 0x07, 0xe0, 0x07, 0xe0, 0x07, 0xe0, 0x07, 0xe0, 0x07, 0xe0, 0x07, 0xe0, 0x07, 0xe0, 0x07, 0xe0, 0x07, 0xe0, 0x07, 0xe0, 0x07, 0xe0, 0x07, 0xe0, 0x07, 0xe0, 0x07, 0xe0, 0x07, 0xe0, 0x07, 0xe0, 0x07, 
  0xe0, 0x07, 0xe0, 0x07, 0xe0, 0x07, 0xe0, 0x07, 0xe0, 0x07, 0xe0, 0x07, 0xe0, 0x07, 0xe0, 0x07, 0xe0, 0x07, 0xe0, 0x07, 0xe0, 0x07, 0xe0, 0x07, 0xe0, 0x07, 0xe0, 0x07, 0xe0, 0x07, 0xe0, 0x07, 0xe0, 0x07, 0xe0, 0x07, 
  0xe0, 0x07, 0xe0, 0x07, 0xe0, 0x07, 0xe0, 0x07, 0xe0, 0x07, 0xe0, 0x07, 0xe0, 0x07, 0xe0, 0x07, 0xe0, 0x07, 0xe0, 0x07, 0xe0, 0x07, 0xe0, 0x07, 0xe0, 0x07, 0xe0, 0x07, 0xe0, 0x07, 0xe0, 0x07, 0xe0, 0x07, 0xe0, 0x07, 
  0xe0, 0x07, 0xe0, 0x07, 0xe0, 0x07, 0xe0, 0x07, 0xe0, 0x07, 0xe0, 0x07, 0xe0, 0x07, 0xe0, 0x07, 0xe0, 0x07, 0xe0, 0x07, 0xe0, 0x07, 0xe0, 0x07, 0xe0, 0x07, 0xe0, 0x07, 0xe0, 0x07, 0xe0, 0x07, 0xe0, 0x07, 0xe0, 0x07, 
  0xe0, 0x07, 0xe0, 0x07, 0xe0, 0x07, 0xe0, 0x07, 0xe0, 0x07, 0xe0, 0x07, 0xe0, 0x07, 0xe0, 0x07, 0xe0, 0x07, 0xe0, 0x07, 0xe0, 0x07, 0xe0, 0x07, 0xe0, 0x07, 0xe0, 0x07, 0xe0, 0x07, 0xe0, 0x07, 0xe0, 0x07, 0xe0, 0x07, 
  0xe0, 0x07, 0xe0, 0x07, 0xe0, 0x07, 0xe0, 0x07, 0xe0, 0x07, 0xe0, 0x07, 0xe0, 0x07, 0xe0, 0x07, 0xe0, 0x07, 0xe0, 0x07, 0xe0, 0x07, 0xe0, 0x07, 0xe0, 0x07, 0xe0, 0x07, 0xe0, 0x07, 0xe0, 0x07, 0xe0, 0x07, 0xe0, 0x07, 
  0xe0, 0x07, 0xe0, 0x07, 0xe0, 0x07, 0xe0, 0x07, 0xe0, 0x07, 0xe0, 0x07, 0xe0, 0x07, 0xe0, 0x07, 0xe0, 0x07, 0xe0, 0x07, 0xe0, 0x07, 0xe0, 0x07, 0xe0, 0x07, 0xe0, 0x07, 0xe0, 0x07, 0xe0, 0x07, 0xe0, 0x07, 0xe0, 0x07, 
  0xe0, 0x07, 0xe0, 0x07, 0xe0, 0x07, 0xe0, 0x07, 0xe0, 0x07, 0xe0, 0x07, 0xe0, 0x07, 0xe0, 0x07, 0xe0, 0x07, 0xe0, 0x07, 0xe0, 0x07, 0xe0, 0x07, 0xe0, 0x07, 0xe0, 0x07, 0xe0, 0x07, 0xe0, 0x07, 0xe0, 0x07, 0xe0, 0x07, 
  0xe0, 0x07, 0xe0, 0x07, 0xe0, 0x07, 0xe0, 0x07, 0xe0, 0x07, 0xe0, 0x07, 0xe0, 0x07, 0xe0, 0x07, 0xe0, 0x07, 0xe0, 0x07, 0xe0, 0x07, 0xe0, 0x07, 0xe0, 0x07, 0xe0, 0x07, 0xe0, 0x07, 0xe0, 0x07, 0xe0, 0x07, 0xe0, 0x07, 
  0xe0, 0x07, 0xe0, 0x07, 0xe0, 0x07, 0xe0, 0x07, 0xe0, 0x07, 0xe0, 0x07, 0xe0, 0x07, 0xe0, 0x07, 0xe0, 0x07, 0xe0, 0x07, 0xe0, 0x07, 0xe0, 0x07, 0xe0, 0x07, 0xe0, 0x07, 0xe0, 0x07, 0xe0, 0x07, 0xe0, 0x07, 0xe0, 0x07, 
  0xe0, 0x07, 0xe0, 0x07, 0xe0, 0x07, 0xe0, 0x07, 0xe0, 0x07, 0xe0, 0x07, 0xe0, 0x07, 0xe0, 0x07, 0xe0, 0x07, 0xe0, 0x07, 0xe0, 0x07, 0xe0, 0x07, 0xe0, 0x07, 0xe0, 0x07, 0xe0, 0x07, 0xe0, 0x07, 0xe0, 0x07, 0xe0, 0x07, 
  0xe0, 0x07, 0xe0, 0x07, 0xe0, 0x07, 0xe0, 0x07, 0xe0, 0x07, 0xe0, 0x07, 0xe0, 0x07, 0xe0, 0x07, 0xe0, 0x07, 0xe0, 0x07, 0xe0, 0x07, 0xe0, 0x07, 0xe0, 0x07, 0xe0, 0x07, 0xe0, 0x07, 0xe0, 0x07, 0xe0, 0x07, 0xe0, 0x07, 
  0xe0, 0x07, 0xe0, 0x07, 0xe0, 0x07, 0xe0, 0x07, 0xe0, 0x07, 0xe0, 0x07, 0xe0, 0x07, 0xe0, 0x07, 0xe0, 0x07, 0xe0, 0x07, 0xe0, 0x07, 0xe0, 0x07, 0xe0, 0x07, 0xe0, 0x07, 0xe0, 0x07, 0xe0, 0x07, 0xe0, 0x07, 0xe0, 0x07, 
  0xe0, 0x07, 0xe0, 0x07, 0xe0, 0x07, 0xe0, 0x07, 0xe0, 0x07, 0xe0, 0x07, 0xe0, 0x07, 0xe0, 0x07, 0xe0, 0x07, 0xe0, 0x07, 0xe0, 0x07, 0xe0, 0x07, 0xe0, 0x07, 0xe0, 0x07, 0xe0, 0x07, 0xe0, 0x07, 0xe0, 0x07, 0xe0, 0x07, 
  0x80, 0x05, 0xe0, 0x07, 0xe0, 0x07, 0xe0, 0x07, 0xe0, 0x07, 0xe0, 0x07, 0xe0, 0x07, 0xe0, 0x07, 0xe0, 0x07, 0xe0, 0x07, 0xe0, 0x07, 0xe0, 0x07, 0xe0, 0x07, 0xe0, 0x07, 0xe0, 0x07, 0xe0, 0x07, 0xe0, 0x07, 0x80, 0x05, 
  0x00, 0x02, 0xe0, 0x07, 0xe0, 0x07, 0xe0, 0x07, 0xe0, 0x07, 0xe0, 0x07, 0xe0, 0x07, 0xe0, 0x07, 0xe0, 0x07, 0xe0, 0x07, 0xe0, 0x07, 0xe0, 0x07, 0xe0, 0x07, 0xe0, 0x07, 0xe0, 0x07, 0xe0, 0x07, 0xe0, 0x07, 0x00, 0x02, 
  0x00, 0x00, 0x00, 0x04, 0xe0, 0x07, 0xe0, 0x07, 0xe0, 0x07, 0xe0, 0x07, 0xe0, 0x07, 0xe0, 0x07, 0xe0, 0x07, 0xe0, 0x07, 0xe0, 0x07, 0xe0, 0x07, 0xe0, 0x07, 0xe0, 0x07, 0xe0, 0x07, 0xe0, 0x07, 0x00, 0x04, 0x00, 0x00, 
  0x00, 0x00, 0x00, 0x00, 0x00, 0x02, 0x80, 0x05, 0xe0, 0x07, 0xe0, 0x07, 0xe0, 0x07, 0xe0, 0x07, 0xe0, 0x07, 0xe0, 0x07, 0xe0, 0x07, 0xe0, 0x07, 0xe0, 0x07, 0xe0, 0x07, 0x80, 0x05, 0x00, 0x02, 0x00, 0x00, 0x00, 0x00, 
#endif
#if LV_COLOR_DEPTH == 16 && LV_COLOR_16_SWAP != 0
  /*Pixel format: Red: 5 bit, Green: 6 bit, Blue: 5 bit BUT the 2 bytes are swapped*/
  0x00, 0x00, 0x00, 0x00, 0x40, 0x00, 0xb0, 0x00, 0xf8, 0x00, 0xf8, 0x00, 0xf8, 0x00, 0xf8, 0x00, 0xf8, 0x00, 0xf8, 0x00, 0xf8, 0x00, 0xf8, 0x00, 0xf8, 0x00, 0xf8, 0x00, 0xb0, 0x00, 0x40, 0x00, 0x00, 0x00, 0x00, 0x00, 
  0x00, 0x00, 0x80, 0x00, 0xf8, 0x00, 0xf8, 0x00, 0xf8, 0x00, 0xf8, 0x00, 0xf8, 0x00, 0xf8, 0x00, 0xf8, 0x00, 0xf8, 0x00, 0xf8, 0x00, 0xf8, 0x00, 0xf8, 0x00, 0xf8, 0x00, 0xf8, 0x00, 0xf8, 0x00, 0x80, 0x00, 0x00, 0x00, 
  0x40, 0x00, 0xf8, 0x00, 0xf8, 0x00, 0xf8, 0x00, 0xf8, 0x00, 0xf8, 0x00, 0xf8, 0x00, 0xf8, 0x00, 0xf8, 0x00, 0xf8, 0x00, 0xf8, 0x00, 0xf8, 0x00, 0xf8, 0x00, 0xf8, 0x00, 0xf8, 0x00, 0xf8, 0x00, 0xf8, 0x00, 0x40, 0x00, 
  0xb0, 0x00, 0xf8, 0x00, 0xf8, 0x00, 0xf8, 0x00, 0xf8, 0x00, 0xf8, 0x00, 0xf8, 0x00, 0xf8, 0x00, 0xf8, 0x00, 0xf8, 0x00, 0xf8, 0x00, 0xf8, 0x00, 0xf8, 0x00, 0xf8, 0x00, 0xf8, 0x00, 0xf8, 0x00, 0xf8, 0x00, 0xb0, 0x00, 
  0xf8, 0x00, 0xf8, 0x00, 0xf8, 0x00, 0xf8, 0x00, 0xf8, 0x00, 0xf8, 0x00, 0xf8, 0x00, 0xf8, 0x00, 0xf8, 0x00, 0xf8, 0x00, 0xf8, 0x00, 0xf8, 0x00, 0xf8, 0x00, 0xf8, 0x00, 0xf8, 0x00, 0xf8, 0x00, 0xf8, 0x00, 0xf8, 0x00, 
  0xf8, 0x00, 0xf8, 0x00, 0xf8, 0x00, 0xf8, 0x00, 0xf8, 0x00, 0xf8, 0x00, 0xf8, 0x00, 0xf8, 0x00, 0xf8, 0x00, 0xf8, 0x00, 0xf8, 0x00, 0xf8, 0x00, 0xf8, 0x00, 0xf8, 0x00, 0xf8, 0x00, 0xf8, 0x00, 0xf8, 0x00, 0xf8, 0x00, 
  0xf8, 0x00, 0xf8, 0x00, 0xf8, 0x00, 0xf8, 0x00, 0xf8, 0x00, 0xf8, 0x00, 0xf8, 0x00, 0xf8, 0x00, 0xf8, 0x00, 0xf8, 0x00, 0xf8, 0x00, 0xf8, 0x00, 0xf8, 0x00, 0xf8, 0x00, 0xf8, 0x00, 0xf8, 0x00, 0xf8, 0x00, 0xf8, 0x00, 
  0xf8, 0x00, 0xf8, 0x00, 0xf8, 0x00, 0xf8, 0x00, 0xf8, 0x00, 0xf8, 0x00, 0xf8, 0x00, 0xf8, 0x00, 0xf8, 0x00, 0xf8, 0x00, 0xf8, 0x00, 0xf8, 0x00, 0xf8, 0x00, 0xf8, 0x00, 0xf8, 0x00, 0xf8, 0x00, 0xf8, 0x00, 0xf8, 0x00, 
  0xf8, 0x00, 0xf8, 0x00, 0xf8, 0x00, 0xf8, 0x00, 0xf8, 0x00, 0xf8, 0x00, 0xf8, 0x00, 0xf8, 0x00, 0xf8, 0x00, 0xf8, 0x00, 0xf8, 0x00, 0xf8, 0x00, 0xf8, 0x00, 0xf8, 0x00, 0xf8, 0x00, 0xf8, 0x00, 0xf8, 0x00, 0xf8, 0x00, 
  0xf8, 0x00, 0xf8, 0x00, 0xf8, 0x00, 0xf8, 0x00, 0xf8, 0x00, 0xf8, 0x00, 0xf8, 0x00, 0xf8, 0x00, 0xf8, 0x00, 0xf8, 0x00, 0xf8, 0x00, 0xf8, 0x00, 0xf8, 0x00, 0xf8, 0x00, 0xf8, 0x00, 0xf8, 0x00, 0xf8, 0x00, 0xf8, 0x00, 
  0xf8, 0x00, 0xf8, 0x00, 0xf8, 0x00, 0xf8, 0x00, 0xf8, 0x00, 0xf8, 0x00, 0xf8, 0x00, 0xf8, 0x00, 0xf8, 0x00, 0xf8, 0x00, 0xf8, 0x00, 0xf8, 0x00, 0xf8, 0x00, 0xf8, 0x00, 0xf8, 0x00, 0xf8, 0x00, 0xf8, 0x00, 0xf8, 0x00, 
  0xf8, 0x00, 0xf8, 0x00, 0xf8, 0x00, 0xf8, 0x00, 0xf8, 0x00, 0xf8, 0x00, 0xf8, 0x00, 0xf8, 0x00, 0xf8, 0x00, 0xf8, 0x00, 0xf8, 0x00, 0xf8, 0x00, 0xf8, 0x00, 0xf8, 0x00, 0xf8, 0x00, 0xf8, 0x00, 0xf8, 0x00, 0xf8, 0x00, 
  0xf8, 0x00, 0xf8, 0x00, 0xf8, 0x00, 0xf8, 0x00, 0xf8, 0x00, 0xf8, 0x00, 0xf8, 0x00, 0xf8, 0x00, 0xf8, 0x00, 0xf8, 0x00, 0xf8, 0x00, 0xf8, 0x00, 0xf8, 0x00, 0xf8, 0x00, 0xf8, 0x00, 0xf8, 0x00, 0xf8, 0x00, 0xf8, 0x00, 
  0xf8, 0x00, 0xf8, 0x00, 0xf8, 0x00, 0xf8, 0x00, 0xf8, 0x00, 0xf8, 0x00, 0xf8, 0x00, 0xf8, 0x00, 0xf8, 0x00, 0xf8, 0x00, 0xf8, 0x00, 0xf8, 0x00, 0xf8, 0x00, 0xf8, 0x00, 0xf8, 0x00, 0xf8, 0x00, 0xf8, 0x00, 0xf8, 0x00, 
  0xf8, 0x00, 0xf8, 0x00, 0xf8, 0x00, 0xf8, 0x00, 0xf8, 0x00, 0xf8, 0x00, 0xf8, 0x00, 0xf8, 0x00, 0xf8, 0x00, 0xf8, 0x00, 0xf8, 0x00, 0xf8, 0x00, 0xf8, 0x00, 0xf8, 0x00, 0xf8, 0x00, 0xf8, 0x00, 0xf8, 0x00, 0xf8, 0x00, 
  0xf8, 0x00, 0xf8, 0x00, 0xf8, 0x00, 0xf8, 0x00, 0xf8, 0x00, 0xf8, 0x00, 0xf8, 0x00, 0xf8, 0x00, 0xf8, 0x00, 0xf8, 0x00, 0xf8, 0x00, 0xf8, 0x00, 0xf8, 0x00, 0xf8, 0x00, 0xf8, 0x00, 0xf8, 0x00, 0xf8, 0x00, 0xf8, 0x00, 
  0xf8, 0x00, 0xf8, 0x00, 0xf8, 0x00, 0xf8, 0x00, 0xf8, 0x00, 0xf8, 0x00, 0xf8, 0x00, 0xf8, 0x00, 0xf8, 0x00, 0xf8, 0x00, 0xf8, 0x00, 0xf8, 0x00, 0xf8, 0x00, 0xf8, 0x00, 0xf8, 0x00, 0xf8, 0x00, 0xf8, 0x00, 0xf8, 0x00, 
  0xf8, 0x00, 0xf8, 0x00, 0xf8, 0x00, 0xf8, 0x00, 0xf8, 0x00, 0xf8, 0x00, 0xf8, 0x00, 0xf8, 0x00, 0xf8, 0x00, 0xf8, 0x00, 0xf8, 0x00, 0xf8, 0x00, 0xf8, 0x00, 0xf8, 0x00, 0xf8, 0x00, 0xf8, 0x00, 0xf8, 0x00, 0xf8, 0x00, 
  0xf8, 0x00, 0xf8, 0x00, 0xf8, 0x00, 0xf8, 0x00, 0xf8, 0x00, 0xf8, 0x00, 0xf8, 0x00, 0xf8, 0x00, 0xf8, 0x00, 0xf8, 0x00, 0xf8, 0x00, 0xf8, 0x00, 0xf8, 0x00, 0xf8, 0x00, 0xf8, 0x00, 0xf8, 0x00, 0xf8, 0x00, 0xf8, 0x00, 
  0xf8, 0x00, 0xf8, 0x00, 0xf8, 0x00, 0xf8, 0x00, 0xf8, 0x00, 0xf8, 0x00, 0xf8, 0x00, 0xf8, 0x00, 0xf8, 0x00, 0xf8, 0x00, 0xf8, 0x00, 0xf8, 0x00, 0xf8, 0x00, 0xf8, 0x00, 0xf8, 0x00, 0xf8, 0x00, 0xf8, 0x00, 0xf8, 0x00, 
  0xf8, 0x00, 0xf8, 0x00, 0xf8, 0x00, 0xf8, 0x00, 0xf8, 0x00, 0xf8, 0x00, 0xf8, 0x00, 0xf8, 0x00, 0xf8, 0x00, 0xf8, 0x00, 0xf8, 0x00, 0xf8, 0x00, 0xf8, 0x00, 0xf8, 0x00, 0xf8, 0x00, 0xf8, 0x00, 0xf8, 0x00, 0xf8, 0x00, 
  0xf8, 0x00, 0xf8, 0x00, 0xf8, 0x00, 0xf8, 0x00, 0xf8, 0x00, 0xf8, 0x00, 0xf8, 0x00, 0xf8, 0x00, 0xf8, 0x00, 0xf8, 0x00, 0xf8, 0x00, 0xf8, 0x00, 0xf8, 0x00, 0xf8, 0x00, 0xf8, 0x00, 0xf8, 0x00, 0xf8, 0x00, 0xf8, 0x00, 
  0xf8, 0x00, 0xf8, 0x00, 0xf8, 0x00, 0xf8, 0x00, 0xf8, 0x00, 0xf8, 0x00, 0xf8, 0x00, 0xf8, 0x00, 0xf8, 0x00, 0xf8, 0x00, 0xf8, 0x00, 0xf8, 0x00, 0xf8, 0x00, 0xf8, 0x00, 0xf8, 0x00, 0xf8, 0x00, 0xf8, 0x00, 0xf8, 0x00, 
  0xf8, 0x00, 0xf8, 0x00, 0xf8, 0x00, 0xf8, 0x00, 0xf8, 0x00, 0xf8, 0x00, 0xf8, 0x00, 0xf8, 0x00, 0xf8, 0x00, 0xf8, 0x00, 0xf8, 0x00, 0xf8, 0x00, 0xf8, 0x00, 0xf8, 0x00, 0xf8, 0x00, 0xf8, 0x00, 0xf8, 0x00, 0xf8, 0x00, 
  0xf8, 0x00, 0xf8, 0x00, 0xf8, 0x00, 0xf8, 0x00, 0xf8, 0x00, 0xf8, 0x00, 0xf8, 0x00, 0xf8, 0x00, 0xf8, 0x00, 0xf8, 0x00, 0xf8, 0x00, 0xf8, 0x00, 0xf8, 0x00, 0xf8, 0x00, 0xf8, 0x00, 0xf8, 0x00, 0xf8, 0x00, 0xf8, 0x00, 
  0xf8, 0x00, 0xf8, 0x00, 0xf8, 0x00, 0xf8, 0x00, 0xf8, 0x00, 0xf8, 0x00, 0xf8, 0x00, 0xf8, 0x00, 0xf8, 0x00, 0xf8, 0x00, 0xf8, 0x00, 0xf8, 0x00, 0xf8, 0x00, 0xf8, 0x00, 0xf8, 0x00, 0xf8, 0x00, 0xf8, 0x00, 0xf8, 0x00, 
  0xf8, 0x00, 0xf8, 0x00, 0xf8, 0x00, 0xf8, 0x00, 0xf8, 0x00, 0xf8, 0x00, 0xf8, 0x00, 0xf8, 0x00, 0xf8, 0x00, 0xf8, 0x00, 0xf8, 0x00, 0xf8, 0x00, 0xf8, 0x00, 0xf8, 0x00, 0xf8, 0x00, 0xf8, 0x00, 0xf8, 0x00, 0xf8, 0x00, 
  0xf8, 0x00, 0xf8, 0x00, 0xf8, 0x00, 0xf8, 0x00, 0xf8, 0x00, 0xf8, 0x00, 0xf8, 0x00, 0xf8, 0x00, 0xf8, 0x00, 0xf8, 0x00, 0xf8, 0x00, 0xf8, 0x00, 0xf8, 0x00, 0xf8, 0x00, 0xf8, 0x00, 0xf8, 0x00, 0xf8, 0x00, 0xf8, 0x00, 
  0xf8, 0x00, 0xf8, 0x00, 0xf8, 0x00, 0xf8, 0x00, 0xf8, 0x00, 0xf8, 0x00, 0xf8, 0x00, 0xf8, 0x00, 0xf8, 0x00, 0xf8, 0x00, 0xf8, 0x00, 0xf8, 0x00, 0xf8, 0x00, 0xf8, 0x00, 0xf8, 0x00, 0xf8, 0x00, 0xf8, 0x00, 0xf8, 0x00, 
  0xf8, 0x40, 0xf8, 0x40, 0xf8, 0x40, 0xf8, 0x40, 0xf8, 0x40, 0xf8, 0x40, 0xf8, 0x40, 0xf8, 0x40, 0xf8, 0x40, 0xf8, 0x40, 0xf8, 0x40, 0xf8, 0x40, 0xf8, 0x40, 0xf8, 0x40, 0xf8, 0x40, 0xf8, 0x40, 0xf8, 0x40, 0xf8, 0x40, 
  0xf8, 0xa0, 0xf8, 0xa0, 0xf8, 0xa0, 0xf8, 0xa0, 0xf8, 0xa0, 0xf8, 0xa0, 0xf8, 0xa0, 0xf8, 0xa0, 0xf8, 0xa0, 0xf8, 0xa0, 0xf8, 0xa0, 0xf8, 0xa0, 0xf8, 0xa0, 0xf8, 0xa0, 0xf8, 0xa0, 0xf8, 0xa0, 0xf8, 0xa0, 0xf8, 0xa0, 
  0xf8, 0xe0, 0xf8, 0xe0, 0xf8, 0xe0, 0xf8, 0xe0, 0xf8, 0xe0, 0xf8, 0xe0, 0xf8, 0xe0, 0xf8, 0xe0, 0xf8, 0xe0, 0xf8, 0xe0, 0xf8, 0xe0, 0xf8, 0xe0, 0xf8, 0xe0, 0xf8, 0xe0, 0xf8, 0xe0, 0xf8, 0xe0, 0xf8, 0xe0, 0xf8, 0xe0, 
  0xf9, 0x40, 0xf9, 0x40, 0xf9, 0x40, 0xf9, 0x40, 0xf9, 0x40, 0xf9, 0x40, 0xf9, 0x40, 0xf9, 0x40, 0xf9, 0x40, 0xf9, 0x40, 0xf9, 0x40, 0xf9, 0x40, 0xf9, 0x40, 0xf9, 0x40, 0xf9, 0x40, 0xf9, 0x40, 0xf9, 0x40, 0xf9, 0x40, 
  0xf9, 0x80, 0xf9, 0x80, 0xf9, 0x80, 0xf9, 0x80, 0xf9, 0x80, 0xf9, 0x80, 0xf9, 0x80, 0xf9, 0x80, 0xf9, 0x80, 0xf9, 0x80, 0xf9, 0x80, 0xf9, 0x80, 0xf9, 0x80, 0xf9, 0x80, 0xf9, 0x80, 0xf9, 0x80, 0xf9, 0x80, 0xf9, 0x80, 
  0xf9, 0xe0, 0xf9, 0xe0, 0xf9, 0xe0, 0xf9, 0xe0, 0xf9, 0xe0, 0xf9, 0xe0, 0xf9, 0xe0, 0xf9, 0xe0, 0xf9, 0xe0, 0xf9, 0xe0, 0xf9, 0xe0, 0xf9, 0xe0, 0xf9, 0xe0, 0xf9, 0xe0, 0xf9, 0xe0, 0xf9, 0xe0, 0xf9, 0xe0, 0xf9, 0xe0, 
  0xfa, 0x20, 0xfa, 0x20, 0xfa, 0x20, 0xfa, 0x20, 0xfa, 0x20, 0xfa, 0x20, 0xfa, 0x20, 0xfa, 0x20, 0xfa, 0x20, 0xfa, 0x20, 0xfa, 0x20, 0xfa, 0x20, 0xfa, 0x20, 0xfa, 0x20, 0xfa, 0x20, 0xfa, 0x20, 0xfa, 0x20, 0xfa, 0x20, 
  0xfa, 0x80, 0xfa, 0x80, 0xfa, 0x80, 0xfa, 0x80, 0xfa, 0x80, 0xfa, 0x80, 0xfa, 0x80, 0xfa, 0x80, 0xfa, 0x80, 0xfa, 0x80, 0xfa, 0x80, 0xfa, 0x80, 0xfa, 0x80, 0xfa, 0x80, 0xfa, 0x80, 0xfa, 0x80, 0xfa, 0x80, 0xfa, 0x80, 
  0xfa, 0xc0, 0xfa, 0xc0, 0xfa, 0xc0, 0xfa, 0xc0, 0xfa, 0xc0, 0xfa, 0xc0, 0xfa, 0xc0, 0xfa, 0xc0, 0xfa, 0xc0, 0xfa, 0xc0, 0xfa, 0xc0, 0xfa, 0xc0, 0xfa, 0xc0, 0xfa, 0xc0, 0xfa, 0xc0, 0xfa, 0xc0, 0xfa, 0xc0, 0xfa, 0xc0, 
  0xfb, 0x20, 0xfb, 0x20, 0xfb, 0x20, 0xfb, 0x20, 0xfb, 0x20, 0xfb, 0x20, 0xfb, 0x20, 0xfb, 0x20, 0xfb, 0x20, 0xfb, 0x20, 0xfb, 0x20, 0xfb, 0x20, 0xfb, 0x20, 0xfb, 0x20, 0xfb, 0x20, 0xfb, 0x20, 0xfb, 0x20, 0xfb, 0x20, 
  0xfb, 0x60, 0xfb, 0x60, 0xfb, 0x60, 0xfb, 0x60, 0xfb, 0x60, 0xfb, 0x60, 0xfb, 0x60, 0xfb, 0x60, 0xfb, 0x60, 0xfb, 0x60, 0xfb, 0x60, 0xfb, 0x60, 0xfb, 0x60, 0xfb, 0x60, 0xfb, 0x60, 0xfb, 0x60, 0xfb, 0x60, 0xfb, 0x60, 
  0xfb, 0xc0, 0xfb, 0xc0, 0xfb, 0xc0, 0xfb, 0xc0, 0xfb, 0xc0, 0xfb, 0xc0, 0xfb, 0xc0, 0xfb, 0xc0, 0xfb, 0xc0, 0xfb, 0xc0, 0xfb, 0xc0, 0xfb, 0xc0, 0xfb, 0xc0, 0xfb, 0xc0, 0xfb, 0xc0, 0xfb, 0xc0, 0xfb, 0xc0, 0xfb, 0xc0, 
  0xfc, 0x00, 0xfc, 0x00, 0xfc, 0x00, 0xfc, 0x00, 0xfc, 0x00, 0xfc, 0x00, 0xfc, 0x00, 0xfc, 0x00, 0xfc, 0x00, 0xfc, 0x00, 0xfc, 0x00, 0xfc, 0x00, 0xfc, 0x00, 0xfc, 0x00, 0xfc, 0x00, 0xfc, 0x00, 0xfc, 0x00, 0xfc, 0x00, 
  0xfc, 0x60, 0xfc, 0x60, 0xfc, 0x60, 0xfc, 0x60, 0xfc, 0x60, 0xfc, 0x60, 0xfc, 0x60, 0xfc, 0x60, 0xfc, 0x60, 0xfc, 0x60, 0xfc, 0x60, 0xfc, 0x60, 0xfc, 0x60, 0xfc, 0x60, 0xfc, 0x60, 0xfc, 0x60, 0xfc, 0x60, 0xfc, 0x60, 
  0xfc, 0xa0, 0xfc, 0xa0, 0xfc, 0xa0, 0xfc, 0xa0, 0xfc, 0xa0, 0xfc, 0xa0, 0xfc, 0xa0, 0xfc, 0xa0, 0xfc, 0xa0, 0xfc, 0xa0, 0xfc, 0xa0, 0xfc, 0xa0, 0xfc, 0xa0, 0xfc, 0xa0, 0xfc, 0xa0, 0xfc, 0xa0, 0xfc, 0xa0, 0xfc, 0xa0, 
  0xfd, 0x00, 0xfd, 0x00, 0xfd, 0x00, 0xfd, 0x00, 0xfd, 0x00, 0xfd, 0x00, 0xfd, 0x00, 0xfd, 0x00, 0xfd, 0x00, 0xfd, 0x00, 0xfd, 0x00, 0xfd, 0x00, 0xfd, 0x00, 0xfd, 0x00, 0xfd, 0x00, 0xfd, 0x00, 0xfd, 0x00, 0xfd, 0x00, 
  0xfd, 0x40, 0xfd, 0x40, 0xfd, 0x40, 0xfd, 0x40, 0xfd, 0x40, 0xfd, 0x40, 0xfd, 0x40, 0xfd, 0x40, 0xfd, 0x40, 0xfd, 0x40, 0xfd, 0x40, 0xfd, 0x40, 0xfd, 0x40, 0xfd, 0x40, 0xfd, 0x40, 0xfd, 0x40, 0xfd, 0x40, 0xfd, 0x40, 
  0xfd, 0xa0, 0xfd, 0xa0, 0xfd, 0xa0, 0xfd, 0xa0, 0xfd, 0xa0, 0xfd, 0xa0, 0xfd, 0xa0, 0xfd, 0xa0, 0xfd, 0xa0, 0xfd, 0xa0, 0xfd, 0xa0, 0xfd, 0xa0, 0xfd, 0xa0, 0xfd, 0xa0, 0xfd, 0xa0, 0xfd, 0xa0, 0xfd, 0xa0, 0xfd, 0xa0, 
  0xfd, 0xe0, 0xfd, 0xe0, 0xfd, 0xe0, 0xfd, 0xe0, 0xfd, 0xe0, 0xfd, 0xe0, 0xfd, 0xe0, 0xfd, 0xe0, 0xfd, 0xe0, 0xfd, 0xe0, 0xfd, 0xe0, 0xfd, 0xe0, 0xfd, 0xe0, 0xfd, 0xe0, 0xfd, 0xe0, 0xfd, 0xe0, 0xfd, 0xe0, 0xfd, 0xe0, 
  0xfe, 0x40, 0xfe, 0x40, 0xfe, 0x40, 0xfe, 0x40, 0xfe, 0x40, 0xfe, 0x40, 0xfe, 0x40, 0xfe, 0x40, 0xfe, 0x40, 0xfe, 0x40, 0xfe, 0x40, 0xfe, 0x40, 0xfe, 0x40, 0xfe, 0x40, 0xfe, 0x40, 0xfe, 0x40, 0xfe, 0x40, 0xfe, 0x40, 
  0xfe, 0x80, 0xfe, 0x80, 0xfe, 0x80, 0xfe, 0x80, 0xfe, 0x80, 0xfe, 0x80, 0xfe, 0x80, 0xfe, 0x80, 0xfe, 0x80, 0xfe, 0x80, 0xfe, 0x80, 0xfe, 0x80, 0xfe, 0x80, 0xfe, 0x80, 0xfe, 0x80, 0xfe, 0x80, 0xfe, 0x80, 0xfe, 0x80, 
  0xfe, 0xe0, 0xfe, 0xe0, 0xfe, 0xe0, 0xfe, 0xe0, 0xfe, 0xe0, 0xfe, 0xe0, 0xfe, 0xe0, 0xfe, 0xe0, 0xfe, 0xe0, 0xfe, 0xe0, 0xfe, 0xe0, 0xfe, 0xe0, 0xfe, 0xe0, 0xfe, 0xe0, 0xfe, 0xe0, 0xfe, 0xe0, 0xfe, 0xe0, 0xfe, 0xe0, 
  0xff, 0x20, 0xff, 0x20, 0xff, 0x20, 0xff, 0x20, 0xff, 0x20, 0xff, 0x20, 0xff, 0x20, 0xff, 0x20, 0xff, 0x20, 0xff, 0x20, 0xff, 0x20, 0xff, 0x20, 0xff, 0x20, 0xff, 0x20, 0xff, 0x20, 0xff, 0x20, 0xff, 0x20, 0xff, 0x20, 
  0xff, 0x80, 0xff, 0x80, 0xff, 0x80, 0xff, 0x80, 0xff, 0x80, 0xff, 0x80, 0xff, 0x80, 0xff, 0x80, 0xff, 0x80, 0xff, 0x80, 0xff, 0x80, 0xff, 0x80, 0xff, 0x80, 0xff, 0x80, 0xff, 0x80, 0xff, 0x80, 0xff, 0x80, 0xff, 0x80, 
  0xff, 0x80, 0xff, 0x80, 0xff, 0x80, 0xff, 0x80, 0xff, 0x80, 0xff, 0x80, 0xff, 0x80, 0xff, 0x80, 0xff, 0x80, 0xff, 0x80, 0xff, 0x80, 0xff, 0x80, 0xff, 0x80, 0xff, 0x80, 0xff, 0x80, 0xff, 0x80, 0xff, 0x80, 0xff, 0x80, 
  0xff, 0x80, 0xff, 0x80, 0xff, 0x80, 0xff, 0x80, 0xff, 0x80, 0xff, 0x80, 0xff, 0x80, 0xff, 0x80, 0xff, 0x80, 0xff, 0x80, 0xff, 0x80, 0xff, 0x80, 0xff, 0x80, 0xff, 0x80, 0xff, 0x80, 0xff, 0x80, 0xff, 0x80, 0xff, 0x80, 
  0xff, 0x80, 0xff, 0x80, 0xff, 0x80, 0xff, 0x80, 0xff, 0x80, 0xff, 0x80, 0xff, 0x80, 0xff, 0x80, 0xff, 0x80, 0xff, 0x80, 0xff, 0x80, 0xff, 0x80, 0xff, 0x80, 0xff, 0x80, 0xff, 0x80, 0xff, 0x80, 0xff, 0x80, 0xff, 0x80, 
  0xff, 0x80, 0xff, 0x80, 0xff, 0x80, 0xff, 0x80, 0xff, 0x80, 0xff, 0x80, 0xff, 0x80, 0xff, 0x80, 0xff, 0x80, 0xff, 0x80, 0xff, 0x80, 0xff, 0x80, 0xff, 0x80, 0xff, 0x80, 0xff, 0x80, 0xff, 0x80, 0xff, 0x80, 0xff, 0x80, 
  0xff, 0x80, 0xff, 0x80, 0xff, 0x80, 0xff, 0x80, 0xff, 0x80, 0xff, 0x80, 0xff, 0x80, 0xff, 0x80, 0xff, 0x80, 0xff, 0x80, 0xff, 0x80, 0xff, 0x80, 0xff, 0x80, 0xff, 0x80, 0xff, 0x80, 0xff, 0x80, 0xff, 0x80, 0xff, 0x80, 
  0xff, 0x80, 0xff, 0x80, 0xff, 0x80, 0xff, 0x80, 0xff, 0x80, 0xff, 0x80, 0xff, 0x80, 0xff, 0x80, 0xff, 0x80, 0xff, 0x80, 0xff, 0x80, 0xff, 0x80, 0xff, 0x80, 0xff, 0x80, 0xff, 0x80, 0xff, 0x80, 0xff, 0x80, 0xff, 0x80, 
  0xff, 0x80, 0xff, 0x80, 0xff, 0x80, 0xff, 0x80, 0xff, 0x80, 0xff, 0x80, 0xff, 0x80, 0xff, 0x80, 0xff, 0x80, 0xff, 0x80, 0xff, 0x80, 0xff, 0x80, 0xff, 0x80, 0xff, 0x80, 0xff, 0x80, 0xff, 0x80, 0xff, 0x80, 0xff, 0x80, 
  0xff, 0x80, 0xff, 0x80, 0xff, 0x80, 0xff, 0x80, 0xff, 0x80, 0xff, 0x80, 0xff, 0x80, 0xff, 0x80, 0xff, 0x80, 0xff, 0x80, 0xff, 0x80, 0xff, 0x80, 0xff, 0x80, 0xff, 0x80, 0xff, 0x80, 0xff, 0x80, 0xff, 0x80, 0xff, 0x80, 
  0xff, 0x80, 0xff, 0x80, 0xff, 0x80, 0xff, 0x80, 0xff, 0x80, 0xff, 0x80, 0xff, 0x80, 0xff, 0x80, 0xff, 0x80, 0xff, 0x80, 0xff, 0x80, 0xff, 0x80, 0xff, 0x80, 0xff, 0x80, 0xff, 0x80, 0xff, 0x80, 0xff, 0x80, 0xff, 0x80, 
  0xff, 0x80, 0xff, 0x80, 0xff, 0x80, 0xff, 0x80, 0xff, 0x80, 0xff, 0x80, 0xff, 0x80, 0xff, 0x80, 0xff, 0x80, 0xff, 0x80, 0xff, 0x80, 0xff, 0x80, 0xff, 0x80, 0xff, 0x80, 0xff, 0x80, 0xff, 0x80, 0xff, 0x80, 0xff, 0x80, 
  0xff, 0x80, 0xff, 0x80, 0xff, 0x80, 0xff, 0x80, 0xff, 0x80, 0xff, 0x80, 0xff, 0x80, 0xff, 0x80, 0xff, 0x80, 0xff, 0x80, 0xff, 0x80, 0xff, 0x80, 0xff, 0x80, 0xff, 0x80, 0xff, 0x80, 0xff, 0x80, 0xff, 0x80, 0xff, 0x80, 
  0xff, 0x80, 0xff, 0x80, 0xff, 0x80, 0xff, 0x80, 0xff, 0x80, 0xff, 0x80, 0xff, 0x80, 0xff, 0x80, 0xff, 0x80, 0xff, 0x80, 0xff, 0x80, 0xff, 0x80, 0xff, 0x80, 0xff, 0x80, 0xff, 0x80, 0xff, 0x80, 0xff, 0x80, 0xff, 0x80, 
  0xff, 0x80, 0xff, 0x80, 0xff, 0x80, 0xff, 0x80, 0xff, 0x80, 0xff, 0x80, 0xff, 0x80, 0xff, 0x80, 0xff, 0x80, 0xff, 0x80, 0xff, 0x80, 0xff, 0x80, 0xff, 0x80, 0xff, 0x80, 0xff, 0x80, 0xff, 0x80, 0xff, 0x80, 0xff, 0x80, 
  0xff, 0x80, 0xff, 0x80, 0xff, 0x80, 0xff, 0x80, 0xff, 0x80, 0xff, 0x80, 0xff, 0x80, 0xff, 0x80, 0xff, 0x80, 0xff, 0x80, 0xff, 0x80, 0xff, 0x80, 0xff, 0x80, 0xff, 0x80, 0xff, 0x80, 0xff, 0x80, 0xff, 0x80, 0xff, 0x80, 
  0xff, 0x80, 0xff, 0x80, 0xff, 0x80, 0xff, 0x80, 0xff, 0x80, 0xff, 0x80, 0xff, 0x80, 0xff, 0x80, 0xff, 0x80, 0xff, 0x80, 0xff, 0x80, 0xff, 0x80, 0xff, 0x80, 0xff, 0x80, 0xff, 0x80, 0xff, 0x80, 0xff, 0x80, 0xff, 0x80, 
  0xff, 0x80, 0xff, 0x80, 0xff, 0x80, 0xff, 0x80, 0xff, 0x80, 0xff, 0x80, 0xff, 0x80, 0xff, 0x80, 0xff, 0x80, 0xff, 0x80, 0xff, 0x80, 0xff, 0x80, 0xff, 0x80, 0xff, 0x80, 0xff, 0x80, 0xff, 0x80, 0xff, 0x80, 0xff, 0x80, 
  0xff, 0x80, 0xff, 0x80, 0xff, 0x80, 0xff, 0x80, 0xff, 0x80, 0xff, 0x80, 0xff, 0x80, 0xff, 0x80, 0xff, 0x80, 0xff, 0x80, 0xff, 0x80, 0xff, 0x80, 0xff, 0x80, 0xff, 0x80, 0xff, 0x80, 0xff, 0x80, 0xff, 0x80, 0xff, 0x80, 
  0xff, 0x80, 0xff, 0x80, 0xff, 0x80, 0xff, 0x80, 0xff, 0x80, 0xff, 0x80, 0xff, 0x80, 0xff, 0x80, 0xff, 0x80, 0xff, 0x80, 0xff, 0x80, 0xff, 0x80, 0xff, 0x80, 0xff, 0x80, 0xff, 0x80, 0xff, 0x80, 0xff, 0x80, 0xff, 0x80, 
  0xff, 0x80, 0xff, 0x80, 0xff, 0x80, 0xff, 0x80, 0xff, 0x80, 0xff, 0x80, 0xff, 0x80, 0xff, 0x80, 0xff, 0x80, 0xff, 0x80, 0xff, 0x80, 0xff, 0x80, 0xff, 0x80, 0xff, 0x80, 0xff, 0x80, 0xff, 0x80, 0xff, 0x80, 0xff, 0x80, 
  0xff, 0x80, 0xff, 0x80, 0xff, 0x80, 0xff, 0x80, 0xff, 0x80, 0xff, 0x80, 0xff, 0x80, 0xff, 0x80, 0xff, 0x80, 0xff, 0x80, 0xff, 0x80, 0xff, 0x80, 0xff, 0x80, 0xff, 0x80, 0xff, 0x80, 0xff, 0x80, 0xff, 0x80, 0xff, 0x80, 
  0xff, 0x80, 0xff, 0x80, 0xff, 0x80, 0xff, 0x80, 0xff, 0x80, 0xff, 0x80, 0xff, 0x80, 0xff, 0x80, 0xff, 0x80, 0xff, 0x80, 0xff, 0x80, 0xff, 0x80, 0xff, 0x80, 0xff, 0x80, 0xff, 0x80, 0xff, 0x80, 0xff, 0x80, 0xff, 0x80, 
  0xff, 0x80, 0xff, 0x80, 0xff, 0x80, 0xff, 0x80, 0xff, 0x80, 0xff, 0x80, 0xff, 0x80, 0xff, 0x80, 0xff, 0x80, 0xff, 0x80, 0xff, 0x80, 0xff, 0x80, 0xff, 0x80, 0xff, 0x80, 0xff, 0x80, 0xff, 0x80, 0xff, 0x80, 0xff, 0x80, 
  0xff, 0x80, 0xff, 0x80, 0xff, 0x80, 0xff, 0x80, 0xff, 0x80, 0xff, 0x80, 0xff, 0x80, 0xff, 0x80, 0xff, 0x80, 0xff, 0x80, 0xff, 0x80, 0xff, 0x80, 0xff, 0x80, 0xff, 0x80, 0xff, 0x80, 0xff, 0x80, 0xff, 0x80, 0xff, 0x80, 
  0xff, 0x80, 0xff, 0x80, 0xff, 0x80, 0xff, 0x80, 0xff, 0x80, 0xff, 0x80, 0xff, 0x80, 0xff, 0x80, 0xff, 0x80, 0xff, 0x80, 0xff, 0x80, 0xff, 0x80, 0xff, 0x80, 0xff, 0x80, 0xff, 0x80, 0xff, 0x80, 0xff, 0x80, 0xff, 0x80, 
  0xff, 0x80, 0xff, 0x80, 0xff, 0x80, 0xff, 0x80, 0xff, 0x80, 0xff, 0x80, 0xff, 0x80, 0xff, 0x80, 0xff, 0x80, 0xff, 0x80, 0xff, 0x80, 0xff, 0x80, 0xff, 0x80, 0xff, 0x80, 0xff, 0x80, 0xff, 0x80, 0xff, 0x80, 0xff, 0x80, 
  0xff, 0x80, 0xff, 0x80, 0xff, 0x80, 0xff, 0x80, 0xff, 0x80, 0xff, 0x80, 0xff, 0x80, 0xff, 0x80, 0xff, 0x80, 0xff, 0x80, 0xff, 0x80, 0xff, 0x80, 0xff, 0x80, 0xff, 0x80, 0xff, 0x80, 0xff, 0x80, 0xff, 0x80, 0xff, 0x80, 
  0xff, 0x80, 0xff, 0x80, 0xff, 0x80, 0xff, 0x80, 0xff, 0x80, 0xff, 0x80, 0xff, 0x80, 0xff, 0x80, 0xff, 0x80, 0xff, 0x80, 0xff, 0x80, 0xff, 0x80, 0xff, 0x80, 0xff, 0x80, 0xff, 0x80, 0xff, 0x80, 0xff, 0x80, 0xff, 0x80, 
  0xff, 0x80, 0xff, 0x80, 0xff, 0x80, 0xff, 0x80, 0xff, 0x80, 0xff, 0x80, 0xff, 0x80, 0xff, 0x80, 0xff, 0x80, 0xff, 0x80, 0xff, 0x80, 0xff, 0x80, 0xff, 0x80, 0xff, 0x80, 0xff, 0x80, 0xff, 0x80, 0xff, 0x80, 0xff, 0x80, 
  0xff, 0x80, 0xff, 0x80, 0xff, 0x80, 0xff, 0x80, 0xff, 0x80, 0xff, 0x80, 0xff, 0x80, 0xff, 0x80, 0xff, 0x80, 0xff, 0x80, 0xff, 0x80, 0xff, 0x80, 0xff, 0x80, 0xff, 0x80, 0xff, 0x80, 0xff, 0x80, 0xff, 0x80, 0xff, 0x80, 
  0xff, 0x80, 0xff, 0x80, 0xff, 0x80, 0xff, 0x80, 0xff, 0x80, 0xff, 0x80, 0xff, 0x80, 0xff, 0x80, 0xff, 0x80, 0xff, 0x80, 0xff, 0x80, 0xff, 0x80, 0xff, 0x80, 0xff, 0x80, 0xff, 0x80, 0xff, 0x80, 0xff, 0x80, 0xff, 0x80, 
  0xff, 0x80, 0xff, 0x80, 0xff, 0x80, 0xff, 0x80, 0xff, 0x80, 0xff, 0x80, 0xff, 0x80, 0xff, 0x80, 0xff, 0x80, 0xff, 0x80, 0xff, 0x80, 0xff, 0x80, 0xff, 0x80, 0xff, 0x80, 0xff, 0x80, 0xff, 0x80, 0xff, 0x80, 0xff, 0x80, 
  0xff, 0x80, 0xff, 0x80, 0xff, 0x80, 0xff, 0x80, 0xff, 0x80, 0xff, 0x80, 0xff, 0x80, 0xff, 0x80, 0xff, 0x80, 0xff, 0x80, 0xff, 0x80, 0xff, 0x80, 0xff, 0x80, 0xff, 0x80, 0xff, 0x80, 0xff, 0x80, 0xff, 0x80, 0xff, 0x80, 
  0xff, 0x80, 0xff, 0x80, 0xff, 0x80, 0xff, 0x80, 0xff, 0x80, 0xff, 0x80, 0xff, 0x80, 0xff, 0x80, 0xff, 0x80, 0xff, 0x80, 0xff, 0x80, 0xff, 0x80, 0xff, 0x80, 0xff, 0x80, 0xff, 0x80, 0xff, 0x80, 0xff, 0x80, 0xff, 0x80, 
  0xff, 0x80, 0xff, 0x80, 0xff, 0x80, 0xff, 0x80, 0xff, 0x80, 0xff, 0x80, 0xff, 0x80, 0xff, 0x80, 0xff, 0x80, 0xff, 0x80, 0xff, 0x80, 0xff, 0x80, 0xff, 0x80, 0xff, 0x80, 0xff, 0x80, 0xff, 0x80, 0xff, 0x80, 0xff, 0x80, 
  0xff, 0x80, 0xff, 0x80, 0xff, 0x80, 0xff, 0x80, 0xff, 0x80, 0xff, 0x80, 0xff, 0x80, 0xff, 0x80, 0xff, 0x80, 0xff, 0x80, 0xff, 0x80, 0xff, 0x80, 0xff, 0x80, 0xff, 0x80, 0xff, 0x80, 0xff, 0x80, 0xff, 0x80, 0xff, 0x80, 
  0xff, 0x80, 0xff, 0x80, 0xff, 0x80, 0xff, 0x80, 0xff, 0x80, 0xff, 0x80, 0xff, 0x80, 0xff, 0x80, 0xff, 0x80, 0xff, 0x80, 0xff, 0x80, 0xff, 0x80, 0xff, 0x80, 0xff, 0x80, 0xff, 0x80, 0xff, 0x80, 0xff, 0x80, 0xff, 0x80, 
  0xff, 0x80, 0xff, 0x80, 0xff, 0x80, 0xff, 0x80, 0xff, 0x80, 0xff, 0x80, 0xff, 0x80, 0xff, 0x80, 0xff, 0x80, 0xff, 0x80, 0xff, 0x80, 0xff, 0x80, 0xff, 0x80, 0xff, 0x80, 0xff, 0x80, 0xff, 0x80, 0xff, 0x80, 0xff, 0x80, 
  0xff, 0x80, 0xff, 0x80, 0xff, 0x80, 0xff, 0x80, 0xff, 0x80, 0xff, 0x80, 0xff, 0x80, 0xff, 0x80, 0xff, 0x80, 0xff, 0x80, 0xff, 0x80, 0xff, 0x80, 0xff, 0x80, 0xff, 0x80, 0xff, 0x80, 0xff, 0x80, 0xff, 0x80, 0xff, 0x80, 
  0xff, 0x80, 0xff, 0x80, 0xff, 0x80, 0xff, 0x80, 0xff, 0x80, 0xff, 0x80, 0xff, 0x80, 0xff, 0x80, 0xff, 0x80, 0xff, 0x80, 0xff, 0x80, 0xff, 0x80, 0xff, 0x80, 0xff, 0x80, 0xff, 0x80, 0xff, 0x80, 0xff, 0x80, 0xff, 0x80, 
  0xff, 0x80, 0xff, 0x80, 0xff, 0x80, 0xff, 0x80, 0xff, 0x80, 0xff, 0x80, 0xff, 0x80, 0xff, 0x80, 0xff, 0x80, 0xff, 0x80, 0xff, 0x80, 0xff, 0x80, 0xff, 0x80, 0xff, 0x80, 0xff, 0x80, 0xff, 0x80, 0xff, 0x80, 0xff, 0x80, 
  0xf7, 0x80, 0xf7, 0x80, 0xf7, 0x80, 0xf7, 0x80, 0xf7, 0x80, 0xf7, 0x80, 0xf7, 0x80, 0xf7, 0x80, 0xf7, 0x80, 0xf7, 0x80, 0xf7, 0x80, 0xf7, 0x80, 0xf7, 0x80, 0xf7, 0x80, 0xf7, 0x80, 0xf7, 0x80, 0xf7, 0x80, 0xf7, 0x80, 
  0xf7, 0x80, 0xf7, 0x80, 0xf7, 0x80, 0xf7, 0x80, 0xf7, 0x80, 0xf7, 0x80, 0xf7, 0x80, 0xf7, 0x80, 0xf7, 0x80, 0xf7, 0x80, 0xf7, 0x80, 0xf7, 0x80, 0xf7, 0x80, 0xf7, 0x80, 0xf7, 0x80, 0xf7, 0x80, 0xf7, 0x80, 0xf7, 0x80, 
  0xf7, 0x80, 0xf7, 0x80, 0xf7, 0x80, 0xf7, 0x80, 0xf7, 0x80, 0xf7, 0x80, 0xf7, 0x80, 0xf7, 0x80, 0xf7, 0x80, 0xf7, 0x80, 0xf7, 0x80, 0xf7, 0x80, 0xf7, 0x80, 0xf7, 0x80, 0xf7, 0x80, 0xf7, 0x80, 0xf7, 0x80, 0xf7, 0x80, 
  0xf7, 0x80, 0xf7, 0x80, 0xf7, 0x80, 0xf7, 0x80, 0xf7, 0x80, 0xf7, 0x80, 0xf7, 0x80, 0xf7, 0x80, 0xf7, 0x80, 0xf7, 0x80, 0xf7, 0x80, 0xf7, 0x80, 0xf7, 0x80, 0xf7, 0x80, 0xf7, 0x80, 0xf7, 0x80, 0xf7, 0x80, 0xf7, 0x80, 
  0xf7, 0x80, 0xf7, 0x80, 0xf7, 0x80, 0xf7, 0x80, 0xf7, 0x80, 0xf7, 0x80, 0xf7, 0x80, 0xf7, 0x80, 0xf7, 0x80, 0xf7, 0x80, 0xf7, 0x80, 0xf7, 0x80, 0xf7, 0x80, 0xf7, 0x80, 0xf7, 0x80, 0xf7, 0x80, 0xf7, 0x80, 0xf7, 0x80, 
  0xef, 0x80, 0xef, 0x80, 0xef, 0x80, 0xef, 0x80, 0xef, 0x80, 0xef, 0x80, 0xef, 0x80, 0xef, 0x80, 0xef, 0x80, 0xef, 0x80, 0xef, 0x80, 0xef, 0x80, 0xef, 0x80, 0xef, 0x80, 0xef, 0x80, 0xef, 0x80, 0xef, 0x80, 0xef, 0x80, 
  0xef, 0x80, 0xef, 0x80, 0xef, 0x80, 0xef, 0x80, 0xef, 0x80, 0xef, 0x80, 0xef, 0x80, 0xef, 0x80, 0xef, 0x80, 0xef, 0x80, 0xef, 0x80, 0xef, 0x80, 0xef, 0x80, 0xef, 0x80, 0xef, 0x80, 0xef, 0x80, 0xef, 0x80, 0xef, 0x80, 
  0xef, 0x80, 0xef, 0x80, 0xef, 0x80, 0xef, 0x80, 0xef, 0x80, 0xef, 0x80, 0xef, 0x80, 0xef, 0x80, 0xef, 0x80, 0xef, 0x80, 0xef, 0x80, 0xef, 0x80, 0xef, 0x80, 0xef, 0x80, 0xef, 0x80, 0xef, 0x80, 0xef, 0x80, 0xef, 0x80, 
  0xef, 0x80, 0xef, 0x80, 0xef, 0x80, 0xef, 0x80, 0xef, 0x80, 0xef, 0x80, 0xef, 0x80, 0xef, 0x80, 0xef, 0x80, 0xef, 0x80, 0xef, 0x80, 0xef, 0x80, 0xef, 0x80, 0xef, 0x80, 0xef, 0x80, 0xef, 0x80, 0xef, 0x80, 0xef, 0x80, 
  0xe7, 0x80, 0xe7, 0x80, 0xe7, 0x80, 0xe7, 0x80, 0xe7, 0x80, 0xe7, 0x80, 0xe7, 0x80, 0xe7, 0x80, 0xe7, 0x80, 0xe7, 0x80, 0xe7, 0x80, 0xe7, 0x80, 0xe7, 0x80, 0xe7, 0x80, 0xe7, 0x80, 0xe7, 0x80, 0xe7, 0x80, 0xe7, 0x80, 
  0xe7, 0x80, 0xe7, 0x80, 0xe7, 0x80, 0xe7, 0x80, 0xe7, 0x80, 0xe7, 0x80, 0xe7, 0x80, 0xe7, 0x80, 0xe7, 0x80, 0xe7, 0x80, 0xe7, 0x80, 0xe7, 0x80, 0xe7, 0x80, 0xe7, 0x80, 0xe7, 0x80, 0xe7, 0x80, 0xe7, 0x80, 0xe7, 0x80, 
  0xe7, 0x80, 0xe7, 0x80, 0xe7, 0x80, 0xe7, 0x80, 0xe7, 0x80, 0xe7, 0x80, 0xe7, 0x80, 0xe7, 0x80, 0xe7, 0x80, 0xe7, 0x80, 0xe7, 0x80, 0xe7, 0x80, 0xe7, 0x80, 0xe7, 0x80, 0xe7, 0x80, 0xe7, 0x80, 0xe7, 0x80, 0xe7, 0x80, 
  0xe7, 0x80, 0xe7, 0x80, 0xe7, 0x80, 0xe7, 0x80, 0xe7, 0x80, 0xe7, 0x80, 0xe7, 0x80, 0xe7, 0x80, 0xe7, 0x80, 0xe7, 0x80, 0xe7, 0x80, 0xe7, 0x80, 0xe7, 0x80, 0xe7, 0x80, 0xe7, 0x80, 0xe7, 0x80, 0xe7, 0x80, 0xe7, 0x80, 
  0xe7, 0xa0, 0xe7, 0xa0, 0xe7, 0xa0, 0xe7, 0xa0, 0xe7, 0xa0, 0xe7, 0xa0, 0xe7, 0xa0, 0xe7, 0xa0, 0xe7, 0xa0, 0xe7, 0xa0, 0xe7, 0xa0, 0xe7, 0xa0, 0xe7, 0xa0, 0xe7, 0xa0, 0xe7, 0xa0, 0xe7, 0xa0, 0xe7, 0xa0, 0xe7, 0xa0, 
  0xdf, 0xa0, 0xdf, 0xa0, 0xdf, 0xa0, 0xdf, 0xa0, 0xdf, 0xa0, 0xdf, 0xa0, 0xdf, 0xa0, 0xdf, 0xa0, 0xdf, 0xa0, 0xdf, 0xa0, 0xdf, 0xa0, 0xdf, 0xa0, 0xdf, 0xa0, 0xdf, 0xa0, 0xdf, 0xa0, 0xdf, 0xa0, 0xdf, 0xa0, 0xdf, 0xa0, 
  0xdf, 0xa0, 0xdf, 0xa0, 0xdf, 0xa0, 0xdf, 0xa0, 0xdf, 0xa0, 0xdf, 0xa0, 0xdf, 0xa0, 0xdf, 0xa0, 0xdf, 0xa0, 0xdf, 0xa0, 0xdf, 0xa0, 0xdf, 0xa0, 0xdf, 0xa0, 0xdf, 0xa0, 0xdf, 0xa0, 0xdf, 0xa0, 0xdf, 0xa0, 0xdf, 0xa0, 
  0xdf, 0xa0, 0xdf, 0xa0, 0xdf, 0xa0, 0xdf, 0xa0, 0xdf, 0xa0, 0xdf, 0xa0, 0xdf, 0xa0, 0xdf, 0xa0, 0xdf, 0xa0, 0xdf, 0xa0, 0xdf, 0xa0, 0xdf, 0xa0, 0xdf, 0xa0, 0xdf, 0xa0, 0xdf, 0xa0, 0xdf, 0xa0, 0xdf, 0xa0, 0xdf, 0xa0, 
  0xdf, 0xa0, 0xdf, 0xa0, 0xdf, 0xa0, 0xdf, 0xa0, 0xdf, 0xa0, 0xdf, 0xa0, 0xdf, 0xa0, 0xdf, 0xa0, 0xdf, 0xa0, 0xdf, 0xa0, 0xdf, 0xa0, 0xdf, 0xa0, 0xdf, 0xa0, 0xdf, 0xa0, 0xdf, 0xa0, 0xdf, 0xa0, 0xdf, 0xa0, 0xdf, 0xa0, 
  0xdf, 0xa0, 0xdf, 0xa0, 0xdf, 0xa0, 0xdf, 0xa0, 0xdf, 0xa0, 0xdf, 0xa0, 0xdf, 0xa0, 0xdf, 0xa0, 0xdf, 0xa0, 0xdf, 0xa0, 0xdf, 0xa0, 0xdf, 0xa0, 0xdf, 0xa0, 0xdf, 0xa0, 0xdf, 0xa0, 0xdf, 0xa0, 0xdf, 0xa0, 0xdf, 0xa0, 
  0xd7, 0xa0, 0xd7, 0xa0, 0xd7, 0xa0, 0xd7, 0xa0, 0xd7, 0xa0, 0xd7, 0xa0, 0xd7, 0xa0, 0xd7, 0xa0, 0xd7, 0xa0, 0xd7, 0xa0, 0xd7, 0xa0, 0xd7, 0xa0, 0xd7, 0xa0, 0xd7, 0xa0, 0xd7, 0xa0, 0xd7, 0xa0, 0xd7, 0xa0, 0xd7, 0xa0, 
  0xd7, 0xa0, 0xd7, 0xa0, 0xd7, 0xa0, 0xd7, 0xa0, 0xd7, 0xa0, 0xd7, 0xa0, 0xd7, 0xa0, 0xd7, 0xa0, 0xd7, 0xa0, 0xd7, 0xa0, 0xd7, 0xa0, 0xd7, 0xa0, 0xd7, 0xa0, 0xd7, 0xa0, 0xd7, 0xa0, 0xd7, 0xa0, 0xd7, 0xa0, 0xd7, 0xa0, 
  0xd7, 0xa0, 0xd7, 0xa0, 0xd7, 0xa0, 0xd7, 0xa0, 0xd7, 0xa0, 0xd7, 0xa0, 0xd7, 0xa0, 0xd7, 0xa0, 0xd7, 0xa0, 0xd7, 0xa0, 0xd7, 0xa0, 0xd7, 0xa0, 0xd7, 0xa0, 0xd7, 0xa0, 0xd7, 0xa0, 0xd7, 0xa0, 0xd7, 0xa0, 0xd7, 0xa0, 
  0xd7, 0xa0, 0xd7, 0xa0, 0xd7, 0xa0, 0xd7, 0xa0, 0xd7, 0xa0, 0xd7, 0xa0, 0xd7, 0xa0, 0xd7, 0xa0, 0xd7, 0xa0, 0xd7, 0xa0, 0xd7, 0xa0, 0xd7, 0xa0, 0xd7, 0xa0, 0xd7, 0xa0, 0xd7, 0xa0, 0xd7, 0xa0, 0xd7, 0xa0, 0xd7, 0xa0, 
  0xcf, 0xa0, 0xcf, 0xa0, 0xcf, 0xa0, 0xcf, 0xa0, 0xcf, 0xa0, 0xcf, 0xa0, 0xcf, 0xa0, 0xcf, 0xa0, 0xcf, 0xa0, 0xcf, 0xa0, 0xcf, 0xa0, 0xcf, 0xa0, 0xcf, 0xa0, 0xcf, 0xa0, 0xcf, 0xa0, 0xcf, 0xa0, 0xcf, 0xa0, 0xcf, 0xa0, 
  0xcf, 0xa0, 0xcf, 0xa0, 0xcf, 0xa0, 0xcf, 0xa0, 0xcf, 0xa0, 0xcf, 0xa0, 0xcf, 0xa0, 0xcf, 0xa0, 0xcf, 0xa0, 0xcf, 0xa0, 0xcf, 0xa0, 0xcf, 0xa0, 0xcf, 0xa0, 0xcf, 0xa0, 0xcf, 0xa0, 0xcf, 0xa0, 0xcf, 0xa0, 0xcf, 0xa0, 
  0xcf, 0xa0, 0xcf, 0xa0, 0xcf, 0xa0, 0xcf, 0xa0, 0xcf, 0xa0, 0xcf, 0xa0, 0xcf, 0xa0, 0xcf, 0xa0, 0xcf, 0xa0, 0xcf, 0xa0, 0xcf, 0xa0, 0xcf, 0xa0, 0xcf, 0xa0, 0xcf, 0xa0, 0xcf, 0xa0, 0xcf, 0xa0, 0xcf, 0xa0, 0xcf, 0xa0, 
  0xcf, 0xa0, 0xcf, 0xa0, 0xcf, 0xa0, 0xcf, 0xa0, 0xcf, 0xa0, 0xcf, 0xa0, 0xcf, 0xa0, 0xcf, 0xa0, 0xcf, 0xa0, 0xcf, 0xa0, 0xcf, 0xa0, 0xcf, 0xa0, 0xcf, 0xa0, 0xcf, 0xa0, 0xcf, 0xa0, 0xcf, 0xa0, 0xcf, 0xa0, 0xcf, 0xa0, 
  0xcf, 0xa0, 0xcf, 0xa0, 0xcf, 0xa0, 0xcf, 0xa0, 0xcf, 0xa0, 0xcf, 0xa0, 0xcf, 0xa0, 0xcf, 0xa0, 0xcf, 0xa0, 0xcf, 0xa0, 0xcf, 0xa0, 0xcf, 0xa0, 0xcf, 0xa0, 0xcf, 0xa0, 0xcf, 0xa0, 0xcf, 0xa0, 0xcf, 0xa0, 0xcf, 0xa0, 
  0xc7, 0xa0, 0xc7, 0xa0, 0xc7, 0xa0, 0xc7, 0xa0, 0xc7, 0xa0, 0xc7, 0xa0, 0xc7, 0xa0, 0xc7, 0xa0, 0xc7, 0xa0, 0xc7, 0xa0, 0xc7, 0xa0, 0xc7, 0xa0, 0xc7, 0xa0, 0xc7, 0xa0, 0xc7, 0xa0, 0xc7, 0xa0, 0xc7, 0xa0, 0xc7, 0xa0, 
  0xc7, 0xa0, 0xc7, 0xa0, 0xc7, 0xa0, 0xc7, 0xa0, 0xc7, 0xa0, 0xc7, 0xa0, 0xc7, 0xa0, 0xc7, 0xa0, 0xc7, 0xa0, 0xc7, 0xa0, 0xc7, 0xa0, 0xc7, 0xa0, 0xc7, 0xa0, 0xc7, 0xa0, 0xc7, 0xa0, 0xc7, 0xa0, 0xc7, 0xa0, 0xc7, 0xa0, 
  0xc7, 0xa0, 0xc7, 0xa0, 0xc7, 0xa0, 0xc7, 0xa0, 0xc7, 0xa0, 0xc7, 0xa0, 0xc7, 0xa0, 0xc7, 0xa0, 0xc7, 0xa0, 0xc7, 0xa0, 0xc7, 0xa0, 0xc7, 0xa0, 0xc7, 0xa0, 0xc7, 0xa0, 0xc7, 0xa0, 0xc7, 0xa0, 0xc7, 0xa0, 0xc7, 0xa0, 
  0xc7, 0xa0, 0xc7, 0xa0, 0xc7, 0xa0, 0xc7, 0xa0, 0xc7, 0xa0, 0xc7, 0xa0, 0xc7, 0xa0, 0xc7, 0xa0, 0xc7, 0xa0, 0xc7, 0xa0, 0xc7, 0xa0, 0xc7, 0xa0, 0xc7, 0xa0, 0xc7, 0xa0, 0xc7, 0xa0, 0xc7, 0xa0, 0xc7, 0xa0, 0xc7, 0xa0, 
  0xbf, 0xa0, 0xbf, 0xa0, 0xbf, 0xa0, 0xbf, 0xa0, 0xbf, 0xa0, 0xbf, 0xa0, 0xbf, 0xa0, 0xbf, 0xa0, 0xbf, 0xa0, 0xbf, 0xa0, 0xbf, 0xa0, 0xbf, 0xa0, 0xbf, 0xa0, 0xbf, 0xa0, 0xbf, 0xa0, 0xbf, 0xa0, 0xbf, 0xa0, 0xbf, 0xa0, 
  0xbf, 0xa0, 0xbf, 0xa0, 0xbf, 0xa0, 0xbf, 0xa0, 0xbf, 0xa0, 0xbf, 0xa0, 0xbf, 0xa0, 0xbf, 0xa0, 0xbf, 0xa0, 0xbf, 0xa0, 0xbf, 0xa0, 0xbf, 0xa0, 0xbf, 0xa0, 0xbf, 0xa0, 0xbf, 0xa0, 0xbf, 0xa0, 0xbf, 0xa0, 0xbf, 0xa0, 
  0xbf, 0xa0, 0xbf, 0xa0, 0xbf, 0xa0, 0xbf, 0xa0, 0xbf, 0xa0, 0xbf, 0xa0, 0xbf, 0xa0, 0xbf, 0xa0, 0xbf, 0xa0, 0xbf, 0xa0, 0xbf, 0xa0, 0xbf, 0xa0, 0xbf, 0xa0, 0xbf, 0xa0, 0xbf, 0xa0, 0xbf, 0xa0, 0xbf, 0xa0, 0xbf, 0xa0, 
  0xbf, 0xa0, 0xbf, 0xa0, 0xbf, 0xa0, 0xbf, 0xa0, 0xbf, 0xa0, 0xbf, 0xa0, 0xbf, 0xa0, 0xbf, 0xa0, 0xbf, 0xa0, 0xbf, 0xa0, 0xbf, 0xa0, 0xbf, 0xa0, 0xbf, 0xa0, 0xbf, 0xa0, 0xbf, 0xa0, 0xbf, 0xa0, 0xbf, 0xa0, 0xbf, 0xa0, 
  0xbf, 0xa0, 0xbf, 0xa0, 0xbf, 0xa0, 0xbf, 0xa0, 0xbf, 0xa0, 0xbf, 0xa0, 0xbf, 0xa0, 0xbf, 0xa0, 0xbf, 0xa0, 0xbf, 0xa0, 0xbf, 0xa0, 0xbf, 0xa0, 0xbf, 0xa0, 0xbf, 0xa0, 0xbf, 0xa0, 0xbf, 0xa0, 0xbf, 0xa0, 0xbf, 0xa0, 
  0xb7, 0xa0, 0xb7, 0xa0, 0xb7, 0xa0, 0xb7, 0xa0, 0xb7, 0xa0, 0xb7, 0xa0, 0xb7, 0xa0, 0xb7, 0xa0, 0xb7, 0xa0, 0xb7, 0xa0, 0xb7, 0xa0, 0xb7, 0xa0, 0xb7, 0xa0, 0xb7, 0xa0, 0xb7, 0xa0, 0xb7, 0xa0, 0xb7, 0xa0, 0xb7, 0xa0, 
  0xb7, 0xa0, 0xb7, 0xa0, 0xb7, 0xa0, 0xb7, 0xa0, 0xb7, 0xa0, 0xb7, 0xa0, 0xb7, 0xa0, 0xb7, 0xa0, 0xb7, 0xa0, 0xb7, 0xa0, 0xb7, 0xa0, 0xb7, 0xa0, 0xb7, 0xa0, 0xb7, 0xa0, 0xb7, 0xa0, 0xb7, 0xa0, 0xb7, 0xa0, 0xb7, 0xa0, 
  0xb7, 0xa0, 0xb7, 0xa0, 0xb7, 0xa0, 0xb7, 0xa0, 0xb7, 0xa0, 0xb7, 0xa0, 0xb7, 0xa0, 0xb7, 0xa0, 0xb7, 0xa0, 0xb7, 0xa0, 0xb7, 0xa0, 0xb7, 0xa0, 0xb7, 0xa0, 0xb7, 0xa0, 0xb7, 0xa0, 0xb7, 0xa0, 0xb7, 0xa0, 0xb7, 0xa0, 
  0xb7, 0xa0, 0xb7, 0xa0, 0xb7, 0xa0, 0xb7, 0xa0, 0xb7, 0xa0, 0xb7, 0xa0, 0xb7, 0xa0, 0xb7, 0xa0, 0xb7, 0xa0, 0xb7, 0xa0, 0xb7, 0xa0, 0xb7, 0xa0, 0xb7, 0xa0, 0xb7, 0xa0, 0xb7, 0xa0, 0xb7, 0xa0, 0xb7, 0xa0, 0xb7, 0xa0, 
  0xaf, 0xa0, 0xaf, 0xa0, 0xaf, 0xa0, 0xaf, 0xa0, 0xaf, 0xa0, 0xaf, 0xa0, 0xaf, 0xa0, 0xaf, 0xa0, 0xaf, 0xa0, 0xaf, 0xa0, 0xaf, 0xa0, 0xaf, 0xa0, 0xaf, 0xa0, 0xaf, 0xa0, 0xaf, 0xa0, 0xaf, 0xa0, 0xaf, 0xa0, 0xaf, 0xa0, 
  0xaf, 0xa0, 0xaf, 0xa0, 0xaf, 0xa0, 0xaf, 0xa0, 0xaf, 0xa0, 0xaf, 0xa0, 0xaf, 0xa0, 0xaf, 0xa0, 0xaf, 0xa0, 0xaf, 0xa0, 0xaf, 0xa0, 0xaf, 0xa0, 0xaf, 0xa0, 0xaf, 0xa0, 0xaf, 0xa0, 0xaf, 0xa0, 0xaf, 0xa0, 0xaf, 0xa0, 
  0xaf, 0xa0, 0xaf, 0xa0, 0xaf, 0xa0, 0xaf, 0xa0, 0xaf, 0xa0, 0xaf, 0xa0, 0xaf, 0xa0, 0xaf, 0xa0, 0xaf, 0xa0, 0xaf, 0xa0, 0xaf, 0xa0, 0xaf, 0xa0, 0xaf, 0xa0, 0xaf, 0xa0, 0xaf, 0xa0, 0xaf, 0xa0, 0xaf, 0xa0, 0xaf, 0xa0, 
  0xaf, 0xa0, 0xaf, 0xa0, 0xaf, 0xa0, 0xaf, 0xa0, 0xaf, 0xa0, 0xaf, 0xa0, 0xaf, 0xa0, 0xaf, 0xa0, 0xaf, 0xa0, 0xaf, 0xa0, 0xaf, 0xa0, 0xaf, 0xa0, 0xaf, 0xa0, 0xaf, 0xa0, 0xaf, 0xa0, 0xaf, 0xa0, 0xaf, 0xa0, 0xaf, 0xa0, 
  0xaf, 0xa0, 0xaf, 0xa0, 0xaf, 0xa0, 0xaf, 0xa0, 0xaf, 0xa0, 0xaf, 0xa0, 0xaf, 0xa0, 0xaf, 0xa0, 0xaf, 0xa0, 0xaf, 0xa0, 0xaf, 0xa0, 0xaf, 0xa0, 0xaf, 0xa0, 0xaf, 0xa0, 0xaf, 0xa0, 0xaf, 0xa0, 0xaf, 0xa0, 0xaf, 0xa0, 
  0xa7, 0xa0, 0xa7, 0xa0, 0xa7, 0xa0, 0xa7, 0xa0, 0xa7, 0xa0, 0xa7, 0xa0, 0xa7, 0xa0, 0xa7, 0xa0, 0xa7, 0xa0, 0xa7, 0xa0, 0xa7, 0xa0, 0xa7, 0xa0, 0xa7, 0xa0, 0xa7, 0xa0, 0xa7, 0xa0, 0xa7, 0xa0, 0xa7, 0xa0, 0xa7, 0xa0, 
  0xa7, 0xa0, 0xa7, 0xa0, 0xa7, 0xa0, 0xa7, 0xa0, 0xa7, 0xa0, 0xa7, 0xa0, 0xa7, 0xa0, 0xa7, 0xa0, 0xa7, 0xa0, 0xa7, 0xa0, 0xa7, 0xa0, 0xa7, 0xa0, 0xa7, 0xa0, 0xa7, 0xa0, 0xa7, 0xa0, 0xa7, 0xa0, 0xa7, 0xa0, 0xa7, 0xa0, 
  0xa7, 0xa0, 0xa7, 0xa0, 0xa7, 0xa0, 0xa7, 0xa0, 0xa7, 0xa0, 0xa7, 0xa0, 0xa7, 0xa0, 0xa7, 0xa0, 0xa7, 0xa0, 0xa7, 0xa0, 0xa7, 0xa0, 0xa7, 0xa0, 0xa7, 0xa0, 0xa7, 0xa0, 0xa7, 0xa0, 0xa7, 0xa0, 0xa7, 0xa0, 0xa7, 0xa0, 
  0xa7, 0xa0, 0xa7, 0xa0, 0xa7, 0xa0, 0xa7, 0xa0, 0xa7, 0xa0, 0xa7, 0xa0, 0xa7, 0xa0, 0xa7, 0xa0, 0xa7, 0xa0, 0xa7, 0xa0, 0xa7, 0xa0, 0xa7, 0xa0, 0xa7, 0xa0, 0xa7, 0xa0, 0xa7, 0xa0, 0xa7, 0xa0, 0xa7, 0xa0, 0xa7, 0xa0, 
  0x9f, 0xa0, 0x9f, 0xa0, 0x9f, 0xa0, 0x9f, 0xa0, 0x9f, 0xa0, 0x9f, 0xa0, 0x9f, 0xa0, 0x9f, 0xa0, 0x9f, 0xa0, 0x9f, 0xa0, 0x9f, 0xa0, 0x9f, 0xa0, 0x9f, 0xa0, 0x9f, 0xa0, 0x9f, 0xa0, 0x9f, 0xa0, 0x9f, 0xa0, 0x9f, 0xa0, 
  0x9f, 0xc0, 0x9f, 0xc0, 0x9f, 0xc0, 0x9f, 0xc0, 0x9f, 0xc0, 0x9f, 0xc0, 0x9f, 0xc0, 0x9f, 0xc0, 0x9f, 0xc0, 0x9f, 0xc0, 0x9f, 0xc0, 0x9f, 0xc0, 0x9f, 0xc0, 0x9f, 0xc0, 0x9f, 0xc0, 0x9f, 0xc0, 0x9f, 0xc0, 0x9f, 0xc0, 
  0x9f, 0xc0, 0x9f, 0xc0, 0x9f, 0xc0, 0x9f, 0xc0, 0x9f, 0xc0, 0x9f, 0xc0, 0x9f, 0xc0, 0x9f, 0xc0, 0x9f, 0xc0, 0x9f, 0xc0, 0x9f, 0xc0, 0x9f, 0xc0, 0x9f, 0xc0, 0x9f, 0xc0, 0x9f, 0xc0, 0x9f, 0xc0, 0x9f, 0xc0, 0x9f, 0xc0, 
  0x9f, 0xc0, 0x9f, 0xc0, 0x9f, 0xc0, 0x9f, 0xc0, 0x9f, 0xc0, 0x9f, 0xc0, 0x9f, 0xc0, 0x9f, 0xc0, 0x9f, 0xc0, 0x9f, 0xc0, 0x9f, 0xc0, 0x9f, 0xc0, 0x9f, 0xc0, 0x9f, 0xc0, 0x9f, 0xc0, 0x9f, 0xc0, 0x9f, 0xc0, 0x9f, 0xc0, 
  0x9f, 0xc0, 0x9f, 0xc0, 0x9f, 0xc0, 0x9f, 0xc0, 0x9f, 0xc0, 0x9f, 0xc0, 0x9f, 0xc0, 0x9f, 0xc0, 0x9f, 0xc0, 0x9f, 0xc0, 0x9f, 0xc0, 0x9f, 0xc0, 0x9f, 0xc0, 0x9f, 0xc0, 0x9f, 0xc0, 0x9f, 0xc0, 0x9f, 0xc0, 0x9f, 0xc0, 
  0x97, 0xc0, 0x97, 0xc0, 0x97, 0xc0, 0x97, 0xc0, 0x97, 0xc0, 0x97, 0xc0, 0x97, 0xc0, 0x97, 0xc0, 0x97, 0xc0, 0x97, 0xc0, 0x97, 0xc0, 0x97, 0xc0, 0x97, 0xc0, 0x97, 0xc0, 0x97, 0xc0, 0x97, 0xc0, 0x97, 0xc0, 0x97, 0xc0, 
  0x97, 0xc0, 0x97, 0xc0, 0x97, 0xc0, 0x97, 0xc0, 0x97, 0xc0, 0x97, 0xc0, 0x97, 0xc0, 0x97, 0xc0, 0x97, 0xc0, 0x97, 0xc0, 0x97, 0xc0, 0x97, 0xc0, 0x97, 0xc0, 0x97, 0xc0, 0x97, 0xc0, 0x97, 0xc0, 0x97, 0xc0, 0x97, 0xc0, 
  0x97, 0xc0, 0x97, 0xc0, 0x97, 0xc0, 0x97, 0xc0, 0x97, 0xc0, 0x97, 0xc0, 0x97, 0xc0, 0x97, 0xc0, 0x97, 0xc0, 0x97, 0xc0, 0x97, 0xc0, 0x97, 0xc0, 0x97, 0xc0, 0x97, 0xc0, 0x97, 0xc0, 0x97, 0xc0, 0x97, 0xc0, 0x97, 0xc0, 
  0x97, 0xc0, 0x97, 0xc0, 0x97, 0xc0, 0x97, 0xc0, 0x97, 0xc0, 0x97, 0xc0, 0x97, 0xc0, 0x97, 0xc0, 0x97, 0xc0, 0x97, 0xc0, 0x97, 0xc0, 0x97, 0xc0, 0x97, 0xc0, 0x97, 0xc0, 0x97, 0xc0, 0x97, 0xc0, 0x97, 0xc0, 0x97, 0xc0, 
  0x8f, 0xc0, 0x8f, 0xc0, 0x8f, 0xc0, 0x8f, 0xc0, 0x8f, 0xc0, 0x8f, 0xc0, 0x8f, 0xc0, 0x8f, 0xc0, 0x8f, 0xc0, 0x8f, 0xc0, 0x8f, 0xc0, 0x8f, 0xc0, 0x8f, 0xc0, 0x8f, 0xc0, 0x8f, 0xc0, 0x8f, 0xc0, 0x8f, 0xc0, 0x8f, 0xc0, 
  0x8f, 0xc0, 0x8f, 0xc0, 0x8f, 0xc0, 0x8f, 0xc0, 0x8f, 0xc0, 0x8f, 0xc0, 0x8f, 0xc0, 0x8f, 0xc0, 0x8f, 0xc0, 0x8f, 0xc0, 0x8f, 0xc0, 0x8f, 0xc0, 0x8f, 0xc0, 0x8f, 0xc0, 0x8f, 0xc0, 0x8f, 0xc0, 0x8f, 0xc0, 0x8f, 0xc0, 
  0x8f, 0xc0, 0x8f, 0xc0, 0x8f, 0xc0, 0x8f, 0xc0, 0x8f, 0xc0, 0x8f, 0xc0, 0x8f, 0xc0, 0x8f, 0xc0, 0x8f, 0xc0, 0x8f, 0xc0, 0x8f, 0xc0, 0x8f, 0xc0, 0x8f, 0xc0, 0x8f, 0xc0, 0x8f, 0xc0, 0x8f, 0xc0, 0x8f, 0xc0, 0x8f, 0xc0, 
  0x8f, 0xc0, 0x8f, 0xc0, 0x8f, 0xc0, 0x8f, 0xc0, 0x8f, 0xc0, 0x8f, 0xc0, 0x8f, 0xc0, 0x8f, 0xc0, 0x8f, 0xc0, 0x8f, 0xc0, 0x8f, 0xc0, 0x8f, 0xc0, 0x8f, 0xc0, 0x8f, 0xc0, 0x8f, 0xc0, 0x8f, 0xc0, 0x8f, 0xc0, 0x8f, 0xc0, 
  0x8f, 0xc0, 0x8f, 0xc0, 0x8f, 0xc0, 0x8f, 0xc0, 0x8f, 0xc0, 0x8f, 0xc0, 0x8f, 0xc0, 0x8f, 0xc0, 0x8f, 0xc0, 0x8f, 0xc0, 0x8f, 0xc0, 0x8f, 0xc0, 0x8f, 0xc0, 0x8f, 0xc0, 0x8f, 0xc0, 0x8f, 0xc0, 0x8f, 0xc0, 0x8f, 0xc0, 
  0x87, 0xc0, 0x87, 0xc0, 0x87, 0xc0, 0x87, 0xc0, 0x87, 0xc0, 0x87, 0xc0, 0x87, 0xc0, 0x87, 0xc0, 0x87, 0xc0, 0x87, 0xc0, 0x87, 0xc0, 0x87, 0xc0, 0x87, 0xc0, 0x87, 0xc0, 0x87, 0xc0, 0x87, 0xc0, 0x87, 0xc0, 0x87, 0xc0, 
  0x87, 0xc0, 0x87, 0xc0, 0x87, 0xc0, 0x87, 0xc0, 0x87, 0xc0, 0x87, 0xc0, 0x87, 0xc0, 0x87, 0xc0, 0x87, 0xc0, 0x87, 0xc0, 0x87, 0xc0, 0x87, 0xc0, 0x87, 0xc0, 0x87, 0xc0, 0x87, 0xc0, 0x87, 0xc0, 0x87, 0xc0, 0x87, 0xc0, 
  0x87, 0xc0, 0x87, 0xc0, 0x87, 0xc0, 0x87, 0xc0, 0x87, 0xc0, 0x87, 0xc0, 0x87, 0xc0, 0x87, 0xc0, 0x87, 0xc0, 0x87, 0xc0, 0x87, 0xc0, 0x87, 0xc0, 0x87, 0xc0, 0x87, 0xc0, 0x87, 0xc0, 0x87, 0xc0, 0x87, 0xc0, 0x87, 0xc0, 
  0x87, 0xc0, 0x87, 0xc0, 0x87, 0xc0, 0x87, 0xc0, 0x87, 0xc0, 0x87, 0xc0, 0x87, 0xc0, 0x87, 0xc0, 0x87, 0xc0, 0x87, 0xc0, 0x87, 0xc0, 0x87, 0xc0, 0x87, 0xc0, 0x87, 0xc0, 0x87, 0xc0, 0x87, 0xc0, 0x87, 0xc0, 0x87, 0xc0, 
  0x87, 0xc0, 0x87, 0xc0, 0x87, 0xc0, 0x87, 0xc0, 0x87, 0xc0, 0x87, 0xc0, 0x87, 0xc0, 0x87, 0xc0, 0x87, 0xc0, 0x87, 0xc0, 0x87, 0xc0, 0x87, 0xc0, 0x87, 0xc0, 0x87, 0xc0, 0x87, 0xc0, 0x87, 0xc0, 0x87, 0xc0, 0x87, 0xc0, 
  0x7f, 0xc0, 0x7f, 0xc0, 0x7f, 0xc0, 0x7f, 0xc0, 0x7f, 0xc0, 0x7f, 0xc0, 0x7f, 0xc0, 0x7f, 0xc0, 0x7f, 0xc0, 0x7f, 0xc0, 0x7f, 0xc0, 0x7f, 0xc0, 0x7f, 0xc0, 0x7f, 0xc0, 0x7f, 0xc0, 0x7f, 0xc0, 0x7f, 0xc0, 0x7f, 0xc0, 
  0x7f, 0xc0, 0x7f, 0xc0, 0x7f, 0xc0, 0x7f, 0xc0, 0x7f, 0xc0, 0x7f, 0xc0, 0x7f, 0xc0, 0x7f, 0xc0, 0x7f, 0xc0, 0x7f, 0xc0, 0x7f, 0xc0, 0x7f, 0xc0, 0x7f, 0xc0, 0x7f, 0xc0, 0x7f, 0xc0, 0x7f, 0xc0, 0x7f, 0xc0, 0x7f, 0xc0, 
  0x7f, 0xc0, 0x7f, 0xc0, 0x7f, 0xc0, 0x7f, 0xc0, 0x7f, 0xc0, 0x7f, 0xc0, 0x7f, 0xc0, 0x7f, 0xc0, 0x7f, 0xc0, 0x7f, 0xc0, 0x7f, 0xc0, 0x7f, 0xc0, 0x7f, 0xc0, 0x7f, 0xc0, 0x7f, 0xc0, 0x7f, 0xc0, 0x7f, 0xc0, 0x7f, 0xc0, 
  0x7f, 0xc0, 0x7f, 0xc0, 0x7f, 0xc0, 0x7f, 0xc0, 0x7f, 0xc0, 0x7f, 0xc0, 0x7f, 0xc0, 0x7f, 0xc0, 0x7f, 0xc0, 0x7f, 0xc0, 0x7f, 0xc0, 0x7f, 0xc0, 0x7f, 0xc0, 0x7f, 0xc0, 0x7f, 0xc0, 0x7f, 0xc0, 0x7f, 0xc0, 0x7f, 0xc0, 
  0x77, 0xc0, 0x77, 0xc0, 0x77, 0xc0, 0x77, 0xc0, 0x77, 0xc0, 0x77, 0xc0, 0x77, 0xc0, 0x77, 0xc0, 0x77, 0xc0, 0x77, 0xc0, 0x77, 0xc0, 0x77, 0xc0, 0x77, 0xc0, 0x77, 0xc0, 0x77, 0xc0, 0x77, 0xc0, 0x77, 0xc0, 0x77, 0xc0, 
  0x77, 0xc0, 0x77, 0xc0, 0x77, 0xc0, 0x77, 0xc0, 0x77, 0xc0, 0x77, 0xc0, 0x77, 0xc0, 0x77, 0xc0, 0x77, 0xc0, 0x77, 0xc0, 0x77, 0xc0, 0x77, 0xc0, 0x77, 0xc0, 0x77, 0xc0, 0x77, 0xc0, 0x77, 0xc0, 0x77, 0xc0, 0x77, 0xc0, 
  0x77, 0xc0, 0x77, 0xc0, 0x77, 0xc0, 0x77, 0xc0, 0x77, 0xc0, 0x77, 0xc0, 0x77, 0xc0, 0x77, 0xc0, 0x77, 0xc0, 0x77, 0xc0, 0x77, 0xc0, 0x77, 0xc0, 0x77, 0xc0, 0x77, 0xc0, 0x77, 0xc0, 0x77, 0xc0, 0x77, 0xc0, 0x77, 0xc0, 
  0x77, 0xc0, 0x77, 0xc0, 0x77, 0xc0, 0x77, 0xc0, 0x77, 0xc0, 0x77, 0xc0, 0x77, 0xc0, 0x77, 0xc0, 0x77, 0xc0, 0x77, 0xc0, 0x77, 0xc0, 0x77, 0xc0, 0x77, 0xc0, 0x77, 0xc0, 0x77, 0xc0, 0x77, 0xc0, 0x77, 0xc0, 0x77, 0xc0, 
  0x77, 0xc0, 0x77, 0xc0, 0x77, 0xc0, 0x77, 0xc0, 0x77, 0xc0, 0x77, 0xc0, 0x77, 0xc0, 0x77, 0xc0, 0x77, 0xc0, 0x77, 0xc0, 0x77, 0xc0, 0x77, 0xc0, 0x77, 0xc0, 0x77, 0xc0, 0x77, 0xc0, 0x77, 0xc0, 0x77, 0xc0, 0x77, 0xc0, 
  0x6f, 0xc0, 0x6f, 0xc0, 0x6f, 0xc0, 0x6f, 0xc0, 0x6f, 0xc0, 0x6f, 0xc0, 0x6f, 0xc0, 0x6f, 0xc0, 0x6f, 0xc0, 0x6f, 0xc0, 0x6f, 0xc0, 0x6f, 0xc0, 0x6f, 0xc0, 0x6f, 0xc0, 0x6f, 0xc0, 0x6f, 0xc0, 0x6f, 0xc0, 0x6f, 0xc0, 
  0x6f, 0xc0, 0x6f, 0xc0, 0x6f, 0xc0, 0x6f, 0xc0, 0x6f, 0xc0, 0x6f, 0xc0, 0x6f, 0xc0, 0x6f, 0xc0, 0x6f, 0xc0, 0x6f, 0xc0, 0x6f, 0xc0, 0x6f, 0xc0, 0x6f, 0xc0, 0x6f, 0xc0, 0x6f, 0xc0, 0x6f, 0xc0, 0x6f, 0xc0, 0x6f, 0xc0, 
  0x6f, 0xc0, 0x6f, 0xc0, 0x6f, 0xc0, 0x6f, 0xc0, 0x6f, 0xc0, 0x6f, 0xc0, 0x6f, 0xc0, 0x6f, 0xc0, 0x6f, 0xc0, 0x6f, 0xc0, 0x6f, 0xc0, 0x6f, 0xc0, 0x6f, 0xc0, 0x6f, 0xc0, 0x6f, 0xc0, 0x6f, 0xc0, 0x6f, 0xc0, 0x6f, 0xc0, 
  0x6f, 0xc0, 0x6f, 0xc0, 0x6f, 0xc0, 0x6f, 0xc0, 0x6f, 0xc0, 0x6f, 0xc0, 0x6f, 0xc0, 0x6f, 0xc0, 0x6f, 0xc0, 0x6f, 0xc0, 0x6f, 0xc0, 0x6f, 0xc0, 0x6f, 0xc0, 0x6f, 0xc0, 0x6f, 0xc0, 0x6f, 0xc0, 0x6f, 0xc0, 0x6f, 0xc0, 
  0x67, 0xc0, 0x67, 0xc0, 0x67, 0xc0, 0x67, 0xc0, 0x67, 0xc0, 0x67, 0xc0, 0x67, 0xc0, 0x67, 0xc0, 0x67, 0xc0, 0x67, 0xc0, 0x67, 0xc0, 0x67, 0xc0, 0x67, 0xc0, 0x67, 0xc0, 0x67, 0xc0, 0x67, 0xc0, 0x67, 0xc0, 0x67, 0xc0, 
  0x67, 0xc0, 0x67, 0xc0, 0x67, 0xc0, 0x67, 0xc0, 0x67, 0xc0, 0x67, 0xc0, 0x67, 0xc0, 0x67, 0xc0, 0x67, 0xc0, 0x67, 0xc0, 0x67, 0xc0, 0x67, 0xc0, 0x67, 0xc0, 0x67, 0xc0, 0x67, 0xc0, 0x67, 0xc0, 0x67, 0xc0, 0x67, 0xc0, 
  0x67, 0xc0, 0x67, 0xc0, 0x67, 0xc0, 0x67, 0xc0, 0x67, 0xc0, 0x67, 0xc0, 0x67, 0xc0, 0x67, 0xc0, 0x67, 0xc0, 0x67, 0xc0, 0x67, 0xc0, 0x67, 0xc0, 0x67, 0xc0, 0x67, 0xc0, 0x67, 0xc0, 0x67, 0xc0, 0x67, 0xc0, 0x67, 0xc0, 
  0x67, 0xc0, 0x67, 0xc0, 0x67, 0xc0, 0x67, 0xc0, 0x67, 0xc0, 0x67, 0xc0, 0x67, 0xc0, 0x67, 0xc0, 0x67, 0xc0, 0x67, 0xc0, 0x67, 0xc0, 0x67, 0xc0, 0x67, 0xc0, 0x67, 0xc0, 0x67, 0xc0, 0x67, 0xc0, 0x67, 0xc0, 0x67, 0xc0, 
  0x67, 0xc0, 0x67, 0xc0, 0x67, 0xc0, 0x67, 0xc0, 0x67, 0xc0, 0x67, 0xc0, 0x67, 0xc0, 0x67, 0xc0, 0x67, 0xc0, 0x67, 0xc0, 0x67, 0xc0, 0x67, 0xc0, 0x67, 0xc0, 0x67, 0xc0, 0x67, 0xc0, 0x67, 0xc0, 0x67, 0xc0, 0x67, 0xc0, 
  0x5f, 0xc0, 0x5f, 0xc0, 0x5f, 0xc0, 0x5f, 0xc0, 0x5f, 0xc0, 0x5f, 0xc0, 0x5f, 0xc0, 0x5f, 0xc0, 0x5f, 0xc0, 0x5f, 0xc0, 0x5f, 0xc0, 0x5f, 0xc0, 0x5f, 0xc0, 0x5f, 0xc0, 0x5f, 0xc0, 0x5f, 0xc0, 0x5f, 0xc0, 0x5f, 0xc0, 
  0x5f, 0xc0, 0x5f, 0xc0, 0x5f, 0xc0, 0x5f, 0xc0, 0x5f, 0xc0, 0x5f, 0xc0, 0x5f, 0xc0, 0x5f, 0xc0, 0x5f, 0xc0, 0x5f, 0xc0, 0x5f, 0xc0, 0x5f, 0xc0, 0x5f, 0xc0, 0x5f, 0xc0, 0x5f, 0xc0, 0x5f, 0xc0, 0x5f, 0xc0, 0x5f, 0xc0, 
  0x5f, 0xc0, 0x5f, 0xc0, 0x5f, 0xc0, 0x5f, 0xc0, 0x5f, 0xc0, 0x5f, 0xc0, 0x5f, 0xc0, 0x5f, 0xc0, 0x5f, 0xc0, 0x5f, 0xc0, 0x5f, 0xc0, 0x5f, 0xc0, 0x5f, 0xc0, 0x5f, 0xc0, 0x5f, 0xc0, 0x5f, 0xc0, 0x5f, 0xc0, 0x5f, 0xc0, 
  0x5f, 0xe0, 0x5f, 0xe0, 0x5f, 0xe0, 0x5f, 0xe0, 0x5f, 0xe0, 0x5f, 0xe0, 0x5f, 0xe0, 0x5f, 0xe0, 0x5f, 0xe0, 0x5f, 0xe0, 0x5f, 0xe0, 0x5f, 0xe0, 0x5f, 0xe0, 0x5f, 0xe0, 0x5f, 0xe0, 0x5f, 0xe0, 0x5f, 0xe0, 0x5f, 0xe0, 
  0x57, 0xe0, 0x57, 0xe0, 0x57, 0xe0, 0x57, 0xe0, 0x57, 0xe0, 0x57, 0xe0, 0x57, 0xe0, 0x57, 0xe0, 0x57, 0xe0, 0x57, 0xe0, 0x57, 0xe0, 0x57, 0xe0, 0x57, 0xe0, 0x57, 0xe0, 0x57, 0xe0, 0x57, 0xe0, 0x57, 0xe0, 0x57, 0xe0, 
  0x57, 0xe0, 0x57, 0xe0, 0x57, 0xe0, 0x57, 0xe0, 0x57, 0xe0, 0x57, 0xe0, 0x57, 0xe0, 0x57, 0xe0, 0x57, 0xe0, 0x57, 0xe0, 0x57, 0xe0, 0x57, 0xe0, 0x57, 0xe0, 0x57, 0xe0, 0x57, 0xe0, 0x57, 0xe0, 0x57, 0xe0, 0x57, 0xe0, 
  0x57, 0xe0, 0x57, 0xe0, 0x57, 0xe0, 0x57, 0xe0, 0x57, 0xe0, 0x57, 0xe0, 0x57, 0xe0, 0x57, 0xe0, 0x57, 0xe0, 0x57, 0xe0, 0x57, 0xe0, 0x57, 0xe0, 0x57, 0xe0, 0x57, 0xe0, 0x57, 0xe0, 0x57, 0xe0, 0x57, 0xe0, 0x57, 0xe0, 
  0x57, 0xe0, 0x57, 0xe0, 0x57, 0xe0, 0x57, 0xe0, 0x57, 0xe0, 0x57, 0xe0, 0x57, 0xe0, 0x57, 0xe0, 0x57, 0xe0, 0x57, 0xe0, 0x57, 0xe0, 0x57, 0xe0, 0x57, 0xe0, 0x57, 0xe0, 0x57, 0xe0, 0x57, 0xe0, 0x57, 0xe0, 0x57, 0xe0, 
  0x57, 0xe0, 0x57, 0xe0, 0x57, 0xe0, 0x57, 0xe0, 0x57, 0xe0, 0x57, 0xe0, 0x57, 0xe0, 0x57, 0xe0, 0x57, 0xe0, 0x57, 0xe0, 0x57, 0xe0, 0x57, 0xe0, 0x57, 0xe0, 0x57, 0xe0, 0x57, 0xe0, 0x57, 0xe0, 0x57, 0xe0, 0x57, 0xe0, 
  0x4f, 0xe0, 0x4f, 0xe0, 0x4f, 0xe0, 0x4f, 0xe0, 0x4f, 0xe0, 0x4f, 0xe0, 0x4f, 0xe0, 0x4f, 0xe0, 0x4f, 0xe0, 0x4f, 0xe0, 0x4f, 0xe0, 0x4f, 0xe0, 0x4f, 0xe0, 0x4f, 0xe0, 0x4f, 0xe0, 0x4f, 0xe0, 0x4f, 0xe0, 0x4f, 0xe0, 
  0x4f, 0xe0, 0x4f, 0xe0, 0x4f, 0xe0, 0x4f, 0xe0, 0x4f, 0xe0, 0x4f, 0xe0, 0x4f, 0xe0, 0x4f, 0xe0, 0x4f, 0xe0, 0x4f, 0xe0, 0x4f, 0xe0, 0x4f, 0xe0, 0x4f, 0xe0, 0x4f, 0xe0, 0x4f, 0xe0, 0x4f, 0xe0, 0x4f, 0xe0, 0x4f, 0xe0, 
  0x4f, 0xe0, 0x4f, 0xe0, 0x4f, 0xe0, 0x4f, 0xe0, 0x4f, 0xe0, 0x4f, 0xe0, 0x4f, 0xe0, 0x4f, 0xe0, 0x4f, 0xe0, 0x4f, 0xe0, 0x4f, 0xe0, 0x4f, 0xe0, 0x4f, 0xe0, 0x4f, 0xe0, 0x4f, 0xe0, 0x4f, 0xe0, 0x4f, 0xe0, 0x4f, 0xe0, 
  0x4f, 0xe0, 0x4f, 0xe0, 0x4f, 0xe0, 0x4f, 0xe0, 0x4f, 0xe0, 0x4f, 0xe0, 0x4f, 0xe0, 0x4f, 0xe0, 0x4f, 0xe0, 0x4f, 0xe0, 0x4f, 0xe0, 0x4f, 0xe0, 0x4f, 0xe0, 0x4f, 0xe0, 0x4f, 0xe0, 0x4f, 0xe0, 0x4f, 0xe0, 0x4f, 0xe0, 
  0x47, 0xe0, 0x47, 0xe0, 0x47, 0xe0, 0x47, 0xe0, 0x47, 0xe0, 0x47, 0xe0, 0x47, 0xe0, 0x47, 0xe0, 0x47, 0xe0, 0x47, 0xe0, 0x47, 0xe0, 0x47, 0xe0, 0x47, 0xe0, 0x47, 0xe0, 0x47, 0xe0, 0x47, 0xe0, 0x47, 0xe0, 0x47, 0xe0, 
  0x47, 0xe0, 0x47, 0xe0, 0x47, 0xe0, 0x47, 0xe0, 0x47, 0xe0, 0x47, 0xe0, 0x47, 0xe0, 0x47, 0xe0, 0x47, 0xe0, 0x47, 0xe0, 0x47, 0xe0, 0x47, 0xe0, 0x47, 0xe0, 0x47, 0xe0, 0x47, 0xe0, 0x47, 0xe0, 0x47, 0xe0, 0x47, 0xe0, 
  0x47, 0xe0, 0x47, 0xe0, 0x47, 0xe0, 0x47, 0xe0, 0x47, 0xe0, 0x47, 0xe0, 0x47, 0xe0, 0x47, 0xe0, 0x47, 0xe0, 0x47, 0xe0, 0x47, 0xe0, 0x47, 0xe0, 0x47, 0xe0, 0x47, 0xe0, 0x47, 0xe0, 0x47, 0xe0, 0x47, 0xe0, 0x47, 0xe0, 
  0x47, 0xe0, 0x47, 0xe0, 0x47, 0xe0, 0x47, 0xe0, 0x47, 0xe0, 0x47, 0xe0, 0x47, 0xe0, 0x47, 0xe0, 0x47, 0xe0, 0x47, 0xe0, 0x47, 0xe0, 0x47, 0xe0, 0x47, 0xe0, 0x47, 0xe0, 0x47, 0xe0, 0x47, 0xe0, 0x47, 0xe0, 0x47, 0xe0, 
  0x47, 0xe0, 0x47, 0xe0, 0x47, 0xe0, 0x47, 0xe0, 0x47, 0xe0, 0x47, 0xe0, 0x47, 0xe0, 0x47, 0xe0, 0x47, 0xe0, 0x47, 0xe0, 0x47, 0xe0, 0x47, 0xe0, 0x47, 0xe0, 0x47, 0xe0, 0x47, 0xe0, 0x47, 0xe0, 0x47, 0xe0, 0x47, 0xe0, 
  0x3f, 0xe0, 0x3f, 0xe0, 0x3f, 0xe0, 0x3f, 0xe0, 0x3f, 0xe0, 0x3f, 0xe0, 0x3f, 0xe0, 0x3f, 0xe0, 0x3f, 0xe0, 0x3f, 0xe0, 0x3f, 0xe0, 0x3f, 0xe0, 0x3f, 0xe0, 0x3f, 0xe0, 0x3f, 0xe0, 0x3f, 0xe0, 0x3f, 0xe0, 0x3f, 0xe0, 
  0x3f, 0xe0, 0x3f, 0xe0, 0x3f, 0xe0, 0x3f, 0xe0, 0x3f, 0xe0, 0x3f, 0xe0, 0x3f, 0xe0, 0x3f, 0xe0, 0x3f, 0xe0, 0x3f, 0xe0, 0x3f, 0xe0, 0x3f, 0xe0, 0x3f, 0xe0, 0x3f, 0xe0, 0x3f, 0xe0, 0x3f, 0xe0, 0x3f, 0xe0, 0x3f, 0xe0, 
  0x3f, 0xe0, 0x3f, 0xe0, 0x3f, 0xe0, 0x3f, 0xe0, 0x3f, 0xe0, 0x3f, 0xe0, 0x3f, 0xe0, 0x3f, 0xe0, 0x3f, 0xe0, 0x3f, 0xe0, 0x3f, 0xe0, 0x3f, 0xe0, 0x3f, 0xe0, 0x3f, 0xe0, 0x3f, 0xe0, 0x3f, 0xe0, 0x3f, 0xe0, 0x3f, 0xe0, 
  0x3f, 0xe0, 0x3f, 0xe0, 0x3f, 0xe0, 0x3f, 0xe0, 0x3f, 0xe0, 0x3f, 0xe0, 0x3f, 0xe0, 0x3f, 0xe0, 0x3f, 0xe0, 0x3f, 0xe0, 0x3f, 0xe0, 0x3f, 0xe0, 0x3f, 0xe0, 0x3f, 0xe0, 0x3f, 0xe0, 0x3f, 0xe0, 0x3f, 0xe0, 0x3f, 0xe0, 
  0x37, 0xe0, 0x37, 0xe0, 0x37, 0xe0, 0x37, 0xe0, 0x37, 0xe0, 0x37, 0xe0, 0x37, 0xe0, 0x37, 0xe0, 0x37, 0xe0, 0x37, 0xe0, 0x37, 0xe0, 0x37, 0xe0, 0x37, 0xe0, 0x37, 0xe0, 0x37, 0xe0, 0x37, 0xe0, 0x37, 0xe0, 0x37, 0xe0, 
  0x37, 0xe0, 0x37, 0xe0, 0x37, 0xe0, 0x37, 0xe0, 0x37, 0xe0, 0x37, 0xe0, 0x37, 0xe0, 0x37, 0xe0, 0x37, 0xe0, 0x37, 0xe0, 0x37, 0xe0, 0x37, 0xe0, 0x37, 0xe0, 0x37, 0xe0, 0x37, 0xe0, 0x37, 0xe0, 0x37, 0xe0, 0x37, 0xe0, 
  0x37, 0xe0, 0x37, 0xe0, 0x37, 0xe0, 0x37, 0xe0, 0x37, 0xe0, 0x37, 0xe0, 0x37, 0xe0, 0x37, 0xe0, 0x37, 0xe0, 0x37, 0xe0, 0x37, 0xe0, 0x37, 0xe0, 0x37, 0xe0, 0x37, 0xe0, 0x37, 0xe0, 0x37, 0xe0, 0x37, 0xe0, 0x37, 0xe0, 
  0x37, 0xe0, 0x37, 0xe0, 0x37, 0xe0, 0x37, 0xe0, 0x37, 0xe0, 0x37, 0xe0, 0x37, 0xe0, 0x37, 0xe0, 0x37, 0xe0, 0x37, 0xe0, 0x37, 0xe0, 0x37, 0xe0, 0x37, 0xe0, 0x37, 0xe0, 0x37, 0xe0, 0x37, 0xe0, 0x37, 0xe0, 0x37, 0xe0, 
  0x37, 0xe0, 0x37, 0xe0, 0x37, 0xe0, 0x37, 0xe0, 0x37, 0xe0, 0x37, 0xe0, 0x37, 0xe0, 0x37, 0xe0, 0x37, 0xe0, 0x37, 0xe0, 0x37, 0xe0, 0x37, 0xe0, 0x37, 0xe0, 0x37, 0xe0, 0x37, 0xe0, 0x37, 0xe0, 0x37, 0xe0, 0x37, 0xe0, 
  0x2f, 0xe0, 0x2f, 0xe0, 0x2f, 0xe0, 0x2f, 0xe0, 0x2f, 0xe0, 0x2f, 0xe0, 0x2f, 0xe0, 0x2f, 0xe0, 0x2f, 0xe0, 0x2f, 0xe0, 0x2f, 0xe0, 0x2f, 0xe0, 0x2f, 0xe0, 0x2f, 0xe0, 0x2f, 0xe0, 0x2f, 0xe0, 0x2f, 0xe0, 0x2f, 0xe0, 
  0x2f, 0xe0, 0x2f, 0xe0, 0x2f, 0xe0, 0x2f, 0xe0, 0x2f, 0xe0, 0x2f, 0xe0, 0x2f, 0xe0, 0x2f, 0xe0, 0x2f, 0xe0, 0x2f, 0xe0, 0x2f, 0xe0, 0x2f, 0xe0, 0x2f, 0xe0, 0x2f, 0xe0, 0x2f, 0xe0, 0x2f, 0xe0, 0x2f, 0xe0, 0x2f, 0xe0, 
  0x2f, 0xe0, 0x2f, 0xe0, 0x2f, 0xe0, 0x2f, 0xe0, 0x2f, 0xe0, 0x2f, 0xe0, 0x2f, 0xe0, 0x2f, 0xe0, 0x2f, 0xe0, 0x2f, 0xe0, 0x2f, 0xe0, 0x2f, 0xe0, 0x2f, 0xe0, 0x2f, 0xe0, 0x2f, 0xe0, 0x2f, 0xe0, 0x2f, 0xe0, 0x2f, 0xe0, 
  0x2f, 0xe0, 0x2f, 0xe0, 0x2f, 0xe0, 0x2f, 0xe0, 0x2f, 0xe0, 0x2f, 0xe0, 0x2f, 0xe0, 0x2f, 0xe0, 0x2f, 0xe0, 0x2f, 0xe0, 0x2f, 0xe0, 0x2f, 0xe0, 0x2f, 0xe0, 0x2f, 0xe0, 0x2f, 0xe0, 0x2f, 0xe0, 0x2f, 0xe0, 0x2f, 0xe0, 
  0x2f, 0xe0, 0x2f, 0xe0, 0x2f, 0xe0, 0x2f, 0xe0, 0x2f, 0xe0, 0x2f, 0xe0, 0x2f, 0xe0, 0x2f, 0xe0, 0x2f, 0xe0, 0x2f, 0xe0, 0x2f, 0xe0, 0x2f, 0xe0, 0x2f, 0xe0, 0x2f, 0xe0, 0x2f, 0xe0, 0x2f, 0xe0, 0x2f, 0xe0, 0x2f, 0xe0, 
  0x27, 0xe0, 0x27, 0xe0, 0x27, 0xe0, 0x27, 0xe0, 0x27, 0xe0, 0x27, 0xe0, 0x27, 0xe0, 0x27, 0xe0, 0x27, 0xe0, 0x27, 0xe0, 0x27, 0xe0, 0x27, 0xe0, 0x27, 0xe0, 0x27, 0xe0, 0x27, 0xe0, 0x27, 0xe0, 0x27, 0xe0, 0x27, 0xe0, 
  0x27, 0xe0, 0x27, 0xe0, 0x27, 0xe0, 0x27, 0xe0, 0x27, 0xe0, 0x27, 0xe0, 0x27, 0xe0, 0x27, 0xe0, 0x27, 0xe0, 0x27, 0xe0, 0x27, 0xe0, 0x27, 0xe0, 0x27, 0xe0, 0x27, 0xe0, 0x27, 0xe0, 0x27, 0xe0, 0x27, 0xe0, 0x27, 0xe0, 
  0x27, 0xe0, 0x27, 0xe0, 0x27, 0xe0, 0x27, 0xe0, 0x27, 0xe0, 0x27, 0xe0, 0x27, 0xe0, 0x27, 0xe0, 0x27, 0xe0, 0x27, 0xe0, 0x27, 0xe0, 0x27, 0xe0, 0x27, 0xe0, 0x27, 0xe0, 0x27, 0xe0, 0x27, 0xe0, 0x27, 0xe0, 0x27, 0xe0, 
  0x27, 0xe0, 0x27, 0xe0, 0x27, 0xe0, 0x27, 0xe0, 0x27, 0xe0, 0x27, 0xe0, 0x27, 0xe0, 0x27, 0xe0, 0x27, 0xe0, 0x27, 0xe0, 0x27, 0xe0, 0x27, 0xe0, 0x27, 0xe0, 0x27, 0xe0, 0x27, 0xe0, 0x27, 0xe0, 0x27, 0xe0, 0x27, 0xe0, 
  0x1f, 0xe0, 0x1f, 0xe0, 0x1f, 0xe0, 0x1f, 0xe0, 0x1f, 0xe0, 0x1f, 0xe0, 0x1f, 0xe0, 0x1f, 0xe0, 0x1f, 0xe0, 0x1f, 0xe0, 0x1f, 0xe0, 0x1f, 0xe0, 0x1f, 0xe0, 0x1f, 0xe0, 0x1f, 0xe0, 0x1f, 0xe0, 0x1f, 0xe0, 0x1f, 0xe0, 
  0x1f, 0xe0, 0x1f, 0xe0, 0x1f, 0xe0, 0x1f, 0xe0, 0x1f, 0xe0, 0x1f, 0xe0, 0x1f, 0xe0, 0x1f, 0xe0, 0x1f, 0xe0, 0x1f, 0xe0, 0x1f, 0xe0, 0x1f, 0xe0, 0x1f, 0xe0, 0x1f, 0xe0, 0x1f, 0xe0, 0x1f, 0xe0, 0x1f, 0xe0, 0x1f, 0xe0, 
  0x1f, 0xe0, 0x1f, 0xe0, 0x1f, 0xe0, 0x1f, 0xe0, 0x1f, 0xe0, 0x1f, 0xe0, 0x1f, 0xe0, 0x1f, 0xe0, 0x1f, 0xe0, 0x1f, 0xe0, 0x1f, 0xe0, 0x1f, 0xe0, 0x1f, 0xe0, 0x1f, 0xe0, 0x1f, 0xe0, 0x1f, 0xe0, 0x1f, 0xe0, 0x1f, 0xe0, 
  0x1f, 0xe0, 0x1f, 0xe0, 0x1f, 0xe0, 0x1f, 0xe0, 0x1f, 0xe0, 0x1f, 0xe0, 0x1f, 0xe0, 0x1f, 0xe0, 0x1f, 0xe0, 0x1f, 0xe0, 0x1f, 0xe0, 0x1f, 0xe0, 0x1f, 0xe0, 0x1f, 0xe0, 0x1f, 0xe0, 0x1f, 0xe0, 0x1f, 0xe0, 0x1f, 0xe0, 
  0x1f, 0xe0, 0x1f, 0xe0, 0x1f, 0xe0, 0x1f, 0xe0, 0x1f, 0xe0, 0x1f, 0xe0, 0x1f, 0xe0, 0x1f, 0xe0, 0x1f, 0xe0, 0x1f, 0xe0, 0x1f, 0xe0, 0x1f, 0xe0, 0x1f, 0xe0, 0x1f, 0xe0, 0x1f, 0xe0, 0x1f, 0xe0, 0x1f, 0xe0, 0x1f, 0xe0, 
  0x17, 0xe0, 0x17, 0xe0, 0x17, 0xe0, 0x17, 0xe0, 0x17, 0xe0, 0x17, 0xe0, 0x17, 0xe0, 0x17, 0xe0, 0x17, 0xe0, 0x17, 0xe0, 0x17, 0xe0, 0x17, 0xe0, 0x17, 0xe0, 0x17, 0xe0, 0x17, 0xe0, 0x17, 0xe0, 0x17, 0xe0, 0x17, 0xe0, 
  0x17, 0xe0, 0x17, 0xe0, 0x17, 0xe0, 0x17, 0xe0, 0x17, 0xe0, 0x17, 0xe0, 0x17, 0xe0, 0x17, 0xe0, 0x17, 0xe0, 0x17, 0xe0, 0x17, 0xe0, 0x17, 0xe0, 0x17, 0xe0, 0x17, 0xe0, 0x17, 0xe0, 0x17, 0xe0, 0x17, 0xe0, 0x17, 0xe0, 
  0x17, 0xe0, 0x17, 0xe0, 0x17, 0xe0, 0x17, 0xe0, 0x17, 0xe0, 0x17, 0xe0, 0x17, 0xe0, 0x17, 0xe0, 0x17, 0xe0, 0x17, 0xe0, 0x17, 0xe0, 0x17, 0xe0, 0x17, 0xe0, 0x17, 0xe0, 0x17, 0xe0, 0x17, 0xe0, 0x17, 0xe0, 0x17, 0xe0, 
  0x17, 0xe0, 0x17, 0xe0, 0x17, 0xe0, 0x17, 0xe0, 0x17, 0xe0, 0x17, 0xe0, 0x17, 0xe0, 0x17, 0xe0, 0x17, 0xe0, 0x17, 0xe0, 0x17, 0xe0, 0x17, 0xe0, 0x17, 0xe0, 0x17, 0xe0, 0x17, 0xe0, 0x17, 0xe0, 0x17, 0xe0, 0x17, 0xe0, 
  0x0f, 0xe0, 0x0f, 0xe0, 0x0f, 0xe0, 0x0f, 0xe0, 0x0f, 0xe0, 0x0f, 0xe0, 0x0f, 0xe0, 0x0f, 0xe0, 0x0f, 0xe0, 0x0f, 0xe0, 0x0f, 0xe0, 0x0f, 0xe0, 0x0f, 0xe0, 0x0f, 0xe0, 0x0f, 0xe0, 0x0f, 0xe0, 0x0f, 0xe0, 0x0f, 0xe0, 
  0x0f, 0xe0, 0x0f, 0xe0, 0x0f, 0xe0, 0x0f, 0xe0, 0x0f, 0xe0, 0x0f, 0xe0, 0x0f, 0xe0, 0x0f, 0xe0, 0x0f, 0xe0, 0x0f, 0xe0, 0x0f, 0xe0, 0x0f, 0xe0, 0x0f, 0xe0, 0x0f, 0xe0, 0x0f, 0xe0, 0x0f, 0xe0, 0x0f, 0xe0, 0x0f, 0xe0, 
  0x0f, 0xe0, 0x0f, 0xe0, 0x0f, 0xe0, 0x0f, 0xe0, 0x0f, 0xe0, 0x0f, 0xe0, 0x0f, 0xe0, 0x0f, 0xe0, 0x0f, 0xe0, 0x0f, 0xe0, 0x0f, 0xe0, 0x0f, 0xe0, 0x0f, 0xe0, 0x0f, 0xe0, 0x0f, 0xe0, 0x0f, 0xe0, 0x0f, 0xe0, 0x0f, 0xe0, 
  0x0f, 0xe0, 0x0f, 0xe0, 0x0f, 0xe0, 0x0f, 0xe0, 0x0f, 0xe0, 0x0f, 0xe0, 0x0f, 0xe0, 0x0f, 0xe0, 0x0f, 0xe0, 0x0f, 0xe0, 0x0f, 0xe0, 0x0f, 0xe0, 0x0f, 0xe0, 0x0f, 0xe0, 0x0f, 0xe0, 0x0f, 0xe0, 0x0f, 0xe0, 0x0f, 0xe0, 
  0x0f, 0xe0, 0x0f, 0xe0, 0x0f, 0xe0, 0x0f, 0xe0, 0x0f, 0xe0, 0x0f, 0xe0, 0x0f, 0xe0, 0x0f, 0xe0, 0x0f, 0xe0, 0x0f, 0xe0, 0x0f, 0xe0, 0x0f, 0xe0, 0x0f, 0xe0, 0x0f, 0xe0, 0x0f, 0xe0, 0x0f, 0xe0, 0x0f, 0xe0, 0x0f, 0xe0, 
  0x07, 0xe0, 0x07, 0xe0, 0x07, 0xe0, 0x07, 0xe0, 0x07, 0xe0, 0x07, 0xe0, 0x07, 0xe0, 0x07, 0xe0, 0x07, 0xe0, 0x07, 0xe0, 0x07, 0xe0, 0x07, 0xe0, 0x07, 0xe0, 0x07, 0xe0, 0x07, 0xe0, 0x07, 0xe0, 0x07, 0xe0, 0x07, 0xe0, 
  0x07, 0xe0, 0x07, 0xe0, 0x07, 0xe0, 0x07, 0xe0, 0x07, 0xe0, 0x07, 0xe0, 0x07, 0xe0, 0x07, 0xe0, 0x07, 0xe0, 0x07, 0xe0, 0x07, 0xe0, 0x07, 0xe0, 0x07, 0xe0, 0x07, 0xe0, 0x07, 0xe0, 0x07, 0xe0, 0x07, 0xe0, 0x07, 0xe0, 
  0x07, 0xe0, 0x07, 0xe0, 0x07, 0xe0, 0x07, 0xe0, 0x07, 0xe0, 0x07, 0xe0, 0x07, 0xe0, 0x07, 0xe0, 0x07, 0xe0, 0x07, 0xe0, 0x07, 0xe0, 0x07, 0xe0, 0x07, 0xe0, 0x07, 0xe0, 0x07, 0xe0, 0x07, 0xe0, 0x07, 0xe0, 0x07, 0xe0, 
  0x07, 0xe0, 0x07, 0xe0, 0x07, 0xe0, 0x07, 0xe0, 0x07, 0xe0, 0x07, 0xe0, 0x07, 0xe0, 0x07, 0xe0, 0x07, 0xe0, 0x07, 0xe0, 0x07, 0xe0, 0x07, 0xe0, 0x07, 0xe0, 0x07, 0xe0, 0x07, 0xe0, 0x07, 0xe0, 0x07, 0xe0, 0x07, 0xe0, 
  0x07, 0xe0, 0x07, 0xe0, 0x07, 0xe0, 0x07, 0xe0, 0x07, 0xe0, 0x07, 0xe0, 0x07, 0xe0, 0x07, 0xe0, 0x07, 0xe0, 0x07, 0xe0, 0x07, 0xe0, 0x07, 0xe0, 0x07, 0xe0, 0x07, 0xe0, 0x07, 0xe0, 0x07, 0xe0, 0x07, 0xe0, 0x07, 0xe0, 
  0x07, 0xe0, 0x07, 0xe0, 0x07, 0xe0, 0x07, 0xe0, 0x07, 0xe0, 0x07, 0xe0, 0x07, 0xe0, 0x07, 0xe0, 0x07, 0xe0, 0x07, 0xe0, 0x07, 0xe0, 0x07, 0xe0, 0x07, 0xe0, 0x07, 0xe0, 0x07, 0xe0, 0x07, 0xe0, 0x07, 0xe0, 0x07, 0xe0, 
  0x07, 0xe0, 0x07, 0xe0, 0x07, 0xe0, 0x07, 0xe0, 0x07, 0xe0, 0x07, 0xe0, 0x07, 0xe0, 0x07, 0xe0, 0x07, 0xe0, 0x07, 0xe0, 0x07, 0xe0, 0x07, 0xe0, 0x07, 0xe0, 0x07, 0xe0, 0x07, 0xe0, 0x07, 0xe0, 0x07, 0xe0, 0x07, 0xe0, 
  0x07, 0xe0, 0x07, 0xe0, 0x07, 0xe0, 0x07, 0xe0, 0x07, 0xe0, 0x07, 0xe0, 0x07, 0xe0, 0x07, 0xe0, 0x07, 0xe0, 0x07, 0xe0, 0x07, 0xe0, 0x07, 0xe0, 0x07, 0xe0, 0x07, 0xe0, 0x07, 0xe0, 0x07, 0xe0, 0x07, 0xe0, 0x07, 0xe0, 
  0x07, 0xe0, 0x07, 0xe0, 0x07, 0xe0, 0x07, 0xe0, 0x07, 0xe0, 0x07, 0xe0, 0x07, 0xe0, 0x07, 0xe0, 0x07, 0xe0, 0x07, 0xe0, 0x07, 0xe0, 0x07, 0xe0, 0x07, 0xe0, 0x07, 0xe0, 0x07, 0xe0, 0x07, 0xe0, 0x07, 0xe0, 0x07, 0xe0, 
  0x07, 0xe0, 0x07, 0xe0, 0x07, 0xe0, 0x07, 0xe0, 0x07, 0xe0, 0x07, 0xe0, 0x07, 0xe0, 0x07, 0xe0, 0x07, 0xe0, 0x07, 0xe0, 0x07, 0xe0, 0x07, 0xe0, 0x07, 0xe0, 0x07, 0xe0, 0x07, 0xe0, 0x07, 0xe0, 0x07, 0xe0, 0x07, 0xe0, 
  0x07, 0xe0, 0x07, 0xe0, 0x07, 0xe0, 0x07, 0xe0, 0x07, 0xe0, 0x07, 0xe0, 0x07, 0xe0, 0x07, 0xe0, 0x07, 0xe0, 0x07, 0xe0, 0x07, 0xe0, 0x07, 0xe0, 0x07, 0xe0, 0x07, 0xe0, 0x07, 0xe0, 0x07, 0xe0, 0x07, 0xe0, 0x07, 0xe0, 
  0x07, 0xe0, 0x07, 0xe0, 0x07, 0xe0, 0x07, 0xe0, 0x07, 0xe0, 0x07, 0xe0, 0x07, 0xe0, 0x07, 0xe0, 0x07, 0xe0, 0x07, 0xe0, 0x07, 0xe0, 0x07, 0xe0, 0x07, 0xe0, 0x07, 0xe0, 0x07, 0xe0, 0x07, 0xe0, 0x07, 0xe0, 0x07, 0xe0, 
  0x07, 0xe0, 0x07, 0xe0, 0x07, 0xe0, 0x07, 0xe0, 0x07, 0xe0, 0x07, 0xe0, 0x07, 0xe0, 0x07, 0xe0, 0x07, 0xe0, 0x07, 0xe0, 0x07, 0xe0, 0x07, 0xe0, 0x07, 0xe0, 0x07, 0xe0, 0x07, 0xe0, 0x07, 0xe0, 0x07, 0xe0, 0x07, 0xe0, 
  0x07, 0xe0, 0x07, 0xe0, 0x07, 0xe0, 0x07, 0xe0, 0x07, 0xe0, 0x07, 0xe0, 0x07, 0xe0, 0x07, 0xe0, 0x07, 0xe0, 0x07, 0xe0, 0x07, 0xe0, 0x07, 0xe0, 0x07, 0xe0, 0x07, 0xe0, 0x07, 0xe0, 0x07, 0xe0, 0x07, 0xe0, 0x07, 0xe0, 
  0x07, 0xe0, 0x07, 0xe0, 0x07, 0xe0, 0x07, 0xe0, 0x07, 0xe0, 0x07, 0xe0, 0x07, 0xe0, 0x07, 0xe0, 0x07, 0xe0, 0x07, 0xe0, 0x07, 0xe0, 0x07, 0xe0, 0x07, 0xe0, 0x07, 0xe0, 0x07, 0xe0, 0x07, 0xe0, 0x07, 0xe0, 0x07, 0xe0, 
  0x07, 0xe0, 0x07, 0xe0, 0x07, 0xe0, 0x07, 0xe0, 0x07, 0xe0, 0x07, 0xe0, 0x07, 0xe0, 0x07, 0xe0, 0x07, 0xe0, 0x07, 0xe0, 0x07, 0xe0, 0x07, 0xe0, 0x07, 0xe0, 0x07, 0xe0, 0x07, 0xe0, 0x07, 0xe0, 0x07, 0xe0, 0x07, 0xe0, 
  0x07, 0xe0, 0x07, 0xe0, 0x07, 0xe0, 0x07, 0xe0, 0x07, 0xe0, 0x07, 0xe0, 0x07, 0xe0, 0x07, 0xe0, 0x07, 0xe0, 0x07, 0xe0, 0x07, 0xe0, 0x07, 0xe0, 0x07, 0xe0, 0x07, 0xe0, 0x07, 0xe0, 0x07, 0xe0, 0x07, 0xe0, 0x07, 0xe0, 
  0x07, 0xe0, 0x07, 0xe0, 0x07, 0xe0, 0x07, 0xe0, 0x07, 0xe0, 0x07, 0xe0, 0x07, 0xe0, 0x07, 0xe0, 0x07, 0xe0, 0x07, 0xe0, 0x07, 0xe0, 0x07, 0xe0, 0x07, 0xe0, 0x07, 0xe0, 0x07, 0xe0, 0x07, 0xe0, 0x07, 0xe0, 0x07, 0xe0, 
  0x07, 0xe0, 0x07, 0xe0, 0x07, 0xe0, 0x07, 0xe0, 0x07, 0xe0, 0x07, 0xe0, 0x07, 0xe0, 0x07, 0xe0, 0x07, 0xe0, 0x07, 0xe0, 0x07, 0xe0, 0x07, 0xe0, 0x07, 0xe0, 0x07, 0xe0, 0x07, 0xe0, 0x07, 0xe0, 0x07, 0xe0, 0x07, 0xe0, 
  0x07, 0xe0, 0x07, 0xe0, 0x07, 0xe0, 0x07, 0xe0, 0x07, 0xe0, 0x07, 0xe0, 0x07, 0xe0, 0x07, 0xe0, 0x07, 0xe0, 0x07, 0xe0, 0x07, 0xe0, 0x07, 0xe0, 0x07, 0xe0, 0x07, 0xe0, 0x07, 0xe0, 0x07, 0xe0, 0x07, 0xe0, 0x07, 0xe0, 
  0x07, 0xe0, 0x07, 0xe0, 0x07, 0xe0, 0x07, 0xe0, 0x07, 0xe0, 0x07, 0xe0, 0x07, 0xe0, 0x07, 0xe0, 0x07, 0xe0, 0x07, 0xe0, 0x07, 0xe0, 0x07, 0xe0, 0x07, 0xe0, 0x07, 0xe0, 0x07, 0xe0, 0x07, 0xe0, 0x07, 0xe0, 0x07, 0xe0, 
  0x07, 0xe0, 0x07, 0xe0, 0x07, 0xe0, 0x07, 0xe0, 0x07, 0xe0, 0x07, 0xe0, 0x07, 0xe0, 0x07, 0xe0, 0x07, 0xe0, 0x07, 0xe0, 0x07, 0xe0, 0x07, 0xe0, 0x07, 0xe0, 0x07, 0xe0, 0x07, 0xe0, 0x07, 0xe0, 0x07, 0xe0, 0x07, 0xe0, 
  0x07, 0xe0, 0x07, 0xe0, 0x07, 0xe0, 0x07, 0xe0, 0x07, 0xe0, 0x07, 0xe0, 0x07, 0xe0, 0x07, 0xe0, 0x07, 0xe0, 0x07, 0xe0, 0x07, 0xe0, 0x07, 0xe0, 0x07, 0xe0, 0x07, 0xe0, 0x07, 0xe0, 0x07, 0xe0, 0x07, 0xe0, 0x07, 0xe0, 
  0x07, 0xe0, 0x07, 0xe0, 0x07, 0xe0, 0x07, 0xe0, 0x07, 0xe0, 0x07, 0xe0, 0x07, 0xe0, 0x07, 0xe0, 0x07, 0xe0, 0x07, 0xe0, 0x07, 0xe0, 0x07, 0xe0, 0x07, 0xe0, 0x07, 0xe0, 0x07, 0xe0, 0x07, 0xe0, 0x07, 0xe0, 0x07, 0xe0, 
  0x07, 0xe0, 0x07, 0xe0, 0x07, 0xe0, 0x07, 0xe0, 0x07, 0xe0, 0x07, 0xe0, 0x07, 0xe0, 0x07, 0xe0, 0x07, 0xe0, 0x07, 0xe0, 0x07, 0xe0, 0x07, 0xe0, 0x07, 0xe0, 0x07, 0xe0, 0x07, 0xe0, 0x07, 0xe0, 0x07, 0xe0, 0x07, 0xe0, 
  0x07, 0xe0, 0x07, 0xe0, 0x07, 0xe0, 0x07, 0xe0, 0x07, 0xe0, 0x07, 0xe0, 0x07, 0xe0, 0x07, 0xe0, 0x07, 0xe0, 0x07, 0xe0, 0x07, 0xe0, 0x07, 0xe0, 0x07, 0xe0, 0x07, 0xe0, 0x07, 0xe0, 0x07, 0xe0, 0x07, 0xe0, 0x07, 0xe0, 
  0x07, 0xe0, 0x07, 0xe0, 0x07, 0xe0, 0x07, 0xe0, 0x07, 0xe0, 0x07, 0xe0, 0x07, 0xe0, 0x07, 0xe0, 0x07, 0xe0, 0x07, 0xe0, 0x07, 0xe0, 0x07, 0xe0, 0x07, 0xe0, 0x07, 0xe0, 0x07, 0xe0, 0x07, 0xe0, 0x07, 0xe0, 0x07, 0xe0, 
  0x07, 0xe0, 0x07, 0xe0, 0x07, 0xe0, 0x07, 0xe0, 0x07, 0xe0, 0x07, 0xe0, 0x07, 0xe0, 0x07, 0xe0, 0x07, 0xe0, 0x07, 0xe0, 0x07, 0xe0, 0x07, 0xe0, 0x07, 0xe0, 0x07, 0xe0, 0x07, 0xe0, 0x07, 0xe0, 0x07, 0xe0, 0x07, 0xe0, 
  0x07, 0xe0, 0x07, 0xe0, 0x07, 0xe0, 0x07, 0xe0, 0x07, 0xe0, 0x07, 0xe0, 0x07, 0xe0, 0x07, 0xe0, 0x07, 0xe0, 0x07, 0xe0, 0x07, 0xe0, 0x07, 0xe0, 0x07, 0xe0, 0x07, 0xe0, 0x07, 0xe0, 0x07, 0xe0, 0x07, 0xe0, 0x07, 0xe0, 
  0x07, 0xe0, 0x07, 0xe0, 0x07, 0xe0, 0x07, 0xe0, 0x07, 0xe0, 0x07, 0xe0, 0x07, 0xe0, 0x07, 0xe0, 0x07, 0xe0, 0x07, 0xe0, 0x07, 0xe0, 0x07, 0xe0, 0x07, 0xe0, 0x07, 0xe0, 0x07, 0xe0, 0x07, 0xe0, 0x07, 0xe0, 0x07, 0xe0, 
  0x07, 0xe0, 0x07, 0xe0, 0x07, 0xe0, 0x07, 0xe0, 0x07, 0xe0, 0x07, 0xe0, 0x07, 0xe0, 0x07, 0xe0, 0x07, 0xe0, 0x07, 0xe0, 0x07, 0xe0, 0x07, 0xe0, 0x07, 0xe0, 0x07, 0xe0, 0x07, 0xe0, 0x07, 0xe0, 0x07, 0xe0, 0x07, 0xe0, 
  0x07, 0xe0, 0x07, 0xe0, 0x07, 0xe0, 0x07, 0xe0, 0x07, 0xe0, 0x07, 0xe0, 0x07, 0xe0, 0x07, 0xe0, 0x07, 0xe0, 0x07, 0xe0, 0x07, 0xe0, 0x07, 0xe0, 0x07, 0xe0, 0x07, 0xe0, 0x07, 0xe0, 0x07, 0xe0, 0x07, 0xe0, 0x07, 0xe0, 
  0x07, 0xe0, 0x07, 0xe0, 0x07, 0xe0, 0x07, 0xe0, 0x07, 0xe0, 0x07, 0xe0, 0x07, 0xe0, 0x07, 0xe0, 0x07, 0xe0, 0x07, 0xe0, 0x07, 0xe0, 0x07, 0xe0, 0x07, 0xe0, 0x07, 0xe0, 0x07, 0xe0, 0x07, 0xe0, 0x07, 0xe0, 0x07, 0xe0, 
  0x07, 0xe0, 0x07, 0xe0, 0x07, 0xe0, 0x07, 0xe0, 0x07, 0xe0, 0x07, 0xe0, 0x07, 0xe0, 0x07, 0xe0, 0x07, 0xe0, 0x07, 0xe0, 0x07, 0xe0, 0x07, 0xe0, 0x07, 0xe0, 0x07, 0xe0, 0x07, 0xe0, 0x07, 0xe0, 0x07, 0xe0, 0x07, 0xe0, 
  0x07, 0xe0, 0x07, 0xe0, 0x07, 0xe0, 0x07, 0xe0, 0x07, 0xe0, 0x07, 0xe0, 0x07, 0xe0, 0x07, 0xe0, 0x07, 0xe0, 0x07, 0xe0, 0x07, 0xe0, 0x07, 0xe0, 0x07, 0xe0, 0x07, 0xe0, 0x07, 0xe0, 0x07, 0xe0, 0x07, 0xe0, 0x07, 0xe0, 
  0x07, 0xe0, 0x07, 0xe0, 0x07, 0xe0, 0x07, 0xe0, 0x07, 0xe0, 0x07, 0xe0, 0x07, 0xe0, 0x07, 0xe0, 0x07, 0xe0, 0x07, 0xe0, 0x07, 0xe0, 0x07, 0xe0, 0x07, 0xe0, 0x07, 0xe0, 0x07, 0xe0, 0x07, 0xe0, 0x07, 0xe0, 0x07, 0xe0, 
  0x07, 0xe0, 0x07, 0xe0, 0x07, 0xe0, 0x07, 0xe0, 0x07, 0xe0, 0x07, 0xe0, 0x07, 0xe0, 0x07, 0xe0, 0x07, 0xe0, 0x07, 0xe0, 0x07, 0xe0, 0x07, 0xe0, 0x07, 0xe0, 0x07, 0xe0, 0x07, 0xe0, 0x07, 0xe0, 0x07, 0xe0, 0x07, 0xe0, 
  0x07, 0xe0, 0x07, 0xe0, 0x07, 0xe0, 0x07, 0xe0, 0x07, 0xe0, 0x07, 0xe0, 0x07, 0xe0, 0x07, 0xe0, 0x07, 0xe0, 0x07, 0xe0, 0x07, 0xe0, 0x07, 0xe0, 0x07, 0xe0, 0x07, 0xe0, 0x07, 0xe0, 0x07, 0xe0, 0x07, 0xe0, 0x07, 0xe0, 
  0x07, 0xe0, 0x07, 0xe0, 0x07, 0xe0, 0x07, 0xe0, 0x07, 0xe0, 0x07, 0xe0, 0x07, 0xe0, 0x07, 0xe0, 0x07, 0xe0, 0x07, 0xe0, 0x07, 0xe0, 0x07, 0xe0, 0x07, 0xe0, 0x07, 0xe0, 0x07, 0xe0, 0x07, 0xe0, 0x07, 0xe0, 0x07, 0xe0, 
  0x07, 0xe0, 0x07, 0xe0, 0x07, 0xe0, 0x07, 0xe0, 0x07, 0xe0, 0x07, 0xe0, 0x07, 0xe0, 0x07, 0xe0, 0x07, 0xe0, 0x07, 0xe0, 0x07, 0xe0, 0x07, 0xe0, 0x07, 0xe0, 0x07, 0xe0, 0x07, 0xe0, 0x07, 0xe0, 0x07, 0xe0, 0x07, 0xe0, 
  0x07, 0xe0, 0x07, 0xe0, 0x07, 0xe0, 0x07, 0xe0, 0x07, 0xe0, 0x07, 0xe0, 0x07, 0xe0, 0x07, 0xe0, 0x07, 0xe0, 0x07, 0xe0, 0x07, 0xe0, 0x07, 0xe0, 0x07, 0xe0, 0x07, 0xe0, 0x07, 0xe0, 0x07, 0xe0, 0x07, 0xe0, 0x07, 0xe0, 
  0x07, 0xe0, 0x07, 0xe0, 0x07, 0xe0, 0x07, 0xe0, 0x07, 0xe0, 0x07, 0xe0, 0x07, 0xe0, 0x07, 0xe0, 0x07, 0xe0, 0x07, 0xe0, 0x07, 0xe0, 0x07, 0xe0, 0x07, 0xe0, 0x07, 0xe0, 0x07, 0xe0, 0x07, 0xe0, 0x07, 0xe0, 0x07, 0xe0, 
  0x07, 0xe0, 0x07, 0xe0, 0x07, 0xe0, 0x07, 0xe0, 0x07, 0xe0, 0x07, 0xe0, 0x07, 0xe0, 0x07, 0xe0, 0x07, 0xe0, 0x07, 0xe0, 0x07, 0xe0, 0x07, 0xe0, 0x07, 0xe0, 0x07, 0xe0, 0x07, 0xe0, 0x07, 0xe0, 0x07, 0xe0, 0x07, 0xe0, 
  0x07, 0xe0, 0x07, 0xe0, 0x07, 0xe0, 0x07, 0xe0, 0x07, 0xe0, 0x07, 0xe0, 0x07, 0xe0, 0x07, 0xe0, 0x07, 0xe0, 0x07, 0xe0, 0x07, 0xe0, 0x07, 0xe0, 0x07, 0xe0, 0x07, 0xe0, 0x07, 0xe0, 0x07, 0xe0, 0x07, 0xe0, 0x07, 0xe0, 
  0x07, 0xe0, 0x07, 0xe0, 0x07, 0xe0, 0x07, 0xe0, 0x07, 0xe0, 0x07, 0xe0, 0x07, 0xe0, 0x07, 0xe0, 0x07, 0xe0, 0x07, 0xe0, 0x07, 0xe0, 0x07, 0xe0, 0x07, 0xe0, 0x07, 0xe0, 0x07, 0xe0, 0x07, 0xe0, 0x07, 0xe0, 0x07, 0xe0, 
  0x07, 0xe0, 0x07, 0xe0, 0x07, 0xe0, 0x07, 0xe0, 0x07, 0xe0, 0x07, 0xe0, 0x07, 0xe0, 0x07, 0xe0, 0x07, 0xe0, 0x07, 0xe0, 0x07, 0xe0, 0x07, 0xe0, 0x07, 0xe0, 0x07, 0xe0, 0x07, 0xe0, 0x07, 0xe0, 0x07, 0xe0, 0x07, 0xe0, 
  0x07, 0xe0, 0x07, 0xe0, 0x07, 0xe0, 0x07, 0xe0, 0x07, 0xe0, 0x07, 0xe0, 0x07, 0xe0, 0x07, 0xe0, 0x07, 0xe0, 0x07, 0xe0, 0x07, 0xe0, 0x07, 0xe0, 0x07, 0xe0, 0x07, 0xe0, 0x07, 0xe0, 0x07, 0xe0, 0x07, 0xe0, 0x07, 0xe0, 
  0x07, 0xe0, 0x07, 0xe0, 0x07, 0xe0, 0x07, 0xe0, 0x07, 0xe0, 0x07, 0xe0, 0x07, 0xe0, 0x07, 0xe0, 0x07, 0xe0, 0x07, 0xe0, 0x07, 0xe0, 0x07, 0xe0, 0x07, 0xe0, 0x07, 0xe0, 0x07, 0xe0, 0x07, 0xe0, 0x07, 0xe0, 0x07, 0xe0, 
  0x07, 0xe0, 0x07, 0xe0, 0x07, 0xe0, 0x07, 0xe0, 0x07, 0xe0, 0x07, 0xe0, 0x07, 0xe0, 0x07, 0xe0, 0x07, 0xe0, 0x07, 0xe0, 0x07, 0xe0, 0x07, 0xe0, 0x07, 0xe0, 0x07, 0xe0, 0x07, 0xe0, 0x07, 0xe0, 0x07, 0xe0, 0x07, 0xe0, 
  0x07, 0xe0, 0x07, 0xe0, 0x07, 0xe0, 0x07, 0xe0, 0x07, 0xe0, 0x07, 0xe0, 0x07, 0xe0, 0x07, 0xe0, 0x07, 0xe0, 0x07, 0xe0, 0x07, 0xe0, 0x07, 0xe0, 0x07, 0xe0, 0x07, 0xe0, 0x07, 0xe0, 0x07, 0xe0, 0x07, 0xe0, 0x07, 0xe0, 
  0x07, 0xe0, 0x07, 0xe0, 0x07, 0xe0, 0x07, 0xe0, 0x07, 0xe0, 0x07, 0xe0, 0x07, 0xe0, 0x07, 0xe0, 0x07, 0xe0, 0x07, 0xe0, 0x07, 0xe0, 0x07, 0xe0, 0x07, 0xe0, 0x07, 0xe0, 0x07, 0xe0, 0x07, 0xe0, 0x07, 0xe0, 0x07, 0xe0, 
  0x07, 0xe0, 0x07, 0xe0, 0x07, 0xe0, 0x07, 0xe0, 0x07, 0xe0, 0x07, 0xe0, 0x07, 0xe0, 0x07, 0xe0, 0x07, 0xe0, 0x07, 0xe0, 0x07, 0xe0, 0x07, 0xe0, 0x07, 0xe0, 0x07, 0xe0, 0x07, 0xe0, 0x07, 0xe0, 0x07, 0xe0, 0x07, 0xe0, 
  0x07, 0xe0, 0x07, 0xe0, 0x07, 0xe0, 0x07, 0xe0, 0x07, 0xe0, 0x07, 0xe0, 0x07, 0xe0, 0x07, 0xe0, 0x07, 0xe0, 0x07, 0xe0, 0x07, 0xe0, 0x07, 0xe0, 0x07, 0xe0, 0x07, 0xe0, 0x07, 0xe0, 0x07, 0xe0, 0x07, 0xe0, 0x07, 0xe0, 
  0x07, 0xe0, 0x07, 0xe0, 0x07, 0xe0, 0x07, 0xe0, 0x07, 0xe0, 0x07, 0xe0, 0x07, 0xe0, 0x07, 0xe0, 0x07, 0xe0, 0x07, 0xe0, 0x07, 0xe0, 0x07, 0xe0, 0x07, 0xe0, 0x07, 0xe0, 0x07, 0xe0, 0x07, 0xe0, 0x07, 0xe0, 0x07, 0xe0, 
  0x07, 0xe0, 0x07, 0xe0, 0x07, 0xe0, 0x07, 0xe0, 0x07, 0xe0, 0x07, 0xe0, 0x07, 0xe0, 0x07, 0xe0, 0x07, 0xe0, 0x07, 0xe0, 0x07, 0xe0, 0x07, 0xe0, 0x07, 0xe0, 0x07, 0xe0, 0x07, 0xe0, 0x07, 0xe0, 0x07, 0xe0, 0x07, 0xe0, 
  0x07, 0xe0, 0x07, 0xe0, 0x07, 0xe0, 0x07, 0xe0, 0x07, 0xe0, 0x07, 0xe0, 0x07, 0xe0, 0x07, 0xe0, 0x07, 0xe0, 0x07, 0xe0, 0x07, 0xe0, 0x07, 0xe0, 0x07, 0xe0, 0x07, 0xe0, 0x07, 0xe0, 0x07, 0xe0, 0x07, 0xe0, 0x07, 0xe0, 
  0x07, 0xe0, 0x07, 0xe0, 0x07, 0xe0, 0x07, 0xe0, 0x07, 0xe0, 0x07, 0xe0, 0x07, 0xe0, 0x07, 0xe0, 0x07, 0xe0, 0x07, 0xe0, 0x07, 0xe0, 0x07, 0xe0, 0x07, 0xe0, 0x07, 0xe0, 0x07, 0xe0, 0x07, 0xe0, 0x07, 0xe0, 0x07, 0xe0, 
  0x07, 0xe0, 0x07, 0xe0, 0x07, 0xe0, 0x07, 0xe0, 0x07, 0xe0, 0x07, 0xe0, 0x07, 0xe0, 0x07, 0xe0, 0x07, 0xe0, 0x07, 0xe0, 0x07, 0xe0, 0x07, 0xe0, 0x07, 0xe0, 0x07, 0xe0, 0x07, 0xe0, 0x07, 0xe0, 0x07, 0xe0, 0x07, 0xe0, 
  0x07, 0xe0, 0x07, 0xe0, 0x07, 0xe0, 0x07, 0xe0, 0x07, 0xe0, 0x07, 0xe0, 0x07, 0xe0, 0x07, 0xe0, 0x07, 0xe0, 0x07, 0xe0, 0x07, 0xe0, 0x07, 0xe0, 0x07, 0xe0, 0x07, 0xe0, 0x07, 0xe0, 0x07, 0xe0, 0x07, 0xe0, 0x07, 0xe0, 
  0x07, 0xe0, 0x07, 0xe0, 0x07, 0xe0, 0x07, 0xe0, 0x07, 0xe0, 0x07, 0xe0, 0x07, 0xe0, 0x07, 0xe0, 0x07, 0xe0, 0x07, 0xe0, 0x07, 0xe0, 0x07, 0xe0, 0x07, 0xe0, 0x07, 0xe0, 0x07, 0xe0, 0x07, 0xe0, 0x07, 0xe0, 0x07, 0xe0, 
  0x07, 0xe0, 0x07, 0xe0, 0x07, 0xe0, 0x07, 0xe0, 0x07, 0xe0, 0x07, 0xe0, 0x07, 0xe0, 0x07, 0xe0, 0x07, 0xe0, 0x07, 0xe0, 0x07, 0xe0, 0x07, 0xe0, 0x07, 0xe0, 0x07, 0xe0, 0x07, 0xe0, 0x07, 0xe0, 0x07, 0xe0, 0x07, 0xe0, 
  0x07, 0xe0, 0x07, 0xe0, 0x07, 0xe0, 0x07, 0xe0, 0x07, 0xe0, 0x07, 0xe0, 0x07, 0xe0, 0x07, 0xe0, 0x07, 0xe0, 0x07, 0xe0, 0x07, 0xe0, 0x07, 0xe0, 0x07, 0xe0, 0x07, 0xe0, 0x07, 0xe0, 0x07, 0xe0, 0x07, 0xe0, 0x07, 0xe0, 
  0x05, 0x80, 0x07, 0xe0, 0x07, 0xe0, 0x07, 0xe0, 0x07, 0xe0, 0x07, 0xe0, 0x07, 0xe0, 0x07, 0xe0, 0x07, 0xe0, 0x07, 0xe0, 0x07, 0xe0, 0x07, 0xe0, 0x07, 0xe0, 0x07, 0xe0, 0x07, 0xe0, 0x07, 0xe0, 0x07, 0xe0, 0x05, 0x80, 
  0x02, 0x00, 0x07, 0xe0, 0x07, 0xe0, 0x07, 0xe0, 0x07, 0xe0, 0x07, 0xe0, 0x07, 0xe0, 0x07, 0xe0, 0x07, 0xe0, 0x07, 0xe0, 0x07, 0xe0, 0x07, 0xe0, 0x07, 0xe0, 0x07, 0xe0, 0x07, 0xe0, 0x07, 0xe0, 0x07, 0xe0, 0x02, 0x00, 
  0x00, 0x00, 0x04, 0x00, 0x07, 0xe0, 0x07, 0xe0, 0x07, 0xe0, 0x07, 0xe0, 0x07, 0xe0, 0x07, 0xe0, 0x07, 0xe0, 0x07, 0xe0, 0x07, 0xe0, 0x07, 0xe0, 0x07, 0xe0, 0x07, 0xe0, 0x07, 0xe0, 0x07, 0xe0, 0x04, 0x00, 0x00, 0x00, 
  0x00, 0x00, 0x00, 0x00, 0x02, 0x00, 0x05, 0x80, 0x07, 0xe0, 0x07, 0xe0, 0x07, 0xe0, 0x07, 0xe0, 0x07, 0xe0, 0x07, 0xe0, 0x07, 0xe0, 0x07, 0xe0, 0x07, 0xe0, 0x07, 0xe0, 0x05, 0x80, 0x02, 0x00, 0x00, 0x00, 0x00, 0x00, 
#endif
#if LV_COLOR_DEPTH == 32
  /*Pixel format: Fix 0xFF: 8 bit, Red: 8 bit, Green: 8 bit, Blue: 8 bit*/
  0x00, 0x00, 0x00, 0xff, 0x00, 0x00, 0x00, 0xff, 0x00, 0x00, 0x40, 0xff, 0x00, 0x00, 0xb0, 0xff, 0x00, 0x00, 0xff, 0xff, 0x00, 0x00, 0xff, 0xff, 0x00, 0x00, 0xff, 0xff, 0x00, 0x00, 0xff, 0xff, 0x00, 0x00, 0xff, 0xff, 0x00, 0x00, 0xff, 0xff, 0x00, 0x00, 0xff, 0xff, 0x00, 0x00, 0xff, 0xff, 0x00, 0x00, 0xff, 0xff, 0x00, 0x00, 0xff, 0xff, 0x00, 0x00, 0xb0, 0xff, 0x00, 0x00, 0x40, 0xff, 0x00, 0x00, 0x00, 0xff, 0x00, 0x00, 0x00, 0xff, 
  0x00, 0x00, 0x00, 0xff, 0x00, 0x00, 0x80, 0xff, 0x00, 0x00, 0xff, 0xff, 0x00, 0x00, 0xff, 0xff, 0x00, 0x00, 0xff, 0xff, 0x00, 0x00, 0xff, 0xff, 0x00, 0x00, 0xff, 0xff, 0x00, 0x00, 0xff, 0xff, 0x00, 0x00, 0xff, 0xff, 0x00, 0x00, 0xff, 0xff, 0x00, 0x00, 0xff, 0xff, 0x00, 0x00, 0xff, 0xff, 0x00, 0x00, 0xff, 0xff, 0x00, 0x00, 0xff, 0xff, 0x00, 0x00, 0xff, 0xff, 0x00, 0x00, 0xff, 0xff, 0x00, 0x00, 0x80, 0xff, 0x00, 0x00, 0x00, 0xff, 
  0x00, 0x00, 0x40, 0xff, 0x00, 0x00, 0xff, 0xff, 0x00, 0x00, 0xff, 0xff, 0x00, 0x00, 0xff, 0xff, 0x00, 0x00, 0xff, 0xff, 0x00, 0x00, 0xff, 0xff, 0x00, 0x00, 0xff, 0xff, 0x00, 0x00, 0xff, 0xff, 0x00, 0x00, 0xff, 0xff, 0x00, 0x00, 0xff, 0xff, 0x00, 0x00, 0xff, 0xff, 0x00, 0x00, 0xff, 0xff, 0x00, 0x00, 0xff, 0xff, 0x00, 0x00, 0xff, 0xff, 0x00, 0x00, 0xff, 0xff, 0x00, 0x00, 0xff, 0xff, 0x00, 0x00, 0xff, 0xff, 0x00, 0x00, 0x40, 0xff, 
  0x00, 0x00, 0xb0, 0xff, 0x00, 0x00, 0xff, 0xff, 0x00, 0x00, 0xff, 0xff, 0x00, 0x00, 0xff, 0xff, 0x00, 0x00, 0xff, 0xff, 0x00, 0x00, 0xff, 0xff, 0x00, 0x00, 0xff, 0xff, 0x00, 0x00, 0xff, 0xff, 0x00, 0x00, 0xff, 0xff, 0x00, 0x00, 0xff, 0xff, 0x00, 0x00, 0xff, 0xff, 0x00, 0x00, 0xff, 0xff, 0x00, 0x00, 0xff, 0xff, 0x00, 0x00, 0xff, 0xff, 0x00, 0x00, 0xff, 0xff, 0x00, 0x00, 0xff, 0xff, 0x00, 0x00, 0xff, 0xff, 0x00, 0x00, 0xb0, 0xff, 
  0x00, 0x00, 0xff, 0xff, 0x00, 0x00, 0xff, 0xff, 0x00, 0x00, 0xff, 0xff, 0x00, 0x00, 0xff, 0xff, 0x00, 0x00, 0xff, 0xff, 0x00, 0x00, 0xff, 0xff, 0x00, 0x00, 0xff, 0xff, 0x00, 0x00, 0xff, 0xff, 0x00, 0x00, 0xff, 0xff, 0x00, 0x00, 0xff, 0xff, 0x00, 0x00, 0xff, 0xff, 0x00, 0x00, 0xff, 0xff, 0x00, 0x00, 0xff, 0xff, 0x00, 0x00, 0xff, 0xff, 0x00, 0x00, 0xff, 0xff, 0x00, 0x00, 0xff, 0xff, 0x00, 0x00, 0xff, 0xff, 0x00, 0x00, 0xff, 0xff, 
  0x00, 0x00, 0xff, 0xff, 0x00, 0x00, 0xff, 0xff, 0x00, 0x00, 0xff, 0xff, 0x00, 0x00, 0xff, 0xff, 0x00, 0x00, 0xff, 0xff, 0x00, 0x00, 0xff, 0xff, 0x00, 0x00, 0xff, 0xff, 0x00, 0x00, 0xff, 0xff, 0x00, 0x00, 0xff, 0xff, 0x00, 0x00, 0xff, 0xff, 0x00, 0x00, 0xff, 0xff, 0x00, 0x00, 0xff, 0xff, 0x00, 0x00, 0xff, 0xff, 0x00, 0x00, 0xff, 0xff, 0x00, 0x00, 0xff, 0xff, 0x00, 0x00, 0xff, 0xff, 0x00, 0x00, 0xff, 0xff, 0x00, 0x00, 0xff, 0xff, 
  0x00, 0x00, 0xff, 0xff, 0x00, 0x00, 0xff, 0xff, 0x00, 0x00, 0xff, 0xff, 0x00, 0x00, 0xff, 0xff, 0x00, 0x00, 0xff, 0xff, 0x00, 0x00, 0xff, 0xff, 0x00, 0x00, 0xff, 0xff, 0x00, 0x00, 0xff, 0xff, 0x00, 0x00, 0xff, 0xff, 0x00, 0x00, 0xff, 0xff, 0x00, 0x00, 0xff, 0xff, 0x00, 0x00, 0xff, 0xff, 0x00, 0x00, 0xff, 0xff, 0x00, 0x00, 0xff, 0xff, 0x00, 0x00, 0xff, 0xff, 0x00, 0x00, 0xff, 0xff, 0x00, 0x00, 0xff, 0xff, 0x00, 0x00, 0xff, 0xff, 
  0x00, 0x00, 0xff, 0xff, 0x00, 0x00, 0xff, 0xff, 0x00, 0x00, 0xff, 0xff, 0x00, 0x00, 0xff, 0xff, 0x00, 0x00, 0xff, 0xff, 0x00, 0x00, 0xff, 0xff, 0x00, 0x00, 0xff, 0xff, 0x00, 0x00, 0xff, 0xff, 0x00, 0x00, 0xff, 0xff, 0x00, 0x00, 0xff, 0xff, 0x00, 0x00, 0xff, 0xff, 0x00, 0x00, 0xff, 0xff, 0x00, 0x00, 0xff, 0xff, 0x00, 0x00, 0xff, 0xff, 0x00, 0x00, 0xff, 0xff, 0x00, 0x00, 0xff, 0xff, 0x00, 0x00, 0xff, 0xff, 0x00, 0x00, 0xff, 0xff, 
  0x00, 0x00, 0xff, 0xff, 0x00, 0x00, 0xff, 0xff, 0x00, 0x00, 0xff, 0xff, 0x00, 0x00, 0xff, 0xff, 0x00, 0x00, 0xff, 0xff, 0x00, 0x00, 0xff, 0xff, 0x00, 0x00, 0xff, 0xff, 0x00, 0x00, 0xff, 0xff, 0x00, 0x00, 0xff, 0xff, 0x00, 0x00, 0xff, 0xff, 0x00, 0x00, 0xff, 0xff, 0x00, 0x00, 0xff, 0xff, 0x00, 0x00, 0xff, 0xff, 0x00, 0x00, 0xff, 0xff, 0x00, 0x00, 0xff, 0xff, 0x00, 0x00, 0xff, 0xff, 0x00, 0x00, 0xff, 0xff, 0x00, 0x00, 0xff, 0xff, 
  0x00, 0x00, 0xff, 0xff, 0x00, 0x00, 0xff, 0xff, 0x00, 0x00, 0xff, 0xff, 0x00, 0x00, 0xff, 0xff, 0x00, 0x00, 0xff, 0xff, 0x00, 0x00, 0xff, 0xff, 0x00, 0x00, 0xff, 0xff, 0x00, 0x00, 0xff, 0xff, 0x00, 0x00, 0xff, 0xff, 0x00, 0x00, 0xff, 0xff, 0x00, 0x00, 0xff, 0xff, 0x00, 0x00, 0xff, 0xff, 0x00, 0x00, 0xff, 0xff, 0x00, 0x00, 0xff, 0xff, 0x00, 0x00, 0xff, 0xff, 0x00, 0x00, 0xff, 0xff, 0x00, 0x00, 0xff, 0xff, 0x00, 0x00, 0xff, 0xff, 
  0x00, 0x00, 0xff, 0xff, 0x00, 0x00, 0xff, 0xff, 0x00, 0x00, 0xff, 0xff, 0x00, 0x00, 0xff, 0xff, 0x00, 0x00, 0xff, 0xff, 0x00, 0x00, 0xff, 0xff, 0x00, 0x00, 0xff, 0xff, 0x00, 0x00, 0xff, 0xff, 0x00, 0x00, 0xff, 0xff, 0x00, 0x00, 0xff, 0xff, 0x00, 0x00, 0xff, 0xff, 0x00, 0x00, 0xff, 0xff, 0x00, 0x00, 0xff, 0xff, 0x00, 0x00, 0xff, 0xff, 0x00, 0x00, 0xff, 0xff, 0x00, 0x00, 0xff, 0xff, 0x00, 0x00, 0xff, 0xff, 0x00, 0x00, 0xff, 0xff, 
  0x00, 0x00, 0xff, 0xff, 0x00, 0x00, 0xff, 0xff, 0x00, 0x00, 0xff, 0xff, 0x00, 0x00, 0xff, 0xff, 0x00, 0x00, 0xff, 0xff, 0x00, 0x00, 0xff, 0xff, 0x00, 0x00, 0xff, 0xff, 0x00, 0x00, 0xff, 0xff, 0x00, 0x00, 0xff, 0xff, 0x00, 0x00, 0xff, 0xff, 0x00, 0x00, 0xff, 0xff, 0x00, 0x00, 0xff, 0xff, 0x00, 0x00, 0xff, 0xff, 0x00, 0x00, 0xff, 0xff, 0x00, 0x00, 0xff, 0xff, 0x00, 0x00, 0xff, 0xff, 0x00, 0x00, 0xff, 0xff, 0x00, 0x00, 0xff, 0xff, 
  0x00, 0x00, 0xff, 0xff, 0x00, 0x00, 0xff, 0xff, 0x00, 0x00, 0xff, 0xff, 0x00, 0x00, 0xff, 0xff, 0x00, 0x00, 0xff, 0xff, 0x00, 0x00, 0xff, 0xff, 0x00, 0x00, 0xff, 0xff, 0x00, 0x00, 0xff, 0xff, 0x00, 0x00, 0xff, 0xff, 0x00, 0x00, 0xff, 0xff, 0x00, 0x00, 0xff, 0xff, 0x00, 0x00, 0xff, 0xff, 0x00, 0x00, 0xff, 0xff, 0x00, 0x00, 0xff, 0xff, 0x00, 0x00, 0xff, 0xff, 0x00, 0x00, 0xff, 0xff, 0x00, 0x00, 0xff, 0xff, 0x00, 0x00, 0xff, 0xff, 
  0x00, 0x00, 0xff, 0xff, 0x00, 0x00, 0xff, 0xff, 0x00, 0x00, 0xff, 0xff, 0x00, 0x00, 0xff, 0xff, 0x00, 0x00, 0xff, 0xff, 0x00, 0x00, 0xff, 0xff, 0x00, 0x00, 0xff, 0xff, 0x00, 0x00, 0xff, 0xff, 0x00, 0x00, 0xff, 0xff, 0x00, 0x00, 0xff, 0xff, 0x00, 0x00, 0xff, 0xff, 0x00, 0x00, 0xff, 0xff, 0x00, 0x00, 0xff, 0xff, 0x00, 0x00, 0xff, 0xff, 0x00, 0x00, 0xff, 0xff, 0x00, 0x00, 0xff, 0xff, 0x00, 0x00, 0xff, 0xff, 0x00, 0x00, 0xff, 0xff, 
  0x00, 0x00, 0xff, 0xff, 0x00, 0x00, 0xff, 0xff, 0x00, 0x00, 0xff, 0xff, 0x00, 0x00, 0xff, 0xff, 0x00, 0x00, 0xff, 0xff, 0x00, 0x00, 0xff, 0xff, 0x00, 0x00, 0xff, 0xff, 0x00, 0x00, 0xff, 0xff, 0x00, 0x00, 0xff, 0xff, 0x00, 0x00, 0xff, 0xff, 0x00, 0x00, 0xff, 0xff, 0x00, 0x00, 0xff, 0xff, 0x00, 0x00, 0xff, 0xff, 0x00, 0x00, 0xff, 0xff, 0x00, 0x00, 0xff, 0xff, 0x00, 0x00, 0xff, 0xff, 0x00, 0x00, 0xff, 0xff, 0x00, 0x00, 0xff, 0xff, 
  0x00, 0x00, 0xff, 0xff, 0x00, 0x00, 0xff, 0xff, 0x00, 0x00, 0xff, 0xff, 0x00, 0x00, 0xff, 0xff, 0x00, 0x00, 0xff, 0xff, 0x00, 0x00, 0xff, 0xff, 0x00, 0x00, 0xff, 0xff, 0x00, 0x00, 0xff, 0xff, 0x00, 0x00, 0xff, 0xff, 0x00, 0x00, 0xff, 0xff, 0x00, 0x00, 0xff, 0xff, 0x00, 0x00, 0xff, 0xff, 0x00, 0x00, 0xff, 0xff, 0x00, 0x00, 0xff, 0xff, 0x00, 0x00, 0xff, 0xff, 0x00, 0x00, 0xff, 0xff, 0x00, 0x00, 0xff, 0xff, 0x00, 0x00, 0xff, 0xff, 
  0x00, 0x00, 0xff, 0xff, 0x00, 0x00, 0xff, 0xff, 0x00, 0x00, 0xff, 0xff, 0x00, 0x00, 0xff, 0xff, 0x00, 0x00, 0xff, 0xff, 0x00, 0x00, 0xff, 0xff, 0x00, 0x00, 0xff, 0xff, 0x00, 0x00, 0xff, 0xff, 0x00, 0x00, 0xff, 0xff, 0x00, 0x00, 0xff, 0xff, 0x00, 0x00, 0xff, 0xff, 0x00, 0x00, 0xff, 0xff, 0x00, 0x00, 0xff, 0xff, 0x00, 0x00, 0xff, 0xff, 0x00, 0x00, 0xff, 0xff, 0x00, 0x00, 0xff, 0xff, 0x00, 0x00, 0xff, 0xff, 0x00, 0x00, 0xff, 0xff, 
  0x00, 0x00, 0xff, 0xff, 0x00, 0x00, 0xff, 0xff, 0x00, 0x00, 0xff, 0xff, 0x00, 0x00, 0xff, 0xff, 0x00, 0x00, 0xff, 0xff, 0x00, 0x00, 0xff, 0xff, 0x00, 0x00, 0xff, 0xff, 0x00, 0x00, 0xff, 0xff, 0x00, 0x00, 0xff, 0xff, 0x00, 0x00, 0xff, 0xff, 0x00, 0x00, 0xff, 0xff, 0x00, 0x00, 0xff, 0xff, 0x00, 0x00, 0xff, 0xff, 0x00, 0x00, 0xff, 0xff, 0x00, 0x00, 0xff, 0xff, 0x00, 0x00, 0xff, 0xff, 0x00, 0x00, 0xff, 0xff, 0x00, 0x00, 0xff, 0xff, 
  0x00, 0x00, 0xff, 0xff, 0x00, 0x00, 0xff, 0xff, 0x00, 0x00, 0xff, 0xff, 0x00, 0x00, 0xff, 0xff, 0x00, 0x00, 0xff, 0xff, 0x00, 0x00, 0xff, 0xff, 0x00, 0x00, 0xff, 0xff, 0x00, 0x00, 0xff, 0xff, 0x00, 0x00, 0xff, 0xff, 0x00, 0x00, 0xff, 0xff, 0x00, 0x00, 0xff, 0xff, 0x00, 0x00, 0xff, 0xff, 0x00, 0x00, 0xff, 0xff, 0x00, 0x00, 0xff, 0xff, 0x00, 0x00, 0xff, 0xff, 0x00, 0x00, 0xff, 0xff, 0x00, 0x00, 0xff, 0xff, 0x00, 0x00, 0xff, 0xff, 
  0x00, 0x00, 0xff, 0xff, 0x00, 0x00, 0xff, 0xff, 0x00, 0x00, 0xff, 0xff, 0x00, 0x00, 0xff, 0xff, 0x00, 0x00, 0xff, 0xff, 0x00, 0x00, 0xff, 0xff, 0x00, 0x00, 0xff, 0xff, 0x00, 0x00, 0xff, 0xff, 0x00, 0x00, 0xff, 0xff, 0x00, 0x00, 0xff, 0xff, 0x00, 0x00, 0xff, 0xff, 0x00, 0x00, 0xff, 0xff, 0x00, 0x00, 0xff, 0xff, 0x00, 0x00, 0xff, 0xff, 0x00, 0x00, 0xff, 0xff, 0x00, 0x00, 0xff, 0xff, 0x00, 0x00, 0xff, 0xff, 0x00, 0x00, 0xff, 0xff, 
  0x00, 0x00, 0xff, 0xff, 0x00, 0x00, 0xff, 0xff, 0x00, 0x00, 0xff, 0xff, 0x00, 0x00, 0xff, 0xff, 0x00, 0x00, 0xff, 0xff, 0x00, 0x00, 0xff, 0xff, 0x00, 0x00, 0xff, 0xff, 0x00, 0x00, 0xff, 0xff, 0x00, 0x00, 0xff, 0xff, 0x00, 0x00, 0xff, 0xff, 0x00, 0x00, 0xff, 0xff, 0x00, 0x00, 0xff, 0xff, 0x00, 0x00, 0xff, 0xff, 0x00, 0x00, 0xff, 0xff, 0x00, 0x00, 0xff, 0xff, 0x00, 0x00, 0xff, 0xff, 0x00, 0x00, 0xff, 0xff, 0x00, 0x00, 0xff, 0xff, 
  0x00, 0x00, 0xff, 0xff, 0x00, 0x00, 0xff, 0xff, 0x00, 0x00, 0xff, 0xff, 0x00, 0x00, 0xff, 0xff, 0x00, 0x00, 0xff, 0xff, 0x00, 0x00, 0xff, 0xff, 0x00, 0x00, 0xff, 0xff, 0x00, 0x00, 0xff, 0xff, 0x00, 0x00, 0xff, 0xff, 0x00, 0x00, 0xff, 0xff, 0x00, 0x00, 0xff, 0xff, 0x00, 0x00, 0xff, 0xff, 0x00, 0x00, 0xff, 0xff, 0x00, 0x00, 0xff, 0xff, 0x00, 0x00, 0xff, 0xff, 0x00, 0x00, 0xff, 0xff, 0x00, 0x00, 0xff, 0xff, 0x00, 0x00, 0xff, 0xff, 
  0x00, 0x00, 0xff, 0xff, 0x00, 0x00, 0xff, 0xff, 0x00, 0x00, 0xff, 0xff, 0x00, 0x00, 0xff, 0xff, 0x00, 0x00, 0xff, 0xff, 0x00, 0x00, 0xff, 0xff, 0x00, 0x00, 0xff, 0xff, 0x00, 0x00, 0xff, 0xff, 0x00, 0x00, 0xff, 0xff, 0x00, 0x00, 0xff, 0xff, 0x00, 0x00, 0xff, 0xff, 0x00, 0x00, 0xff, 0xff, 0x00, 0x00, 0xff, 0xff, 0x00, 0x00, 0xff, 0xff, 0x00, 0x00, 0xff, 0xff, 0x00, 0x00, 0xff, 0xff, 0x00, 0x00, 0xff, 0xff, 0x00, 0x00, 0xff, 0xff, 
  0x00, 0x00, 0xff, 0xff, 0x00, 0x00, 0xff, 0xff, 0x00, 0x00, 0xff, 0xff, 0x00, 0x00, 0xff, 0xff, 0x00, 0x00, 0xff, 0xff, 0x00, 0x00, 0xff, 0xff, 0x00, 0x00, 0xff, 0xff, 0x00, 0x00, 0xff, 0xff, 0x00, 0x00, 0xff, 0xff, 0x00, 0x00, 0xff, 0xff, 0x00, 0x00, 0xff, 0xff, 0x00, 0x00, 0xff, 0xff, 0x00, 0x00, 0xff, 0xff, 0x00, 0x00, 0xff, 0xff, 0x00, 0x00, 0xff, 0xff, 0x00, 0x00, 0xff, 0xff, 0x00, 0x00, 0xff, 0xff, 0x00, 0x00, 0xff, 0xff, 
  0x00, 0x00, 0xff, 0xff, 0x00, 0x00, 0xff, 0xff, 0x00, 0x00, 0xff, 0xff, 0x00, 0x00, 0xff, 0xff, 0x00, 0x00, 0xff, 0xff, 0x00, 0x00, 0xff, 0xff, 0x00, 0x00, 0xff, 0xff, 0x00, 0x00, 0xff, 0xff, 0x00, 0x00, 0xff, 0xff, 0x00, 0x00, 0xff, 0xff, 0x00, 0x00, 0xff, 0xff, 0x00, 0x00, 0xff, 0xff, 0x00, 0x00, 0xff, 0xff, 0x00, 0x00, 0xff, 0xff, 0x00, 0x00, 0xff, 0xff, 0x00, 0x00, 0xff, 0xff, 0x00, 0x00, 0xff, 0xff, 0x00, 0x00, 0xff, 0xff, 
  0x00, 0x00, 0xff, 0xff, 0x00, 0x00, 0xff, 0xff, 0x00, 0x00, 0xff, 0xff, 0x00, 0x00, 0xff, 0xff, 0x00, 0x00, 0xff, 0xff, 0x00, 0x00, 0xff, 0xff, 0x00, 0x00, 0xff, 0xff, 0x00, 0x00, 0xff, 0xff, 0x00, 0x00, 0xff, 0xff, 0x00, 0x00, 0xff, 0xff, 0x00, 0x00, 0xff, 0xff, 0x00, 0x00, 0xff, 0xff, 0x00, 0x00, 0xff, 0xff, 0x00, 0x00, 0xff, 0xff, 0x00, 0x00, 0xff, 0xff, 0x00, 0x00, 0xff, 0xff, 0x00, 0x00, 0xff, 0xff, 0x00, 0x00, 0xff, 0xff, 
  0x00, 0x00, 0xff, 0xff, 0x00, 0x00, 0xff, 0xff, 0x00, 0x00, 0xff, 0xff, 0x00, 0x00, 0xff, 0xff, 0x00, 0x00, 0xff, 0xff, 0x00, 0x00, 0xff, 0xff, 0x00, 0x00, 0xff, 0xff, 0x00, 0x00, 0xff, 0xff, 0x00, 0x00, 0xff, 0xff, 0x00, 0x00, 0xff, 0xff, 0x00, 0x00, 0xff, 0xff, 0x00, 0x00, 0xff, 0xff, 0x00, 0x00, 0xff, 0xff, 0x00, 0x00, 0xff, 0xff, 0x00, 0x00, 0xff, 0xff, 0x00, 0x00, 0xff, 0xff, 0x00, 0x00, 0xff, 0xff, 0x00, 0x00, 0xff, 0xff, 
  0x00, 0x00, 0xff, 0xff, 0x00, 0x00, 0xff, 0xff, 0x00, 0x00, 0xff, 0xff, 0x00, 0x00, 0xff, 0xff, 0x00, 0x00, 0xff, 0xff, 0x00, 0x00, 0xff, 0xff, 0x00, 0x00, 0xff, 0xff, 0x00, 0x00, 0xff, 0xff, 0x00, 0x00, 0xff, 0xff, 0x00, 0x00, 0xff, 0xff, 0x00, 0x00, 0xff, 0xff, 0x00, 0x00, 0xff, 0xff, 0x00, 0x00, 0xff, 0xff, 0x00, 0x00, 0xff, 0xff, 0x00, 0x00, 0xff, 0xff, 0x00, 0x00, 0xff, 0xff, 0x00, 0x00, 0xff, 0xff, 0x00, 0x00, 0xff, 0xff, 
  0x00, 0x00, 0xff, 0xff, 0x00, 0x00, 0xff, 0xff, 0x00, 0x00, 0xff, 0xff, 0x00, 0x00, 0xff, 0xff, 0x00, 0x00, 0xff, 0xff, 0x00, 0x00, 0xff, 0xff, 0x00, 0x00, 0xff, 0xff, 0x00, 0x00, 0xff, 0xff, 0x00, 0x00, 0xff, 0xff, 0x00, 0x00, 0xff, 0xff, 0x00, 0x00, 0xff, 0xff, 0x00, 0x00, 0xff, 0xff, 0x00, 0x00, 0xff, 0xff, 0x00, 0x00, 0xff, 0xff, 0x00, 0x00, 0xff, 0xff, 0x00, 0x00, 0xff, 0xff, 0x00, 0x00, 0xff, 0xff, 0x00, 0x00, 0xff, 0xff, 
  0x00, 0x09, 0xff, 0xff, 0x00, 0x09, 0xff, 0xff, 0x00, 0x09, 0xff, 0xff, 0x00, 0x09, 0xff, 0xff, 0x00, 0x09, 0xff, 0xff, 0x00, 0x09, 0xff, 0xff, 0x00, 0x09, 0xff, 0xff, 0x00, 0x09, 0xff, 0xff, 0x00, 0x09, 0xff, 0xff, 0x00, 0x09, 0xff, 0xff, 0x00, 0x09, 0xff, 0xff, 0x00, 0x09, 0xff, 0xff, 0x00, 0x09, 0xff, 0xff, 0x00, 0x09, 0xff, 0xff, 0x00, 0x09, 0xff, 0xff, 0x00, 0x09, 0xff, 0xff, 0x00, 0x09, 0xff, 0xff, 0x00, 0x09, 0xff, 0xff, 
  0x00, 0x13, 0xff, 0xff, 0x00, 0x13, 0xff, 0xff, 0x00, 0x13, 0xff, 0xff, 0x00, 0x13, 0xff, 0xff, 0x00, 0x13, 0xff, 0xff, 0x00, 0x13, 0xff, 0xff, 0x00, 0x13, 0xff, 0xff, 0x00, 0x13, 0xff, 0xff, 0x00, 0x13, 0xff, 0xff, 0x00, 0x13, 0xff, 0xff, 0x00, 0x13, 0xff, 0xff, 0x00, 0x13, 0xff, 0xff, 0x00, 0x13, 0xff, 0xff, 0x00, 0x13, 0xff, 0xff, 0x00, 0x13, 0xff, 0xff, 0x00, 0x13, 0xff, 0xff, 0x00, 0x13, 0xff, 0xff, 0x00, 0x13, 0xff, 0xff, 
  0x00, 0x1d, 0xff, 0xff, 0x00, 0x1d, 0xff, 0xff, 0x00, 0x1d, 0xff, 0xff, 0x00, 0x1d, 0xff, 0xff, 0x00, 0x1d, 0xff, 0xff, 0x00, 0x1d, 0xff, 0xff, 0x00, 0x1d, 0xff, 0xff, 0x00, 0x1d, 0xff, 0xff, 0x00, 0x1d, 0xff, 0xff, 0x00, 0x1d, 0xff, 0xff, 0x00, 0x1d, 0xff, 0xff, 0x00, 0x1d, 0xff, 0xff, 0x00, 0x1d, 0xff, 0xff, 0x00, 0x1d, 0xff, 0xff, 0x00, 0x1d, 0xff, 0xff, 0x00, 0x1d, 0xff, 0xff, 0x00, 0x1d, 0xff, 0xff, 0x00, 0x1d, 0xff, 0xff, 
  0x00, 0x27, 0xff, 0xff, 0x00, 0x27, 0xff, 0xff, 0x00, 0x27, 0xff, 0xff, 0x00, 0x27, 0xff, 0xff, 0x00, 0x27, 0xff, 0xff, 0x00, 0x27, 0xff, 0xff, 0x00, 0x27, 0xff, 0xff, 0x00, 0x27, 0xff, 0xff, 0x00, 0x27, 0xff, 0xff, 0x00, 0x27, 0xff, 0xff, 0x00, 0x27, 0xff, 0xff, 0x00, 0x27, 0xff, 0xff, 0x00, 0x27, 0xff, 0xff, 0x00, 0x27, 0xff, 0xff, 0x00, 0x27, 0xff, 0xff, 0x00, 0x27, 0xff, 0xff, 0x00, 0x27, 0xff, 0xff, 0x00, 0x27, 0xff, 0xff, 
  0x00, 0x31, 0xff, 0xff, 0x00, 0x31, 0xff, 0xff, 0x00, 0x31, 0xff, 0xff, 0x00, 0x31, 0xff, 0xff, 0x00, 0x31, 0xff, 0xff, 0x00, 0x31, 0xff, 0xff, 0x00, 0x31, 0xff, 0xff, 0x00, 0x31, 0xff, 0xff, 0x00, 0x31, 0xff, 0xff, 0x00, 0x31, 0xff, 0xff, 0x00, 0x31, 0xff, 0xff, 0x00, 0x31, 0xff, 0xff, 0x00, 0x31, 0xff, 0xff, 0x00, 0x31, 0xff, 0xff, 0x00, 0x31, 0xff, 0xff, 0x00, 0x31, 0xff, 0xff, 0x00, 0x31, 0xff, 0xff, 0x00, 0x31, 0xff, 0xff, 
  0x00, 0x3b, 0xff, 0xff, 0x00, 0x3b, 0xff, 0xff, 0x00, 0x3b, 0xff, 0xff, 0x00, 0x3b, 0xff, 0xff, 0x00, 0x3b, 0xff, 0xff, 0x00, 0x3b, 0xff, 0xff, 0x00, 0x3b, 0xff, 0xff, 0x00, 0x3b, 0xff, 0xff, 0x00, 0x3b, 0xff, 0xff, 0x00, 0x3b, 0xff, 0xff, 0x00, 0x3b, 0xff, 0xff, 0x00, 0x3b, 0xff, 0xff, 0x00, 0x3b, 0xff, 0xff, 0x00, 0x3b, 0xff, 0xff, 0x00, 0x3b, 0xff, 0xff, 0x00, 0x3b, 0xff, 0xff, 0x00, 0x3b, 0xff, 0xff, 0x00, 0x3b, 0xff, 0xff, 
  0x00, 0x45, 0xff, 0xff, 0x00, 0x45, 0xff, 0xff, 0x00, 0x45, 0xff, 0xff, 0x00, 0x45, 0xff, 0xff, 0x00, 0x45, 0xff, 0xff, 0x00, 0x45, 0xff, 0xff, 0x00, 0x45, 0xff, 0xff, 0x00, 0x45, 0xff, 0xff, 0x00, 0x45, 0xff, 0xff, 0x00, 0x45, 0xff, 0xff, 0x00, 0x45, 0xff, 0xff, 0x00, 0x45, 0xff, 0xff, 0x00, 0x45, 0xff, 0xff, 0x00, 0x45, 0xff, 0xff, 0x00, 0x45, 0xff, 0xff, 0x00, 0x45, 0xff, 0xff, 0x00, 0x45, 0xff, 0xff, 0x00, 0x45, 0xff, 0xff, 
  0x00, 0x50, 0xff, 0xff, 0x00, 0x50, 0xff, 0xff, 0x00, 0x50, 0xff, 0xff, 0x00, 0x50, 0xff, 0xff, 0x00, 0x50, 0xff, 0xff, 0x00, 0x50, 0xff, 0xff, 0x00, 0x50, 0xff, 0xff, 0x00, 0x50, 0xff, 0xff, 0x00, 0x50, 0xff, 0xff, 0x00, 0x50, 0xff, 0xff, 0x00, 0x50, 0xff, 0xff, 0x00, 0x50, 0xff, 0xff, 0x00, 0x50, 0xff, 0xff, 0x00, 0x50, 0xff, 0xff, 0x00, 0x50, 0xff, 0xff, 0x00, 0x50, 0xff, 0xff, 0x00, 0x50, 0xff, 0xff, 0x00, 0x50, 0xff, 0xff, 
  0x00, 0x59, 0xff, 0xff, 0x00, 0x59, 0xff, 0xff, 0x00, 0x59, 0xff, 0xff, 0x00, 0x59, 0xff, 0xff, 0x00, 0x59, 0xff, 0xff, 0x00, 0x59, 0xff, 0xff, 0x00, 0x59, 0xff, 0xff, 0x00, 0x59, 0xff, 0xff, 0x00, 0x59, 0xff, 0xff, 0x00, 0x59, 0xff, 0xff, 0x00, 0x59, 0xff, 0xff, 0x00, 0x59, 0xff, 0xff, 0x00, 0x59, 0xff, 0xff, 0x00, 0x59, 0xff, 0xff, 0x00, 0x59, 0xff, 0xff, 0x00, 0x59, 0xff, 0xff, 0x00, 0x59, 0xff, 0xff, 0x00, 0x59, 0xff, 0xff, 
  0x00, 0x63, 0xff, 0xff, 0x00, 0x63, 0xff, 0xff, 0x00, 0x63, 0xff, 0xff, 0x00, 0x63, 0xff, 0xff, 0x00, 0x63, 0xff, 0xff, 0x00, 0x63, 0xff, 0xff, 0x00, 0x63, 0xff, 0xff, 0x00, 0x63, 0xff, 0xff, 0x00, 0x63, 0xff, 0xff, 0x00, 0x63, 0xff, 0xff, 0x00, 0x63, 0xff, 0xff, 0x00, 0x63, 0xff, 0xff, 0x00, 0x63, 0xff, 0xff, 0x00, 0x63, 0xff, 0xff, 0x00, 0x63, 0xff, 0xff, 0x00, 0x63, 0xff, 0xff, 0x00, 0x63, 0xff, 0xff, 0x00, 0x63, 0xff, 0xff, 
  0x00, 0x6d, 0xff, 0xff, 0x00, 0x6d, 0xff, 0xff, 0x00, 0x6d, 0xff, 0xff, 0x00, 0x6d, 0xff, 0xff, 0x00, 0x6d, 0xff, 0xff, 0x00, 0x6d, 0xff, 0xff, 0x00, 0x6d, 0xff, 0xff, 0x00, 0x6d, 0xff, 0xff, 0x00, 0x6d, 0xff, 0xff, 0x00, 0x6d, 0xff, 0xff, 0x00, 0x6d, 0xff, 0xff, 0x00, 0x6d, 0xff, 0xff, 0x00, 0x6d, 0xff, 0xff, 0x00, 0x6d, 0xff, 0xff, 0x00, 0x6d, 0xff, 0xff, 0x00, 0x6d, 0xff, 0xff, 0x00, 0x6d, 0xff, 0xff, 0x00, 0x6d, 0xff, 0xff, 
  0x00, 0x77, 0xff, 0xff, 0x00, 0x77, 0xff, 0xff, 0x00, 0x77, 0xff, 0xff, 0x00, 0x77, 0xff, 0xff, 0x00, 0x77, 0xff, 0xff, 0x00, 0x77, 0xff, 0xff, 0x00, 0x77, 0xff, 0xff, 0x00, 0x77, 0xff, 0xff, 0x00, 0x77, 0xff, 0xff, 0x00, 0x77, 0xff, 0xff, 0x00, 0x77, 0xff, 0xff, 0x00, 0x77, 0xff, 0xff, 0x00, 0x77, 0xff, 0xff, 0x00, 0x77, 0xff, 0xff, 0x00, 0x77, 0xff, 0xff, 0x00, 0x77, 0xff, 0xff, 0x00, 0x77, 0xff, 0xff, 0x00, 0x77, 0xff, 0xff, 
  0x00, 0x81, 0xff, 0xff, 0x00, 0x81, 0xff, 0xff, 0x00, 0x81, 0xff, 0xff, 0x00, 0x81, 0xff, 0xff, 0x00, 0x81, 0xff, 0xff, 0x00, 0x81, 0xff, 0xff, 0x00, 0x81, 0xff, 0xff, 0x00, 0x81, 0xff, 0xff, 0x00, 0x81, 0xff, 0xff, 0x00, 0x81, 0xff, 0xff, 0x00, 0x81, 0xff, 0xff, 0x00, 0x81, 0xff, 0xff, 0x00, 0x81, 0xff, 0xff, 0x00, 0x81, 0xff, 0xff, 0x00, 0x81, 0xff, 0xff, 0x00, 0x81, 0xff, 0xff, 0x00, 0x81, 0xff, 0xff, 0x00, 0x81, 0xff, 0xff, 
  0x00, 0x8b, 0xff, 0xff, 0x00, 0x8b, 0xff, 0xff, 0x00, 0x8b, 0xff, 0xff, 0x00, 0x8b, 0xff, 0xff, 0x00, 0x8b, 0xff, 0xff, 0x00, 0x8b, 0xff, 0xff, 0x00, 0x8b, 0xff, 0xff, 0x00, 0x8b, 0xff, 0xff, 0x00, 0x8b, 0xff, 0xff, 0x00, 0x8b, 0xff, 0xff, 0x00, 0x8b, 0xff, 0xff, 0x00, 0x8b, 0xff, 0xff, 0x00, 0x8b, 0xff, 0xff, 0x00, 0x8b, 0xff, 0xff, 0x00, 0x8b, 0xff, 0xff, 0x00, 0x8b, 0xff, 0xff, 0x00, 0x8b, 0xff, 0xff, 0x00, 0x8b, 0xff, 0xff, 
  0x00, 0x95, 0xff, 0xff, 0x00, 0x95, 0xff, 0xff, 0x00, 0x95, 0xff, 0xff, 0x00, 0x95, 0xff, 0xff, 0x00, 0x95, 0xff, 0xff, 0x00, 0x95, 0xff, 0xff, 0x00, 0x95, 0xff, 0xff, 0x00, 0x95, 0xff, 0xff, 0x00, 0x95, 0xff, 0xff, 0x00, 0x95, 0xff, 0xff, 0x00, 0x95, 0xff, 0xff, 0x00, 0x95, 0xff, 0xff, 0x00, 0x95, 0xff, 0xff, 0x00, 0x95, 0xff, 0xff, 0x00, 0x95, 0xff, 0xff, 0x00, 0x95, 0xff, 0xff, 0x00, 0x95, 0xff, 0xff, 0x00, 0x95, 0xff, 0xff, 
  0x00, 0xa0, 0xff, 0xff, 0x00, 0xa0, 0xff, 0xff, 0x00, 0xa0, 0xff, 0xff, 0x00, 0xa0, 0xff, 0xff, 0x00, 0xa0, 0xff, 0xff, 0x00, 0xa0, 0xff, 0xff, 0x00, 0xa0, 0xff, 0xff, 0x00, 0xa0, 0xff, 0xff, 0x00, 0xa0, 0xff, 0xff, 0x00, 0xa0, 0xff, 0xff, 0x00, 0xa0, 0xff, 0xff, 0x00, 0xa0, 0xff, 0xff, 0x00, 0xa0, 0xff, 0xff, 0x00, 0xa0, 0xff, 0xff, 0x00, 0xa0, 0xff, 0xff, 0x00, 0xa0, 0xff, 0xff, 0x00, 0xa0, 0xff, 0xff, 0x00, 0xa0, 0xff, 0xff, 
  0x00, 0xa9, 0xff, 0xff, 0x00, 0xa9, 0xff, 0xff, 0x00, 0xa9, 0xff, 0xff, 0x00, 0xa9, 0xff, 0xff, 0x00, 0xa9, 0xff, 0xff, 0x00, 0xa9, 0xff, 0xff, 0x00, 0xa9, 0xff, 0xff, 0x00, 0xa9, 0xff, 0xff, 0x00, 0xa9, 0xff, 0xff, 0x00, 0xa9, 0xff, 0xff, 0x00, 0xa9, 0xff, 0xff, 0x00, 0xa9, 0xff, 0xff, 0x00, 0xa9, 0xff, 0xff, 0x00, 0xa9, 0xff, 0xff, 0x00, 0xa9, 0xff, 0xff, 0x00, 0xa9, 0xff, 0xff, 0x00, 0xa9, 0xff, 0xff, 0x00, 0xa9, 0xff, 0xff, 
  0x00, 0xb3, 0xff, 0xff, 0x00, 0xb3, 0xff, 0xff, 0x00, 0xb3, 0xff, 0xff, 0x00, 0xb3, 0xff, 0xff, 0x00, 0xb3, 0xff, 0xff, 0x00, 0xb3, 0xff, 0xff, 0x00, 0xb3, 0xff, 0xff, 0x00, 0xb3, 0xff, 0xff, 0x00, 0xb3, 0xff, 0xff, 0x00, 0xb3, 0xff, 0xff, 0x00, 0xb3, 0xff, 0xff, 0x00, 0xb3, 0xff, 0xff, 0x00, 0xb3, 0xff, 0xff, 0x00, 0xb3, 0xff, 0xff, 0x00, 0xb3, 0xff, 0xff, 0x00, 0xb3, 0xff, 0xff, 0x00, 0xb3, 0xff, 0xff, 0x00, 0xb3, 0xff, 0xff, 
  0x00, 0xbd, 0xff, 0xff, 0x00, 0xbd, 0xff, 0xff, 0x00, 0xbd, 0xff, 0xff, 0x00, 0xbd, 0xff, 0xff, 0x00, 0xbd, 0xff, 0xff, 0x00, 0xbd, 0xff, 0xff, 0x00, 0xbd, 0xff, 0xff, 0x00, 0xbd, 0xff, 0xff, 0x00, 0xbd, 0xff, 0xff, 0x00, 0xbd, 0xff, 0xff, 0x00, 0xbd, 0xff, 0xff, 0x00, 0xbd, 0xff, 0xff, 0x00, 0xbd, 0xff, 0xff, 0x00, 0xbd, 0xff, 0xff, 0x00, 0xbd, 0xff, 0xff, 0x00, 0xbd, 0xff, 0xff, 0x00, 0xbd, 0xff, 0xff, 0x00, 0xbd, 0xff, 0xff, 
  0x00, 0xc7, 0xff, 0xff, 0x00, 0xc7, 0xff, 0xff, 0x00, 0xc7, 0xff, 0xff, 0x00, 0xc7, 0xff, 0xff, 0x00, 0xc7, 0xff, 0xff, 0x00, 0xc7, 0xff, 0xff, 0x00, 0xc7, 0xff, 0xff, 0x00, 0xc7, 0xff, 0xff, 0x00, 0xc7, 0xff, 0xff, 0x00, 0xc7, 0xff, 0xff, 0x00, 0xc7, 0xff, 0xff, 0x00, 0xc7, 0xff, 0xff, 0x00, 0xc7, 0xff, 0xff, 0x00, 0xc7, 0xff, 0xff, 0x00, 0xc7, 0xff, 0xff, 0x00, 0xc7, 0xff, 0xff, 0x00, 0xc7, 0xff, 0xff, 0x00, 0xc7, 0xff, 0xff, 
  0x00, 0xd1, 0xff, 0xff, 0x00, 0xd1, 0xff, 0xff, 0x00, 0xd1, 0xff, 0xff, 0x00, 0xd1, 0xff, 0xff, 0x00, 0xd1, 0xff, 0xff, 0x00, 0xd1, 0xff, 0xff, 0x00, 0xd1, 0xff, 0xff, 0x00, 0xd1, 0xff, 0xff, 0x00, 0xd1, 0xff, 0xff, 0x00, 0xd1, 0xff, 0xff, 0x00, 0xd1, 0xff, 0xff, 0x00, 0xd1, 0xff, 0xff, 0x00, 0xd1, 0xff, 0xff, 0x00, 0xd1, 0xff, 0xff, 0x00, 0xd1, 0xff, 0xff, 0x00, 0xd1, 0xff, 0xff, 0x00, 0xd1, 0xff, 0xff, 0x00, 0xd1, 0xff, 0xff, 
  0x00, 0xdb, 0xff, 0xff, 0x00, 0xdb, 0xff, 0xff, 0x00, 0xdb, 0xff, 0xff, 0x00, 0xdb, 0xff, 0xff, 0x00, 0xdb, 0xff, 0xff, 0x00, 0xdb, 0xff, 0xff, 0x00, 0xdb, 0xff, 0xff, 0x00, 0xdb, 0xff, 0xff, 0x00, 0xdb, 0xff, 0xff, 0x00, 0xdb, 0xff, 0xff, 0x00, 0xdb, 0xff, 0xff, 0x00, 0xdb, 0xff, 0xff, 0x00, 0xdb, 0xff, 0xff, 0x00, 0xdb, 0xff, 0xff, 0x00, 0xdb, 0xff, 0xff, 0x00, 0xdb, 0xff, 0xff, 0x00, 0xdb, 0xff, 0xff, 0x00, 0xdb, 0xff, 0xff, 
  0x00, 0xe5, 0xff, 0xff, 0x00, 0xe5, 0xff, 0xff, 0x00, 0xe5, 0xff, 0xff, 0x00, 0xe5, 0xff, 0xff, 0x00, 0xe5, 0xff, 0xff, 0x00, 0xe5, 0xff, 0xff, 0x00, 0xe5, 0xff, 0xff, 0x00, 0xe5, 0xff, 0xff, 0x00, 0xe5, 0xff, 0xff, 0x00, 0xe5, 0xff, 0xff, 0x00, 0xe5, 0xff, 0xff, 0x00, 0xe5, 0xff, 0xff, 0x00, 0xe5, 0xff, 0xff, 0x00, 0xe5, 0xff, 0xff, 0x00, 0xe5, 0xff, 0xff, 0x00, 0xe5, 0xff, 0xff, 0x00, 0xe5, 0xff, 0xff, 0x00, 0xe5, 0xff, 0xff, 
  0x00, 0xf0, 0xff, 0xff, 0x00, 0xf0, 0xff, 0xff, 0x00, 0xf0, 0xff, 0xff, 0x00, 0xf0, 0xff, 0xff, 0x00, 0xf0, 0xff, 0xff, 0x00, 0xf0, 0xff, 0xff, 0x00, 0xf0, 0xff, 0xff, 0x00, 0xf0, 0xff, 0xff, 0x00, 0xf0, 0xff, 0xff, 0x00, 0xf0, 0xff, 0xff, 0x00, 0xf0, 0xff, 0xff, 0x00, 0xf0, 0xff, 0xff, 0x00, 0xf0, 0xff, 0xff, 0x00, 0xf0, 0xff, 0xff, 0x00, 0xf0, 0xff, 0xff, 0x00, 0xf0, 0xff, 0xff, 0x00, 0xf0, 0xff, 0xff, 0x00, 0xf0, 0xff, 0xff, 
  0x00, 0xf0, 0xff, 0xff, 0x00, 0xf0, 0xff, 0xff, 0x00, 0xf0, 0xff, 0xff, 0x00, 0xf0, 0xff, 0xff, 0x00, 0xf0, 0xff, 0xff, 0x00, 0xf0, 0xff, 0xff, 0x00, 0xf0, 0xff, 0xff, 0x00, 0xf0, 0xff, 0xff, 0x00, 0xf0, 0xff, 0xff, 0x00, 0xf0, 0xff, 0xff, 0x00, 0xf0, 0xff, 0xff, 0x00, 0xf0, 0xff, 0xff, 0x00, 0xf0, 0xff, 0xff, 0x00, 0xf0, 0xff, 0xff, 0x00, 0xf0, 0xff, 0xff, 0x00, 0xf0, 0xff, 0xff, 0x00, 0xf0, 0xff, 0xff, 0x00, 0xf0, 0xff, 0xff, 
  0x00, 0xf0, 0xff, 0xff, 0x00, 0xf0, 0xff, 0xff, 0x00, 0xf0, 0xff, 0xff, 0x00, 0xf0, 0xff, 0xff, 0x00, 0xf0, 0xff, 0xff, 0x00, 0xf0, 0xff, 0xff, 0x00, 0xf0, 0xff, 0xff, 0x00, 0xf0, 0xff, 0xff, 0x00, 0xf0, 0xff, 0xff, 0x00, 0xf0, 0xff, 0xff, 0x00, 0xf0, 0xff, 0xff, 0x00, 0xf0, 0xff, 0xff, 0x00, 0xf0, 0xff, 0xff, 0x00, 0xf0, 0xff, 0xff, 0x00, 0xf0, 0xff, 0xff, 0x00, 0xf0, 0xff, 0xff, 0x00, 0xf0, 0xff, 0xff, 0x00, 0xf0, 0xff, 0xff, 
  0x00, 0xf0, 0xff, 0xff, 0x00, 0xf0, 0xff, 0xff, 0x00, 0xf0, 0xff, 0xff, 0x00, 0xf0, 0xff, 0xff, 0x00, 0xf0, 0xff, 0xff, 0x00, 0xf0, 0xff, 0xff, 0x00, 0xf0, 0xff, 0xff, 0x00, 0xf0, 0xff, 0xff, 0x00, 0xf0, 0xff, 0xff, 0x00, 0xf0, 0xff, 0xff, 0x00, 0xf0, 0xff, 0xff, 0x00, 0xf0, 0xff, 0xff, 0x00, 0xf0, 0xff, 0xff, 0x00, 0xf0, 0xff, 0xff, 0x00, 0xf0, 0xff, 0xff, 0x00, 0xf0, 0xff, 0xff, 0x00, 0xf0, 0xff, 0xff, 0x00, 0xf0, 0xff, 0xff, 
  0x00, 0xf0, 0xff, 0xff, 0x00, 0xf0, 0xff, 0xff, 0x00, 0xf0, 0xff, 0xff, 0x00, 0xf0, 0xff, 0xff, 0x00, 0xf0, 0xff, 0xff, 0x00, 0xf0, 0xff, 0xff, 0x00, 0xf0, 0xff, 0xff, 0x00, 0xf0, 0xff, 0xff, 0x00, 0xf0, 0xff, 0xff, 0x00, 0xf0, 0xff, 0xff, 0x00, 0xf0, 0xff, 0xff, 0x00, 0xf0, 0xff, 0xff, 0x00, 0xf0, 0xff, 0xff, 0x00, 0xf0, 0xff, 0xff, 0x00, 0xf0, 0xff, 0xff, 0x00, 0xf0, 0xff, 0xff, 0x00, 0xf0, 0xff, 0xff, 0x00, 0xf0, 0xff, 0xff, 
  0x00, 0xf0, 0xff, 0xff, 0x00, 0xf0, 0xff, 0xff, 0x00, 0xf0, 0xff, 0xff, 0x00, 0xf0, 0xff, 0xff, 0x00, 0xf0, 0xff, 0xff, 0x00, 0xf0, 0xff, 0xff, 0x00, 0xf0, 0xff, 0xff, 0x00, 0xf0, 0xff, 0xff, 0x00, 0xf0, 0xff, 0xff, 0x00, 0xf0, 0xff, 0xff, 0x00, 0xf0, 0xff, 0xff, 0x00, 0xf0, 0xff, 0xff, 0x00, 0xf0, 0xff, 0xff, 0x00, 0xf0, 0xff, 0xff, 0x00, 0xf0, 0xff, 0xff, 0x00, 0xf0, 0xff, 0xff, 0x00, 0xf0, 0xff, 0xff, 0x00, 0xf0, 0xff, 0xff, 
  0x00, 0xf0, 0xff, 0xff, 0x00, 0xf0, 0xff, 0xff, 0x00, 0xf0, 0xff, 0xff, 0x00, 0xf0, 0xff, 0xff, 0x00, 0xf0, 0xff, 0xff, 0x00, 0xf0, 0xff, 0xff, 0x00, 0xf0, 0xff, 0xff, 0x00, 0xf0, 0xff, 0xff, 0x00, 0xf0, 0xff, 0xff, 0x00, 0xf0, 0xff, 0xff, 0x00, 0xf0, 0xff, 0xff, 0x00, 0xf0, 0xff, 0xff, 0x00, 0xf0, 0xff, 0xff, 0x00, 0xf0, 0xff, 0xff, 0x00, 0xf0, 0xff, 0xff, 0x00, 0xf0, 0xff, 0xff, 0x00, 0xf0, 0xff, 0xff, 0x00, 0xf0, 0xff, 0xff, 
  0x00, 0xf0, 0xff, 0xff, 0x00, 0xf0, 0xff, 0xff, 0x00, 0xf0, 0xff, 0xff, 0x00, 0xf0, 0xff, 0xff, 0x00, 0xf0, 0xff, 0xff, 0x00, 0xf0, 0xff, 0xff, 0x00, 0xf0, 0xff, 0xff, 0x00, 0xf0, 0xff, 0xff, 0x00, 0xf0, 0xff, 0xff, 0x00, 0xf0, 0xff, 0xff, 0x00, 0xf0, 0xff, 0xff, 0x00, 0xf0, 0xff, 0xff, 0x00, 0xf0, 0xff, 0xff, 0x00, 0xf0, 0xff, 0xff, 0x00, 0xf0, 0xff, 0xff, 0x00, 0xf0, 0xff, 0xff, 0x00, 0xf0, 0xff, 0xff, 0x00, 0xf0, 0xff, 0xff, 
  0x00, 0xf0, 0xff, 0xff, 0x00, 0xf0, 0xff, 0xff, 0x00, 0xf0, 0xff, 0xff, 0x00, 0xf0, 0xff, 0xff, 0x00, 0xf0, 0xff, 0xff, 0x00, 0xf0, 0xff, 0xff, 0x00, 0xf0, 0xff, 0xff, 0x00, 0xf0, 0xff, 0xff, 0x00, 0xf0, 0xff, 0xff, 0x00, 0xf0, 0xff, 0xff, 0x00, 0xf0, 0xff, 0xff, 0x00, 0xf0, 0xff, 0xff, 0x00, 0xf0, 0xff, 0xff, 0x00, 0xf0, 0xff, 0xff, 0x00, 0xf0, 0xff, 0xff, 0x00, 0xf0, 0xff, 0xff, 0x00, 0xf0, 0xff, 0xff, 0x00, 0xf0, 0xff, 0xff, 
  0x00, 0xf0, 0xff, 0xff, 0x00, 0xf0, 0xff, 0xff, 0x00, 0xf0, 0xff, 0xff, 0x00, 0xf0, 0xff, 0xff, 0x00, 0xf0, 0xff, 0xff, 0x00, 0xf0, 0xff, 0xff, 0x00, 0xf0, 0xff, 0xff, 0x00, 0xf0, 0xff, 0xff, 0x00, 0xf0, 0xff, 0xff, 0x00, 0xf0, 0xff, 0xff, 0x00, 0xf0, 0xff, 0xff, 0x00, 0xf0, 0xff, 0xff, 0x00, 0xf0, 0xff, 0xff, 0x00, 0xf0, 0xff, 0xff, 0x00, 0xf0, 0xff, 0xff, 0x00, 0xf0, 0xff, 0xff, 0x00, 0xf0, 0xff, 0xff, 0x00, 0xf0, 0xff, 0xff, 
  0x00, 0xf0, 0xff, 0xff, 0x00, 0xf0, 0xff, 0xff, 0x00, 0xf0, 0xff, 0xff, 0x00, 0xf0, 0xff, 0xff, 0x00, 0xf0, 0xff, 0xff, 0x00, 0xf0, 0xff, 0xff, 0x00, 0xf0, 0xff, 0xff, 0x00, 0xf0, 0xff, 0xff, 0x00, 0xf0, 0xff, 0xff, 0x00, 0xf0, 0xff, 0xff, 0x00, 0xf0, 0xff, 0xff, 0x00, 0xf0, 0xff, 0xff, 0x00, 0xf0, 0xff, 0xff, 0x00, 0xf0, 0xff, 0xff, 0x00, 0xf0, 0xff, 0xff, 0x00, 0xf0, 0xff, 0xff, 0x00, 0xf0, 0xff, 0xff, 0x00, 0xf0, 0xff, 0xff, 
  0x00, 0xf0, 0xff, 0xff, 0x00, 0xf0, 0xff, 0xff, 0x00, 0xf0, 0xff, 0xff, 0x00, 0xf0, 0xff, 0xff, 0x00, 0xf0, 0xff, 0xff, 0x00, 0xf0, 0xff, 0xff, 0x00, 0xf0, 0xff, 0xff, 0x00, 0xf0, 0xff, 0xff, 0x00, 0xf0, 0xff, 0xff, 0x00, 0xf0, 0xff, 0xff, 0x00, 0xf0, 0xff, 0xff, 0x00, 0xf0, 0xff, 0xff, 0x00, 0xf0, 0xff, 0xff, 0x00, 0xf0, 0xff, 0xff, 0x00, 0xf0, 0xff, 0xff, 0x00, 0xf0, 0xff, 0xff, 0x00, 0xf0, 0xff, 0xff, 0x00, 0xf0, 0xff, 0xff, 
  0x00, 0xf0, 0xff, 0xff, 0x00, 0xf0, 0xff, 0xff, 0x00, 0xf0, 0xff, 0xff, 0x00, 0xf0, 0xff, 0xff, 0x00, 0xf0, 0xff, 0xff, 0x00, 0xf0, 0xff, 0xff, 0x00, 0xf0, 0xff, 0xff, 0x00, 0xf0, 0xff, 0xff, 0x00, 0xf0, 0xff, 0xff, 0x00, 0xf0, 0xff, 0xff, 0x00, 0xf0, 0xff, 0xff, 0x00, 0xf0, 0xff, 0xff, 0x00, 0xf0, 0xff, 0xff, 0x00, 0xf0, 0xff, 0xff, 0x00, 0xf0, 0xff, 0xff, 0x00, 0xf0, 0xff, 0xff, 0x00, 0xf0, 0xff, 0xff, 0x00, 0xf0, 0xff, 0xff, 
  0x00, 0xf0, 0xff, 0xff, 0x00, 0xf0, 0xff, 0xff, 0x00, 0xf0, 0xff, 0xff, 0x00, 0xf0, 0xff, 0xff, 0x00, 0xf0, 0xff, 0xff, 0x00, 0xf0, 0xff, 0xff, 0x00, 0xf0, 0xff, 0xff, 0x00, 0xf0, 0xff, 0xff, 0x00, 0xf0, 0xff, 0xff, 0x00, 0xf0, 0xff, 0xff, 0x00, 0xf0, 0xff, 0xff, 0x00, 0xf0, 0xff, 0xff, 0x00, 0xf0, 0xff, 0xff, 0x00, 0xf0, 0xff, 0xff, 0x00, 0xf0, 0xff, 0xff, 0x00, 0xf0, 0xff, 0xff, 0x00, 0xf0, 0xff, 0xff, 0x00, 0xf0, 0xff, 0xff, 
  0x00, 0xf0, 0xff, 0xff, 0x00, 0xf0, 0xff, 0xff, 0x00, 0xf0, 0xff, 0xff, 0x00, 0xf0, 0xff, 0xff, 0x00, 0xf0, 0xff, 0xff, 0x00, 0xf0, 0xff, 0xff, 0x00, 0xf0, 0xff, 0xff, 0x00, 0xf0, 0xff, 0xff, 0x00, 0xf0, 0xff, 0xff, 0x00, 0xf0, 0xff, 0xff, 0x00, 0xf0, 0xff, 0xff, 0x00, 0xf0, 0xff, 0xff, 0x00, 0xf0, 0xff, 0xff, 0x00, 0xf0, 0xff, 0xff, 0x00, 0xf0, 0xff, 0xff, 0x00, 0xf0, 0xff, 0xff, 0x00, 0xf0, 0xff, 0xff, 0x00, 0xf0, 0xff, 0xff, 
  0x00, 0xf0, 0xff, 0xff, 0x00, 0xf0, 0xff, 0xff, 0x00, 0xf0, 0xff, 0xff, 0x00, 0xf0, 0xff, 0xff, 0x00, 0xf0, 0xff, 0xff, 0x00, 0xf0, 0xff, 0xff, 0x00, 0xf0, 0xff, 0xff, 0x00, 0xf0, 0xff, 0xff, 0x00, 0xf0, 0xff, 0xff, 0x00, 0xf0, 0xff, 0xff, 0x00, 0xf0, 0xff, 0xff, 0x00, 0xf0, 0xff, 0xff, 0x00, 0xf0, 0xff, 0xff, 0x00, 0xf0, 0xff, 0xff, 0x00, 0xf0, 0xff, 0xff, 0x00, 0xf0, 0xff, 0xff, 0x00, 0xf0, 0xff, 0xff, 0x00, 0xf0, 0xff, 0xff, 
  0x00, 0xf0, 0xff, 0xff, 0x00, 0xf0, 0xff, 0xff, 0x00, 0xf0, 0xff, 0xff, 0x00, 0xf0, 0xff, 0xff, 0x00, 0xf0, 0xff, 0xff, 0x00, 0xf0, 0xff, 0xff, 0x00, 0xf0, 0xff, 0xff, 0x00, 0xf0, 0xff, 0xff, 0x00, 0xf0, 0xff, 0xff, 0x00, 0xf0, 0xff, 0xff, 0x00, 0xf0, 0xff, 0xff, 0x00, 0xf0, 0xff, 0xff, 0x00, 0xf0, 0xff, 0xff, 0x00, 0xf0, 0xff, 0xff, 0x00, 0xf0, 0xff, 0xff, 0x00, 0xf0, 0xff, 0xff, 0x00, 0xf0, 0xff, 0xff, 0x00, 0xf0, 0xff, 0xff, 
  0x00, 0xf0, 0xff, 0xff, 0x00, 0xf0, 0xff, 0xff, 0x00, 0xf0, 0xff, 0xff, 0x00, 0xf0, 0xff, 0xff, 0x00, 0xf0, 0xff, 0xff, 0x00, 0xf0, 0xff, 0xff, 0x00, 0xf0, 0xff, 0xff, 0x00, 0xf0, 0xff, 0xff, 0x00, 0xf0, 0xff, 0xff, 0x00, 0xf0, 0xff, 0xff, 0x00, 0xf0, 0xff, 0xff, 0x00, 0xf0, 0xff, 0xff, 0x00, 0xf0, 0xff, 0xff, 0x00, 0xf0, 0xff, 0xff, 0x00, 0xf0, 0xff, 0xff, 0x00, 0xf0, 0xff, 0xff, 0x00, 0xf0, 0xff, 0xff, 0x00, 0xf0, 0xff, 0xff, 
  0x00, 0xf0, 0xff, 0xff, 0x00, 0xf0, 0xff, 0xff, 0x00, 0xf0, 0xff, 0xff, 0x00, 0xf0, 0xff, 0xff, 0x00, 0xf0, 0xff, 0xff, 0x00, 0xf0, 0xff, 0xff, 0x00, 0xf0, 0xff, 0xff, 0x00, 0xf0, 0xff, 0xff, 0x00, 0xf0, 0xff, 0xff, 0x00, 0xf0, 0xff, 0xff, 0x00, 0xf0, 0xff, 0xff, 0x00, 0xf0, 0xff, 0xff, 0x00, 0xf0, 0xff, 0xff, 0x00, 0xf0, 0xff, 0xff, 0x00, 0xf0, 0xff, 0xff, 0x00, 0xf0, 0xff, 0xff, 0x00, 0xf0, 0xff, 0xff, 0x00, 0xf0, 0xff, 0xff, 
  0x00, 0xf0, 0xff, 0xff, 0x00, 0xf0, 0xff, 0xff, 0x00, 0xf0, 0xff, 0xff, 0x00, 0xf0, 0xff, 0xff, 0x00, 0xf0, 0xff, 0xff, 0x00, 0xf0, 0xff, 0xff, 0x00, 0xf0, 0xff, 0xff, 0x00, 0xf0, 0xff, 0xff, 0x00, 0xf0, 0xff, 0xff, 0x00, 0xf0, 0xff, 0xff, 0x00, 0xf0, 0xff, 0xff, 0x00, 0xf0, 0xff, 0xff, 0x00, 0xf0, 0xff, 0xff, 0x00, 0xf0, 0xff, 0xff, 0x00, 0xf0, 0xff, 0xff, 0x00, 0xf0, 0xff, 0xff, 0x00, 0xf0, 0xff, 0xff, 0x00, 0xf0, 0xff, 0xff, 
  0x00, 0xf0, 0xff, 0xff, 0x00, 0xf0, 0xff, 0xff, 0x00, 0xf0, 0xff, 0xff, 0x00, 0xf0, 0xff, 0xff, 0x00, 0xf0, 0xff, 0xff, 0x00, 0xf0, 0xff, 0xff, 0x00, 0xf0, 0xff, 0xff, 0x00, 0xf0, 0xff, 0xff, 0x00, 0xf0, 0xff, 0xff, 0x00, 0xf0, 0xff, 0xff, 0x00, 0xf0, 0xff, 0xff, 0x00, 0xf0, 0xff, 0xff, 0x00, 0xf0, 0xff, 0xff, 0x00, 0xf0, 0xff, 0xff, 0x00, 0xf0, 0xff, 0xff, 0x00, 0xf0, 0xff, 0xff, 0x00, 0xf0, 0xff, 0xff, 0x00, 0xf0, 0xff, 0xff, 
  0x00, 0xf0, 0xff, 0xff, 0x00, 0xf0, 0xff, 0xff, 0x00, 0xf0, 0xff, 0xff, 0x00, 0xf0, 0xff, 0xff, 0x00, 0xf0, 0xff, 0xff, 0x00, 0xf0, 0xff, 0xff, 0x00, 0xf0, 0xff, 0xff, 0x00, 0xf0, 0xff, 0xff, 0x00, 0xf0, 0xff, 0xff, 0x00, 0xf0, 0xff, 0xff, 0x00, 0xf0, 0xff, 0xff, 0x00, 0xf0, 0xff, 0xff, 0x00, 0xf0, 0xff, 0xff, 0x00, 0xf0, 0xff, 0xff, 0x00, 0xf0, 0xff, 0xff, 0x00, 0xf0, 0xff, 0xff, 0x00, 0xf0, 0xff, 0xff, 0x00, 0xf0, 0xff, 0xff, 
  0x00, 0xf0, 0xff, 0xff, 0x00, 0xf0, 0xff, 0xff, 0x00, 0xf0, 0xff, 0xff, 0x00, 0xf0, 0xff, 0xff, 0x00, 0xf0, 0xff, 0xff, 0x00, 0xf0, 0xff, 0xff, 0x00, 0xf0, 0xff, 0xff, 0x00, 0xf0, 0xff, 0xff, 0x00, 0xf0, 0xff, 0xff, 0x00, 0xf0, 0xff, 0xff, 0x00, 0xf0, 0xff, 0xff, 0x00, 0xf0, 0xff, 0xff, 0x00, 0xf0, 0xff, 0xff, 0x00, 0xf0, 0xff, 0xff, 0x00, 0xf0, 0xff, 0xff, 0x00, 0xf0, 0xff, 0xff, 0x00, 0xf0, 0xff, 0xff, 0x00, 0xf0, 0xff, 0xff, 
  0x00, 0xf0, 0xff, 0xff, 0x00, 0xf0, 0xff, 0xff, 0x00, 0xf0, 0xff, 0xff, 0x00, 0xf0, 0xff, 0xff, 0x00, 0xf0, 0xff, 0xff, 0x00, 0xf0, 0xff, 0xff, 0x00, 0xf0, 0xff, 0xff, 0x00, 0xf0, 0xff, 0xff, 0x00, 0xf0, 0xff, 0xff, 0x00, 0xf0, 0xff, 0xff, 0x00, 0xf0, 0xff, 0xff, 0x00, 0xf0, 0xff, 0xff, 0x00, 0xf0, 0xff, 0xff, 0x00, 0xf0, 0xff, 0xff, 0x00, 0xf0, 0xff, 0xff, 0x00, 0xf0, 0xff, 0xff, 0x00, 0xf0, 0xff, 0xff, 0x00, 0xf0, 0xff, 0xff, 
  0x00, 0xf0, 0xff, 0xff, 0x00, 0xf0, 0xff, 0xff, 0x00, 0xf0, 0xff, 0xff, 0x00, 0xf0, 0xff, 0xff, 0x00, 0xf0, 0xff, 0xff, 0x00, 0xf0, 0xff, 0xff, 0x00, 0xf0, 0xff, 0xff, 0x00, 0xf0, 0xff, 0xff, 0x00, 0xf0, 0xff, 0xff, 0x00, 0xf0, 0xff, 0xff, 0x00, 0xf0, 0xff, 0xff, 0x00, 0xf0, 0xff, 0xff, 0x00, 0xf0, 0xff, 0xff, 0x00, 0xf0, 0xff, 0xff, 0x00, 0xf0, 0xff, 0xff, 0x00, 0xf0, 0xff, 0xff, 0x00, 0xf0, 0xff, 0xff, 0x00, 0xf0, 0xff, 0xff, 
  0x00, 0xf0, 0xff, 0xff, 0x00, 0xf0, 0xff, 0xff, 0x00, 0xf0, 0xff, 0xff, 0x00, 0xf0, 0xff, 0xff, 0x00, 0xf0, 0xff, 0xff, 0x00, 0xf0, 0xff, 0xff, 0x00, 0xf0, 0xff, 0xff, 0x00, 0xf0, 0xff, 0xff, 0x00, 0xf0, 0xff, 0xff, 0x00, 0xf0, 0xff, 0xff, 0x00, 0xf0, 0xff, 0xff, 0x00, 0xf0, 0xff, 0xff, 0x00, 0xf0, 0xff, 0xff, 0x00, 0xf0, 0xff, 0xff, 0x00, 0xf0, 0xff, 0xff, 0x00, 0xf0, 0xff, 0xff, 0x00, 0xf0, 0xff, 0xff, 0x00, 0xf0, 0xff, 0xff, 
  0x00, 0xf0, 0xff, 0xff, 0x00, 0xf0, 0xff, 0xff, 0x00, 0xf0, 0xff, 0xff, 0x00, 0xf0, 0xff, 0xff, 0x00, 0xf0, 0xff, 0xff, 0x00, 0xf0, 0xff, 0xff, 0x00, 0xf0, 0xff, 0xff, 0x00, 0xf0, 0xff, 0xff, 0x00, 0xf0, 0xff, 0xff, 0x00, 0xf0, 0xff, 0xff, 0x00, 0xf0, 0xff, 0xff, 0x00, 0xf0, 0xff, 0xff, 0x00, 0xf0, 0xff, 0xff, 0x00, 0xf0, 0xff, 0xff, 0x00, 0xf0, 0xff, 0xff, 0x00, 0xf0, 0xff, 0xff, 0x00, 0xf0, 0xff, 0xff, 0x00, 0xf0, 0xff, 0xff, 
  0x00, 0xf0, 0xff, 0xff, 0x00, 0xf0, 0xff, 0xff, 0x00, 0xf0, 0xff, 0xff, 0x00, 0xf0, 0xff, 0xff, 0x00, 0xf0, 0xff, 0xff, 0x00, 0xf0, 0xff, 0xff, 0x00, 0xf0, 0xff, 0xff, 0x00, 0xf0, 0xff, 0xff, 0x00, 0xf0, 0xff, 0xff, 0x00, 0xf0, 0xff, 0xff, 0x00, 0xf0, 0xff, 0xff, 0x00, 0xf0, 0xff, 0xff, 0x00, 0xf0, 0xff, 0xff, 0x00, 0xf0, 0xff, 0xff, 0x00, 0xf0, 0xff, 0xff, 0x00, 0xf0, 0xff, 0xff, 0x00, 0xf0, 0xff, 0xff, 0x00, 0xf0, 0xff, 0xff, 
  0x00, 0xf0, 0xff, 0xff, 0x00, 0xf0, 0xff, 0xff, 0x00, 0xf0, 0xff, 0xff, 0x00, 0xf0, 0xff, 0xff, 0x00, 0xf0, 0xff, 0xff, 0x00, 0xf0, 0xff, 0xff, 0x00, 0xf0, 0xff, 0xff, 0x00, 0xf0, 0xff, 0xff, 0x00, 0xf0, 0xff, 0xff, 0x00, 0xf0, 0xff, 0xff, 0x00, 0xf0, 0xff, 0xff, 0x00, 0xf0, 0xff, 0xff, 0x00, 0xf0, 0xff, 0xff, 0x00, 0xf0, 0xff, 0xff, 0x00, 0xf0, 0xff, 0xff, 0x00, 0xf0, 0xff, 0xff, 0x00, 0xf0, 0xff, 0xff, 0x00, 0xf0, 0xff, 0xff, 
  0x00, 0xf0, 0xff, 0xff, 0x00, 0xf0, 0xff, 0xff, 0x00, 0xf0, 0xff, 0xff, 0x00, 0xf0, 0xff, 0xff, 0x00, 0xf0, 0xff, 0xff, 0x00, 0xf0, 0xff, 0xff, 0x00, 0xf0, 0xff, 0xff, 0x00, 0xf0, 0xff, 0xff, 0x00, 0xf0, 0xff, 0xff, 0x00, 0xf0, 0xff, 0xff, 0x00, 0xf0, 0xff, 0xff, 0x00, 0xf0, 0xff, 0xff, 0x00, 0xf0, 0xff, 0xff, 0x00, 0xf0, 0xff, 0xff, 0x00, 0xf0, 0xff, 0xff, 0x00, 0xf0, 0xff, 0xff, 0x00, 0xf0, 0xff, 0xff, 0x00, 0xf0, 0xff, 0xff, 
  0x00, 0xf0, 0xff, 0xff, 0x00, 0xf0, 0xff, 0xff, 0x00, 0xf0, 0xff, 0xff, 0x00, 0xf0, 0xff, 0xff, 0x00, 0xf0, 0xff, 0xff, 0x00, 0xf0, 0xff, 0xff, 0x00, 0xf0, 0xff, 0xff, 0x00, 0xf0, 0xff, 0xff, 0x00, 0xf0, 0xff, 0xff, 0x00, 0xf0, 0xff, 0xff, 0x00, 0xf0, 0xff, 0xff, 0x00, 0xf0, 0xff, 0xff, 0x00, 0xf0, 0xff, 0xff, 0x00, 0xf0, 0xff, 0xff, 0x00, 0xf0, 0xff, 0xff, 0x00, 0xf0, 0xff, 0xff, 0x00, 0xf0, 0xff, 0xff, 0x00, 0xf0, 0xff, 0xff, 
  0x00, 0xf0, 0xff, 0xff, 0x00, 0xf0, 0xff, 0xff, 0x00, 0xf0, 0xff, 0xff, 0x00, 0xf0, 0xff, 0xff, 0x00, 0xf0, 0xff, 0xff, 0x00, 0xf0, 0xff, 0xff, 0x00, 0xf0, 0xff, 0xff, 0x00, 0xf0, 0xff, 0xff, 0x00, 0xf0, 0xff, 0xff, 0x00, 0xf0, 0xff, 0xff, 0x00, 0xf0, 0xff, 0xff, 0x00, 0xf0, 0xff, 0xff, 0x00, 0xf0, 0xff, 0xff, 0x00, 0xf0, 0xff, 0xff, 0x00, 0xf0, 0xff, 0xff, 0x00, 0xf0, 0xff, 0xff, 0x00, 0xf0, 0xff, 0xff, 0x00, 0xf0, 0xff, 0xff, 
  0x00, 0xf0, 0xff, 0xff, 0x00, 0xf0, 0xff, 0xff, 0x00, 0xf0, 0xff, 0xff, 0x00, 0xf0, 0xff, 0xff, 0x00, 0xf0, 0xff, 0xff, 0x00, 0xf0, 0xff, 0xff, 0x00, 0xf0, 0xff, 0xff, 0x00, 0xf0, 0xff, 0xff, 0x00, 0xf0, 0xff, 0xff, 0x00, 0xf0, 0xff, 0xff, 0x00, 0xf0, 0xff, 0xff, 0x00, 0xf0, 0xff, 0xff, 0x00, 0xf0, 0xff, 0xff, 0x00, 0xf0, 0xff, 0xff, 0x00, 0xf0, 0xff, 0xff, 0x00, 0xf0, 0xff, 0xff, 0x00, 0xf0, 0xff, 0xff, 0x00, 0xf0, 0xff, 0xff, 
  0x00, 0xf0, 0xff, 0xff, 0x00, 0xf0, 0xff, 0xff, 0x00, 0xf0, 0xff, 0xff, 0x00, 0xf0, 0xff, 0xff, 0x00, 0xf0, 0xff, 0xff, 0x00, 0xf0, 0xff, 0xff, 0x00, 0xf0, 0xff, 0xff, 0x00, 0xf0, 0xff, 0xff, 0x00, 0xf0, 0xff, 0xff, 0x00, 0xf0, 0xff, 0xff, 0x00, 0xf0, 0xff, 0xff, 0x00, 0xf0, 0xff, 0xff, 0x00, 0xf0, 0xff, 0xff, 0x00, 0xf0, 0xff, 0xff, 0x00, 0xf0, 0xff, 0xff, 0x00, 0xf0, 0xff, 0xff, 0x00, 0xf0, 0xff, 0xff, 0x00, 0xf0, 0xff, 0xff, 
  0x00, 0xf0, 0xff, 0xff, 0x00, 0xf0, 0xff, 0xff, 0x00, 0xf0, 0xff, 0xff, 0x00, 0xf0, 0xff, 0xff, 0x00, 0xf0, 0xff, 0xff, 0x00, 0xf0, 0xff, 0xff, 0x00, 0xf0, 0xff, 0xff, 0x00, 0xf0, 0xff, 0xff, 0x00, 0xf0, 0xff, 0xff, 0x00, 0xf0, 0xff, 0xff, 0x00, 0xf0, 0xff, 0xff, 0x00, 0xf0, 0xff, 0xff, 0x00, 0xf0, 0xff, 0xff, 0x00, 0xf0, 0xff, 0xff, 0x00, 0xf0, 0xff, 0xff, 0x00, 0xf0, 0xff, 0xff, 0x00, 0xf0, 0xff, 0xff, 0x00, 0xf0, 0xff, 0xff, 
  0x00, 0xf0, 0xfe, 0xff, 0x00, 0xf0, 0xfe, 0xff, 0x00, 0xf0, 0xfe, 0xff, 0x00, 0xf0, 0xfe, 0xff, 0x00, 0xf0, 0xfe, 0xff, 0x00, 0xf0, 0xfe, 0xff, 0x00, 0xf0, 0xfe, 0xff, 0x00, 0xf0, 0xfe, 0xff, 0x00, 0xf0, 0xfe, 0xff, 0x00, 0xf0, 0xfe, 0xff, 0x00, 0xf0, 0xfe, 0xff, 0x00, 0xf0, 0xfe, 0xff, 0x00, 0xf0, 0xfe, 0xff, 0x00, 0xf0, 0xfe, 0xff, 0x00, 0xf0, 0xfe, 0xff, 0x00, 0xf0, 0xfe, 0xff, 0x00, 0xf0, 0xfe, 0xff, 0x00, 0xf0, 0xfe, 0xff, 
  0x00, 0xf0, 0xfc, 0xff, 0x00, 0xf0, 0xfc, 0xff, 0x00, 0xf0, 0xfc, 0xff, 0x00, 0xf0, 0xfc, 0xff, 0x00, 0xf0, 0xfc, 0xff, 0x00, 0xf0, 0xfc, 0xff, 0x00, 0xf0, 0xfc, 0xff, 0x00, 0xf0, 0xfc, 0xff, 0x00, 0xf0, 0xfc, 0xff, 0x00, 0xf0, 0xfc, 0xff, 0x00, 0xf0, 0xfc, 0xff, 0x00, 0xf0, 0xfc, 0xff, 0x00, 0xf0, 0xfc, 0xff, 0x00, 0xf0, 0xfc, 0xff, 0x00, 0xf0, 0xfc, 0xff, 0x00, 0xf0, 0xfc, 0xff, 0x00, 0xf0, 0xfc, 0xff, 0x00, 0xf0, 0xfc, 0xff, 
  0x00, 0xf0, 0xfa, 0xff, 0x00, 0xf0, 0xfa, 0xff, 0x00, 0xf0, 0xfa, 0xff, 0x00, 0xf0, 0xfa, 0xff, 0x00, 0xf0, 0xfa, 0xff, 0x00, 0xf0, 0xfa, 0xff, 0x00, 0xf0, 0xfa, 0xff, 0x00, 0xf0, 0xfa, 0xff, 0x00, 0xf0, 0xfa, 0xff, 0x00, 0xf0, 0xfa, 0xff, 0x00, 0xf0, 0xfa, 0xff, 0x00, 0xf0, 0xfa, 0xff, 0x00, 0xf0, 0xfa, 0xff, 0x00, 0xf0, 0xfa, 0xff, 0x00, 0xf0, 0xfa, 0xff, 0x00, 0xf0, 0xfa, 0xff, 0x00, 0xf0, 0xfa, 0xff, 0x00, 0xf0, 0xfa, 0xff, 
  0x00, 0xf0, 0xf8, 0xff, 0x00, 0xf0, 0xf8, 0xff, 0x00, 0xf0, 0xf8, 0xff, 0x00, 0xf0, 0xf8, 0xff, 0x00, 0xf0, 0xf8, 0xff, 0x00, 0xf0, 0xf8, 0xff, 0x00, 0xf0, 0xf8, 0xff, 0x00, 0xf0, 0xf8, 0xff, 0x00, 0xf0, 0xf8, 0xff, 0x00, 0xf0, 0xf8, 0xff, 0x00, 0xf0, 0xf8, 0xff, 0x00, 0xf0, 0xf8, 0xff, 0x00, 0xf0, 0xf8, 0xff, 0x00, 0xf0, 0xf8, 0xff, 0x00, 0xf0, 0xf8, 0xff, 0x00, 0xf0, 0xf8, 0xff, 0x00, 0xf0, 0xf8, 0xff, 0x00, 0xf0, 0xf8, 0xff, 
  0x00, 0xf0, 0xf7, 0xff, 0x00, 0xf0, 0xf7, 0xff, 0x00, 0xf0, 0xf7, 0xff, 0x00, 0xf0, 0xf7, 0xff, 0x00, 0xf0, 0xf7, 0xff, 0x00, 0xf0, 0xf7, 0xff, 0x00, 0xf0, 0xf7, 0xff, 0x00, 0xf0, 0xf7, 0xff, 0x00, 0xf0, 0xf7, 0xff, 0x00, 0xf0, 0xf7, 0xff, 0x00, 0xf0, 0xf7, 0xff, 0x00, 0xf0, 0xf7, 0xff, 0x00, 0xf0, 0xf7, 0xff, 0x00, 0xf0, 0xf7, 0xff, 0x00, 0xf0, 0xf7, 0xff, 0x00, 0xf0, 0xf7, 0xff, 0x00, 0xf0, 0xf7, 0xff, 0x00, 0xf0, 0xf7, 0xff, 
  0x00, 0xf0, 0xf5, 0xff, 0x00, 0xf0, 0xf5, 0xff, 0x00, 0xf0, 0xf5, 0xff, 0x00, 0xf0, 0xf5, 0xff, 0x00, 0xf0, 0xf5, 0xff, 0x00, 0xf0, 0xf5, 0xff, 0x00, 0xf0, 0xf5, 0xff, 0x00, 0xf0, 0xf5, 0xff, 0x00, 0xf0, 0xf5, 0xff, 0x00, 0xf0, 0xf5, 0xff, 0x00, 0xf0, 0xf5, 0xff, 0x00, 0xf0, 0xf5, 0xff, 0x00, 0xf0, 0xf5, 0xff, 0x00, 0xf0, 0xf5, 0xff, 0x00, 0xf0, 0xf5, 0xff, 0x00, 0xf0, 0xf5, 0xff, 0x00, 0xf0, 0xf5, 0xff, 0x00, 0xf0, 0xf5, 0xff, 
  0x00, 0xf0, 0xf3, 0xff, 0x00, 0xf0, 0xf3, 0xff, 0x00, 0xf0, 0xf3, 0xff, 0x00, 0xf0, 0xf3, 0xff, 0x00, 0xf0, 0xf3, 0xff, 0x00, 0xf0, 0xf3, 0xff, 0x00, 0xf0, 0xf3, 0xff, 0x00, 0xf0, 0xf3, 0xff, 0x00, 0xf0, 0xf3, 0xff, 0x00, 0xf0, 0xf3, 0xff, 0x00, 0xf0, 0xf3, 0xff, 0x00, 0xf0, 0xf3, 0xff, 0x00, 0xf0, 0xf3, 0xff, 0x00, 0xf0, 0xf3, 0xff, 0x00, 0xf0, 0xf3, 0xff, 0x00, 0xf0, 0xf3, 0xff, 0x00, 0xf0, 0xf3, 0xff, 0x00, 0xf0, 0xf3, 0xff, 
  0x00, 0xf0, 0xf1, 0xff, 0x00, 0xf0, 0xf1, 0xff, 0x00, 0xf0, 0xf1, 0xff, 0x00, 0xf0, 0xf1, 0xff, 0x00, 0xf0, 0xf1, 0xff, 0x00, 0xf0, 0xf1, 0xff, 0x00, 0xf0, 0xf1, 0xff, 0x00, 0xf0, 0xf1, 0xff, 0x00, 0xf0, 0xf1, 0xff, 0x00, 0xf0, 0xf1, 0xff, 0x00, 0xf0, 0xf1, 0xff, 0x00, 0xf0, 0xf1, 0xff, 0x00, 0xf0, 0xf1, 0xff, 0x00, 0xf0, 0xf1, 0xff, 0x00, 0xf0, 0xf1, 0xff, 0x00, 0xf0, 0xf1, 0xff, 0x00, 0xf0, 0xf1, 0xff, 0x00, 0xf0, 0xf1, 0xff, 
  0x00, 0xf0, 0xf0, 0xff, 0x00, 0xf0, 0xf0, 0xff, 0x00, 0xf0, 0xf0, 0xff, 0x00, 0xf0, 0xf0, 0xff, 0x00, 0xf0, 0xf0, 0xff, 0x00, 0xf0, 0xf0, 0xff, 0x00, 0xf0, 0xf0, 0xff, 0x00, 0xf0, 0xf0, 0xff, 0x00, 0xf0, 0xf0, 0xff, 0x00, 0xf0, 0xf0, 0xff, 0x00, 0xf0, 0xf0, 0xff, 0x00, 0xf0, 0xf0, 0xff, 0x00, 0xf0, 0xf0, 0xff, 0x00, 0xf0, 0xf0, 0xff, 0x00, 0xf0, 0xf0, 0xff, 0x00, 0xf0, 0xf0, 0xff, 0x00, 0xf0, 0xf0, 0xff, 0x00, 0xf0, 0xf0, 0xff, 
  0x00, 0xf1, 0xee, 0xff, 0x00, 0xf1, 0xee, 0xff, 0x00, 0xf1, 0xee, 0xff, 0x00, 0xf1, 0xee, 0xff, 0x00, 0xf1, 0xee, 0xff, 0x00, 0xf1, 0xee, 0xff, 0x00, 0xf1, 0xee, 0xff, 0x00, 0xf1, 0xee, 0xff, 0x00, 0xf1, 0xee, 0xff, 0x00, 0xf1, 0xee, 0xff, 0x00, 0xf1, 0xee, 0xff, 0x00, 0xf1, 0xee, 0xff, 0x00, 0xf1, 0xee, 0xff, 0x00, 0xf1, 0xee, 0xff, 0x00, 0xf1, 0xee, 0xff, 0x00, 0xf1, 0xee, 0xff, 0x00, 0xf1, 0xee, 0xff, 0x00, 0xf1, 0xee, 0xff, 
  0x00, 0xf1, 0xec, 0xff, 0x00, 0xf1, 0xec, 0xff, 0x00, 0xf1, 0xec, 0xff, 0x00, 0xf1, 0xec, 0xff, 0x00, 0xf1, 0xec, 0xff, 0x00, 0xf1, 0xec, 0xff, 0x00, 0xf1, 0xec, 0xff, 0x00, 0xf1, 0xec, 0xff, 0x00, 0xf1, 0xec, 0xff, 0x00, 0xf1, 0xec, 0xff, 0x00, 0xf1, 0xec, 0xff, 0x00, 0xf1, 0xec, 0xff, 0x00, 0xf1, 0xec, 0xff, 0x00, 0xf1, 0xec, 0xff, 0x00, 0xf1, 0xec, 0xff, 0x00, 0xf1, 0xec, 0xff, 0x00, 0xf1, 0xec, 0xff, 0x00, 0xf1, 0xec, 0xff, 
  0x00, 0xf1, 0xea, 0xff, 0x00, 0xf1, 0xea, 0xff, 0x00, 0xf1, 0xea, 0xff, 0x00, 0xf1, 0xea, 0xff, 0x00, 0xf1, 0xea, 0xff, 0x00, 0xf1, 0xea, 0xff, 0x00, 0xf1, 0xea, 0xff, 0x00, 0xf1, 0xea, 0xff, 0x00, 0xf1, 0xea, 0xff, 0x00, 0xf1, 0xea, 0xff, 0x00, 0xf1, 0xea, 0xff, 0x00, 0xf1, 0xea, 0xff, 0x00, 0xf1, 0xea, 0xff, 0x00, 0xf1, 0xea, 0xff, 0x00, 0xf1, 0xea, 0xff, 0x00, 0xf1, 0xea, 0xff, 0x00, 0xf1, 0xea, 0xff, 0x00, 0xf1, 0xea, 0xff, 
  0x00, 0xf1, 0xe9, 0xff, 0x00, 0xf1, 0xe9, 0xff, 0x00, 0xf1, 0xe9, 0xff, 0x00, 0xf1, 0xe9, 0xff, 0x00, 0xf1, 0xe9, 0xff, 0x00, 0xf1, 0xe9, 0xff, 0x00, 0xf1, 0xe9, 0xff, 0x00, 0xf1, 0xe9, 0xff, 0x00, 0xf1, 0xe9, 0xff, 0x00, 0xf1, 0xe9, 0xff, 0x00, 0xf1, 0xe9, 0xff, 0x00, 0xf1, 0xe9, 0xff, 0x00, 0xf1, 0xe9, 0xff, 0x00, 0xf1, 0xe9, 0xff, 0x00, 0xf1, 0xe9, 0xff, 0x00, 0xf1, 0xe9, 0xff, 0x00, 0xf1, 0xe9, 0xff, 0x00, 0xf1, 0xe9, 0xff, 
  0x00, 0xf1, 0xe7, 0xff, 0x00, 0xf1, 0xe7, 0xff, 0x00, 0xf1, 0xe7, 0xff, 0x00, 0xf1, 0xe7, 0xff, 0x00, 0xf1, 0xe7, 0xff, 0x00, 0xf1, 0xe7, 0xff, 0x00, 0xf1, 0xe7, 0xff, 0x00, 0xf1, 0xe7, 0xff, 0x00, 0xf1, 0xe7, 0xff, 0x00, 0xf1, 0xe7, 0xff, 0x00, 0xf1, 0xe7, 0xff, 0x00, 0xf1, 0xe7, 0xff, 0x00, 0xf1, 0xe7, 0xff, 0x00, 0xf1, 0xe7, 0xff, 0x00, 0xf1, 0xe7, 0xff, 0x00, 0xf1, 0xe7, 0xff, 0x00, 0xf1, 0xe7, 0xff, 0x00, 0xf1, 0xe7, 0xff, 
  0x00, 0xf1, 0xe5, 0xff, 0x00, 0xf1, 0xe5, 0xff, 0x00, 0xf1, 0xe5, 0xff, 0x00, 0xf1, 0xe5, 0xff, 0x00, 0xf1, 0xe5, 0xff, 0x00, 0xf1, 0xe5, 0xff, 0x00, 0xf1, 0xe5, 0xff, 0x00, 0xf1, 0xe5, 0xff, 0x00, 0xf1, 0xe5, 0xff, 0x00, 0xf1, 0xe5, 0xff, 0x00, 0xf1, 0xe5, 0xff, 0x00, 0xf1, 0xe5, 0xff, 0x00, 0xf1, 0xe5, 0xff, 0x00, 0xf1, 0xe5, 0xff, 0x00, 0xf1, 0xe5, 0xff, 0x00, 0xf1, 0xe5, 0xff, 0x00, 0xf1, 0xe5, 0xff, 0x00, 0xf1, 0xe5, 0xff, 
  0x00, 0xf1, 0xe3, 0xff, 0x00, 0xf1, 0xe3, 0xff, 0x00, 0xf1, 0xe3, 0xff, 0x00, 0xf1, 0xe3, 0xff, 0x00, 0xf1, 0xe3, 0xff, 0x00, 0xf1, 0xe3, 0xff, 0x00, 0xf1, 0xe3, 0xff, 0x00, 0xf1, 0xe3, 0xff, 0x00, 0xf1, 0xe3, 0xff, 0x00, 0xf1, 0xe3, 0xff, 0x00, 0xf1, 0xe3, 0xff, 0x00, 0xf1, 0xe3, 0xff, 0x00, 0xf1, 0xe3, 0xff, 0x00, 0xf1, 0xe3, 0xff, 0x00, 0xf1, 0xe3, 0xff, 0x00, 0xf1, 0xe3, 0xff, 0x00, 0xf1, 0xe3, 0xff, 0x00, 0xf1, 0xe3, 0xff, 
  0x00, 0xf1, 0xe2, 0xff, 0x00, 0xf1, 0xe2, 0xff, 0x00, 0xf1, 0xe2, 0xff, 0x00, 0xf1, 0xe2, 0xff, 0x00, 0xf1, 0xe2, 0xff, 0x00, 0xf1, 0xe2, 0xff, 0x00, 0xf1, 0xe2, 0xff, 0x00, 0xf1, 0xe2, 0xff, 0x00, 0xf1, 0xe2, 0xff, 0x00, 0xf1, 0xe2, 0xff, 0x00, 0xf1, 0xe2, 0xff, 0x00, 0xf1, 0xe2, 0xff, 0x00, 0xf1, 0xe2, 0xff, 0x00, 0xf1, 0xe2, 0xff, 0x00, 0xf1, 0xe2, 0xff, 0x00, 0xf1, 0xe2, 0xff, 0x00, 0xf1, 0xe2, 0xff, 0x00, 0xf1, 0xe2, 0xff, 
  0x00, 0xf1, 0xe0, 0xff, 0x00, 0xf1, 0xe0, 0xff, 0x00, 0xf1, 0xe0, 0xff, 0x00, 0xf1, 0xe0, 0xff, 0x00, 0xf1, 0xe0, 0xff, 0x00, 0xf1, 0xe0, 0xff, 0x00, 0xf1, 0xe0, 0xff, 0x00, 0xf1, 0xe0, 0xff, 0x00, 0xf1, 0xe0, 0xff, 0x00, 0xf1, 0xe0, 0xff, 0x00, 0xf1, 0xe0, 0xff, 0x00, 0xf1, 0xe0, 0xff, 0x00, 0xf1, 0xe0, 0xff, 0x00, 0xf1, 0xe0, 0xff, 0x00, 0xf1, 0xe0, 0xff, 0x00, 0xf1, 0xe0, 0xff, 0x00, 0xf1, 0xe0, 0xff, 0x00, 0xf1, 0xe0, 0xff, 
  0x00, 0xf1, 0xde, 0xff, 0x00, 0xf1, 0xde, 0xff, 0x00, 0xf1, 0xde, 0xff, 0x00, 0xf1, 0xde, 0xff, 0x00, 0xf1, 0xde, 0xff, 0x00, 0xf1, 0xde, 0xff, 0x00, 0xf1, 0xde, 0xff, 0x00, 0xf1, 0xde, 0xff, 0x00, 0xf1, 0xde, 0xff, 0x00, 0xf1, 0xde, 0xff, 0x00, 0xf1, 0xde, 0xff, 0x00, 0xf1, 0xde, 0xff, 0x00, 0xf1, 0xde, 0xff, 0x00, 0xf1, 0xde, 0xff, 0x00, 0xf1, 0xde, 0xff, 0x00, 0xf1, 0xde, 0xff, 0x00, 0xf1, 0xde, 0xff, 0x00, 0xf1, 0xde, 0xff, 
  0x00, 0xf2, 0xdc, 0xff, 0x00, 0xf2, 0xdc, 0xff, 0x00, 0xf2, 0xdc, 0xff, 0x00, 0xf2, 0xdc, 0xff, 0x00, 0xf2, 0xdc, 0xff, 0x00, 0xf2, 0xdc, 0xff, 0x00, 0xf2, 0xdc, 0xff, 0x00, 0xf2, 0xdc, 0xff, 0x00, 0xf2, 0xdc, 0xff, 0x00, 0xf2, 0xdc, 0xff, 0x00, 0xf2, 0xdc, 0xff, 0x00, 0xf2, 0xdc, 0xff, 0x00, 0xf2, 0xdc, 0xff, 0x00, 0xf2, 0xdc, 0xff, 0x00, 0xf2, 0xdc, 0xff, 0x00, 0xf2, 0xdc, 0xff, 0x00, 0xf2, 0xdc, 0xff, 0x00, 0xf2, 0xdc, 0xff, 
  0x00, 0xf2, 0xdb, 0xff, 0x00, 0xf2, 0xdb, 0xff, 0x00, 0xf2, 0xdb, 0xff, 0x00, 0xf2, 0xdb, 0xff, 0x00, 0xf2, 0xdb, 0xff, 0x00, 0xf2, 0xdb, 0xff, 0x00, 0xf2, 0xdb, 0xff, 0x00, 0xf2, 0xdb, 0xff, 0x00, 0xf2, 0xdb, 0xff, 0x00, 0xf2, 0xdb, 0xff, 0x00, 0xf2, 0xdb, 0xff, 0x00, 0xf2, 0xdb, 0xff, 0x00, 0xf2, 0xdb, 0xff, 0x00, 0xf2, 0xdb, 0xff, 0x00, 0xf2, 0xdb, 0xff, 0x00, 0xf2, 0xdb, 0xff, 0x00, 0xf2, 0xdb, 0xff, 0x00, 0xf2, 0xdb, 0xff, 
  0x00, 0xf2, 0xd9, 0xff, 0x00, 0xf2, 0xd9, 0xff, 0x00, 0xf2, 0xd9, 0xff, 0x00, 0xf2, 0xd9, 0xff, 0x00, 0xf2, 0xd9, 0xff, 0x00, 0xf2, 0xd9, 0xff, 0x00, 0xf2, 0xd9, 0xff, 0x00, 0xf2, 0xd9, 0xff, 0x00, 0xf2, 0xd9, 0xff, 0x00, 0xf2, 0xd9, 0xff, 0x00, 0xf2, 0xd9, 0xff, 0x00, 0xf2, 0xd9, 0xff, 0x00, 0xf2, 0xd9, 0xff, 0x00, 0xf2, 0xd9, 0xff, 0x00, 0xf2, 0xd9, 0xff, 0x00, 0xf2, 0xd9, 0xff, 0x00, 0xf2, 0xd9, 0xff, 0x00, 0xf2, 0xd9, 0xff, 
  0x00, 0xf2, 0xd7, 0xff, 0x00, 0xf2, 0xd7, 0xff, 0x00, 0xf2, 0xd7, 0xff, 0x00, 0xf2, 0xd7, 0xff, 0x00, 0xf2, 0xd7, 0xff, 0x00, 0xf2, 0xd7, 0xff, 0x00, 0xf2, 0xd7, 0xff, 0x00, 0xf2, 0xd7, 0xff, 0x00, 0xf2, 0xd7, 0xff, 0x00, 0xf2, 0xd7, 0xff, 0x00, 0xf2, 0xd7, 0xff, 0x00, 0xf2, 0xd7, 0xff, 0x00, 0xf2, 0xd7, 0xff, 0x00, 0xf2, 0xd7, 0xff, 0x00, 0xf2, 0xd7, 0xff, 0x00, 0xf2, 0xd7, 0xff, 0x00, 0xf2, 0xd7, 0xff, 0x00, 0xf2, 0xd7, 0xff, 
  0x00, 0xf2, 0xd5, 0xff, 0x00, 0xf2, 0xd5, 0xff, 0x00, 0xf2, 0xd5, 0xff, 0x00, 0xf2, 0xd5, 0xff, 0x00, 0xf2, 0xd5, 0xff, 0x00, 0xf2, 0xd5, 0xff, 0x00, 0xf2, 0xd5, 0xff, 0x00, 0xf2, 0xd5, 0xff, 0x00, 0xf2, 0xd5, 0xff, 0x00, 0xf2, 0xd5, 0xff, 0x00, 0xf2, 0xd5, 0xff, 0x00, 0xf2, 0xd5, 0xff, 0x00, 0xf2, 0xd5, 0xff, 0x00, 0xf2, 0xd5, 0xff, 0x00, 0xf2, 0xd5, 0xff, 0x00, 0xf2, 0xd5, 0xff, 0x00, 0xf2, 0xd5, 0xff, 0x00, 0xf2, 0xd5, 0xff, 
  0x00, 0xf2, 0xd4, 0xff, 0x00, 0xf2, 0xd4, 0xff, 0x00, 0xf2, 0xd4, 0xff, 0x00, 0xf2, 0xd4, 0xff, 0x00, 0xf2, 0xd4, 0xff, 0x00, 0xf2, 0xd4, 0xff, 0x00, 0xf2, 0xd4, 0xff, 0x00, 0xf2, 0xd4, 0xff, 0x00, 0xf2, 0xd4, 0xff, 0x00, 0xf2, 0xd4, 0xff, 0x00, 0xf2, 0xd4, 0xff, 0x00, 0xf2, 0xd4, 0xff, 0x00, 0xf2, 0xd4, 0xff, 0x00, 0xf2, 0xd4, 0xff, 0x00, 0xf2, 0xd4, 0xff, 0x00, 0xf2, 0xd4, 0xff, 0x00, 0xf2, 0xd4, 0xff, 0x00, 0xf2, 0xd4, 0xff, 
  0x00, 0xf2, 0xd2, 0xff, 0x00, 0xf2, 0xd2, 0xff, 0x00, 0xf2, 0xd2, 0xff, 0x00, 0xf2, 0xd2, 0xff, 0x00, 0xf2, 0xd2, 0xff, 0x00, 0xf2, 0xd2, 0xff, 0x00, 0xf2, 0xd2, 0xff, 0x00, 0xf2, 0xd2, 0xff, 0x00, 0xf2, 0xd2, 0xff, 0x00, 0xf2, 0xd2, 0xff, 0x00, 0xf2, 0xd2, 0xff, 0x00, 0xf2, 0xd2, 0xff, 0x00, 0xf2, 0xd2, 0xff, 0x00, 0xf2, 0xd2, 0xff, 0x00, 0xf2, 0xd2, 0xff, 0x00, 0xf2, 0xd2, 0xff, 0x00, 0xf2, 0xd2, 0xff, 0x00, 0xf2, 0xd2, 0xff, 
  0x00, 0xf2, 0xd0, 0xff, 0x00, 0xf2, 0xd0, 0xff, 0x00, 0xf2, 0xd0, 0xff, 0x00, 0xf2, 0xd0, 0xff, 0x00, 0xf2, 0xd0, 0xff, 0x00, 0xf2, 0xd0, 0xff, 0x00, 0xf2, 0xd0, 0xff, 0x00, 0xf2, 0xd0, 0xff, 0x00, 0xf2, 0xd0, 0xff, 0x00, 0xf2, 0xd0, 0xff, 0x00, 0xf2, 0xd0, 0xff, 0x00, 0xf2, 0xd0, 0xff, 0x00, 0xf2, 0xd0, 0xff, 0x00, 0xf2, 0xd0, 0xff, 0x00, 0xf2, 0xd0, 0xff, 0x00, 0xf2, 0xd0, 0xff, 0x00, 0xf2, 0xd0, 0xff, 0x00, 0xf2, 0xd0, 0xff, 
  0x00, 0xf2, 0xce, 0xff, 0x00, 0xf2, 0xce, 0xff, 0x00, 0xf2, 0xce, 0xff, 0x00, 0xf2, 0xce, 0xff, 0x00, 0xf2, 0xce, 0xff, 0x00, 0xf2, 0xce, 0xff, 0x00, 0xf2, 0xce, 0xff, 0x00, 0xf2, 0xce, 0xff, 0x00, 0xf2, 0xce, 0xff, 0x00, 0xf2, 0xce, 0xff, 0x00, 0xf2, 0xce, 0xff, 0x00, 0xf2, 0xce, 0xff, 0x00, 0xf2, 0xce, 0xff, 0x00, 0xf2, 0xce, 0xff, 0x00, 0xf2, 0xce, 0xff, 0x00, 0xf2, 0xce, 0xff, 0x00, 0xf2, 0xce, 0xff, 0x00, 0xf2, 0xce, 0xff, 
  0x00, 0xf3, 0xcc, 0xff, 0x00, 0xf3, 0xcc, 0xff, 0x00, 0xf3, 0xcc, 0xff, 0x00, 0xf3, 0xcc, 0xff, 0x00, 0xf3, 0xcc, 0xff, 0x00, 0xf3, 0xcc, 0xff, 0x00, 0xf3, 0xcc, 0xff, 0x00, 0xf3, 0xcc, 0xff, 0x00, 0xf3, 0xcc, 0xff, 0x00, 0xf3, 0xcc, 0xff, 0x00, 0xf3, 0xcc, 0xff, 0x00, 0xf3, 0xcc, 0xff, 0x00, 0xf3, 0xcc, 0xff, 0x00, 0xf3, 0xcc, 0xff, 0x00, 0xf3, 0xcc, 0xff, 0x00, 0xf3, 0xcc, 0xff, 0x00, 0xf3, 0xcc, 0xff, 0x00, 0xf3, 0xcc, 0xff, 
  0x00, 0xf3, 0xcb, 0xff, 0x00, 0xf3, 0xcb, 0xff, 0x00, 0xf3, 0xcb, 0xff, 0x00, 0xf3, 0xcb, 0xff, 0x00, 0xf3, 0xcb, 0xff, 0x00, 0xf3, 0xcb, 0xff, 0x00, 0xf3, 0xcb, 0xff, 0x00, 0xf3, 0xcb, 0xff, 0x00, 0xf3, 0xcb, 0xff, 0x00, 0xf3, 0xcb, 0xff, 0x00, 0xf3, 0xcb, 0xff, 0x00, 0xf3, 0xcb, 0xff, 0x00, 0xf3, 0xcb, 0xff, 0x00, 0xf3, 0xcb, 0xff, 0x00, 0xf3, 0xcb, 0xff, 0x00, 0xf3, 0xcb, 0xff, 0x00, 0xf3, 0xcb, 0xff, 0x00, 0xf3, 0xcb, 0xff, 
  0x00, 0xf3, 0xc9, 0xff, 0x00, 0xf3, 0xc9, 0xff, 0x00, 0xf3, 0xc9, 0xff, 0x00, 0xf3, 0xc9, 0xff, 0x00, 0xf3, 0xc9, 0xff, 0x00, 0xf3, 0xc9, 0xff, 0x00, 0xf3, 0xc9, 0xff, 0x00, 0xf3, 0xc9, 0xff, 0x00, 0xf3, 0xc9, 0xff, 0x00, 0xf3, 0xc9, 0xff, 0x00, 0xf3, 0xc9, 0xff, 0x00, 0xf3, 0xc9, 0xff, 0x00, 0xf3, 0xc9, 0xff, 0x00, 0xf3, 0xc9, 0xff, 0x00, 0xf3, 0xc9, 0xff, 0x00, 0xf3, 0xc9, 0xff, 0x00, 0xf3, 0xc9, 0xff, 0x00, 0xf3, 0xc9, 0xff, 
  0x00, 0xf3, 0xc7, 0xff, 0x00, 0xf3, 0xc7, 0xff, 0x00, 0xf3, 0xc7, 0xff, 0x00, 0xf3, 0xc7, 0xff, 0x00, 0xf3, 0xc7, 0xff, 0x00, 0xf3, 0xc7, 0xff, 0x00, 0xf3, 0xc7, 0xff, 0x00, 0xf3, 0xc7, 0xff, 0x00, 0xf3, 0xc7, 0xff, 0x00, 0xf3, 0xc7, 0xff, 0x00, 0xf3, 0xc7, 0xff, 0x00, 0xf3, 0xc7, 0xff, 0x00, 0xf3, 0xc7, 0xff, 0x00, 0xf3, 0xc7, 0xff, 0x00, 0xf3, 0xc7, 0xff, 0x00, 0xf3, 0xc7, 0xff, 0x00, 0xf3, 0xc7, 0xff, 0x00, 0xf3, 0xc7, 0xff, 
  0x00, 0xf3, 0xc5, 0xff, 0x00, 0xf3, 0xc5, 0xff, 0x00, 0xf3, 0xc5, 0xff, 0x00, 0xf3, 0xc5, 0xff, 0x00, 0xf3, 0xc5, 0xff, 0x00, 0xf3, 0xc5, 0xff, 0x00, 0xf3, 0xc5, 0xff, 0x00, 0xf3, 0xc5, 0xff, 0x00, 0xf3, 0xc5, 0xff, 0x00, 0xf3, 0xc5, 0xff, 0x00, 0xf3, 0xc5, 0xff, 0x00, 0xf3, 0xc5, 0xff, 0x00, 0xf3, 0xc5, 0xff, 0x00, 0xf3, 0xc5, 0xff, 0x00, 0xf3, 0xc5, 0xff, 0x00, 0xf3, 0xc5, 0xff, 0x00, 0xf3, 0xc5, 0xff, 0x00, 0xf3, 0xc5, 0xff, 
  0x00, 0xf3, 0xc4, 0xff, 0x00, 0xf3, 0xc4, 0xff, 0x00, 0xf3, 0xc4, 0xff, 0x00, 0xf3, 0xc4, 0xff, 0x00, 0xf3, 0xc4, 0xff, 0x00, 0xf3, 0xc4, 0xff, 0x00, 0xf3, 0xc4, 0xff, 0x00, 0xf3, 0xc4, 0xff, 0x00, 0xf3, 0xc4, 0xff, 0x00, 0xf3, 0xc4, 0xff, 0x00, 0xf3, 0xc4, 0xff, 0x00, 0xf3, 0xc4, 0xff, 0x00, 0xf3, 0xc4, 0xff, 0x00, 0xf3, 0xc4, 0xff, 0x00, 0xf3, 0xc4, 0xff, 0x00, 0xf3, 0xc4, 0xff, 0x00, 0xf3, 0xc4, 0xff, 0x00, 0xf3, 0xc4, 0xff, 
  0x00, 0xf3, 0xc2, 0xff, 0x00, 0xf3, 0xc2, 0xff, 0x00, 0xf3, 0xc2, 0xff, 0x00, 0xf3, 0xc2, 0xff, 0x00, 0xf3, 0xc2, 0xff, 0x00, 0xf3, 0xc2, 0xff, 0x00, 0xf3, 0xc2, 0xff, 0x00, 0xf3, 0xc2, 0xff, 0x00, 0xf3, 0xc2, 0xff, 0x00, 0xf3, 0xc2, 0xff, 0x00, 0xf3, 0xc2, 0xff, 0x00, 0xf3, 0xc2, 0xff, 0x00, 0xf3, 0xc2, 0xff, 0x00, 0xf3, 0xc2, 0xff, 0x00, 0xf3, 0xc2, 0xff, 0x00, 0xf3, 0xc2, 0xff, 0x00, 0xf3, 0xc2, 0xff, 0x00, 0xf3, 0xc2, 0xff, 
  0x00, 0xf3, 0xc0, 0xff, 0x00, 0xf3, 0xc0, 0xff, 0x00, 0xf3, 0xc0, 0xff, 0x00, 0xf3, 0xc0, 0xff, 0x00, 0xf3, 0xc0, 0xff, 0x00, 0xf3, 0xc0, 0xff, 0x00, 0xf3, 0xc0, 0xff, 0x00, 0xf3, 0xc0, 0xff, 0x00, 0xf3, 0xc0, 0xff, 0x00, 0xf3, 0xc0, 0xff, 0x00, 0xf3, 0xc0, 0xff, 0x00, 0xf3, 0xc0, 0xff, 0x00, 0xf3, 0xc0, 0xff, 0x00, 0xf3, 0xc0, 0xff, 0x00, 0xf3, 0xc0, 0xff, 0x00, 0xf3, 0xc0, 0xff, 0x00, 0xf3, 0xc0, 0xff, 0x00, 0xf3, 0xc0, 0xff, 
  0x00, 0xf3, 0xbe, 0xff, 0x00, 0xf3, 0xbe, 0xff, 0x00, 0xf3, 0xbe, 0xff, 0x00, 0xf3, 0xbe, 0xff, 0x00, 0xf3, 0xbe, 0xff, 0x00, 0xf3, 0xbe, 0xff, 0x00, 0xf3, 0xbe, 0xff, 0x00, 0xf3, 0xbe, 0xff, 0x00, 0xf3, 0xbe, 0xff, 0x00, 0xf3, 0xbe, 0xff, 0x00, 0xf3, 0xbe, 0xff, 0x00, 0xf3, 0xbe, 0xff, 0x00, 0xf3, 0xbe, 0xff, 0x00, 0xf3, 0xbe, 0xff, 0x00, 0xf3, 0xbe, 0xff, 0x00, 0xf3, 0xbe, 0xff, 0x00, 0xf3, 0xbe, 0xff, 0x00, 0xf3, 0xbe, 0xff, 
  0x00, 0xf3, 0xbd, 0xff, 0x00, 0xf3, 0xbd, 0xff, 0x00, 0xf3, 0xbd, 0xff, 0x00, 0xf3, 0xbd, 0xff, 0x00, 0xf3, 0xbd, 0xff, 0x00, 0xf3, 0xbd, 0xff, 0x00, 0xf3, 0xbd, 0xff, 0x00, 0xf3, 0xbd, 0xff, 0x00, 0xf3, 0xbd, 0xff, 0x00, 0xf3, 0xbd, 0xff, 0x00, 0xf3, 0xbd, 0xff, 0x00, 0xf3, 0xbd, 0xff, 0x00, 0xf3, 0xbd, 0xff, 0x00, 0xf3, 0xbd, 0xff, 0x00, 0xf3, 0xbd, 0xff, 0x00, 0xf3, 0xbd, 0xff, 0x00, 0xf3, 0xbd, 0xff, 0x00, 0xf3, 0xbd, 0xff, 
  0x00, 0xf4, 0xbb, 0xff, 0x00, 0xf4, 0xbb, 0xff, 0x00, 0xf4, 0xbb, 0xff, 0x00, 0xf4, 0xbb, 0xff, 0x00, 0xf4, 0xbb, 0xff, 0x00, 0xf4, 0xbb, 0xff, 0x00, 0xf4, 0xbb, 0xff, 0x00, 0xf4, 0xbb, 0xff, 0x00, 0xf4, 0xbb, 0xff, 0x00, 0xf4, 0xbb, 0xff, 0x00, 0xf4, 0xbb, 0xff, 0x00, 0xf4, 0xbb, 0xff, 0x00, 0xf4, 0xbb, 0xff, 0x00, 0xf4, 0xbb, 0xff, 0x00, 0xf4, 0xbb, 0xff, 0x00, 0xf4, 0xbb, 0xff, 0x00, 0xf4, 0xbb, 0xff, 0x00, 0xf4, 0xbb, 0xff, 
  0x00, 0xf4, 0xb9, 0xff, 0x00, 0xf4, 0xb9, 0xff, 0x00, 0xf4, 0xb9, 0xff, 0x00, 0xf4, 0xb9, 0xff, 0x00, 0xf4, 0xb9, 0xff, 0x00, 0xf4, 0xb9, 0xff, 0x00, 0xf4, 0xb9, 0xff, 0x00, 0xf4, 0xb9, 0xff, 0x00, 0xf4, 0xb9, 0xff, 0x00, 0xf4, 0xb9, 0xff, 0x00, 0xf4, 0xb9, 0xff, 0x00, 0xf4, 0xb9, 0xff, 0x00, 0xf4, 0xb9, 0xff, 0x00, 0xf4, 0xb9, 0xff, 0x00, 0xf4, 0xb9, 0xff, 0x00, 0xf4, 0xb9, 0xff, 0x00, 0xf4, 0xb9, 0xff, 0x00, 0xf4, 0xb9, 0xff, 
  0x00, 0xf4, 0xb7, 0xff, 0x00, 0xf4, 0xb7, 0xff, 0x00, 0xf4, 0xb7, 0xff, 0x00, 0xf4, 0xb7, 0xff, 0x00, 0xf4, 0xb7, 0xff, 0x00, 0xf4, 0xb7, 0xff, 0x00, 0xf4, 0xb7, 0xff, 0x00, 0xf4, 0xb7, 0xff, 0x00, 0xf4, 0xb7, 0xff, 0x00, 0xf4, 0xb7, 0xff, 0x00, 0xf4, 0xb7, 0xff, 0x00, 0xf4, 0xb7, 0xff, 0x00, 0xf4, 0xb7, 0xff, 0x00, 0xf4, 0xb7, 0xff, 0x00, 0xf4, 0xb7, 0xff, 0x00, 0xf4, 0xb7, 0xff, 0x00, 0xf4, 0xb7, 0xff, 0x00, 0xf4, 0xb7, 0xff, 
  0x00, 0xf4, 0xb6, 0xff, 0x00, 0xf4, 0xb6, 0xff, 0x00, 0xf4, 0xb6, 0xff, 0x00, 0xf4, 0xb6, 0xff, 0x00, 0xf4, 0xb6, 0xff, 0x00, 0xf4, 0xb6, 0xff, 0x00, 0xf4, 0xb6, 0xff, 0x00, 0xf4, 0xb6, 0xff, 0x00, 0xf4, 0xb6, 0xff, 0x00, 0xf4, 0xb6, 0xff, 0x00, 0xf4, 0xb6, 0xff, 0x00, 0xf4, 0xb6, 0xff, 0x00, 0xf4, 0xb6, 0xff, 0x00, 0xf4, 0xb6, 0xff, 0x00, 0xf4, 0xb6, 0xff, 0x00, 0xf4, 0xb6, 0xff, 0x00, 0xf4, 0xb6, 0xff, 0x00, 0xf4, 0xb6, 0xff, 
  0x00, 0xf4, 0xb4, 0xff, 0x00, 0xf4, 0xb4, 0xff, 0x00, 0xf4, 0xb4, 0xff, 0x00, 0xf4, 0xb4, 0xff, 0x00, 0xf4, 0xb4, 0xff, 0x00, 0xf4, 0xb4, 0xff, 0x00, 0xf4, 0xb4, 0xff, 0x00, 0xf4, 0xb4, 0xff, 0x00, 0xf4, 0xb4, 0xff, 0x00, 0xf4, 0xb4, 0xff, 0x00, 0xf4, 0xb4, 0xff, 0x00, 0xf4, 0xb4, 0xff, 0x00, 0xf4, 0xb4, 0xff, 0x00, 0xf4, 0xb4, 0xff, 0x00, 0xf4, 0xb4, 0xff, 0x00, 0xf4, 0xb4, 0xff, 0x00, 0xf4, 0xb4, 0xff, 0x00, 0xf4, 0xb4, 0xff, 
  0x00, 0xf4, 0xb2, 0xff, 0x00, 0xf4, 0xb2, 0xff, 0x00, 0xf4, 0xb2, 0xff, 0x00, 0xf4, 0xb2, 0xff, 0x00, 0xf4, 0xb2, 0xff, 0x00, 0xf4, 0xb2, 0xff, 0x00, 0xf4, 0xb2, 0xff, 0x00, 0xf4, 0xb2, 0xff, 0x00, 0xf4, 0xb2, 0xff, 0x00, 0xf4, 0xb2, 0xff, 0x00, 0xf4, 0xb2, 0xff, 0x00, 0xf4, 0xb2, 0xff, 0x00, 0xf4, 0xb2, 0xff, 0x00, 0xf4, 0xb2, 0xff, 0x00, 0xf4, 0xb2, 0xff, 0x00, 0xf4, 0xb2, 0xff, 0x00, 0xf4, 0xb2, 0xff, 0x00, 0xf4, 0xb2, 0xff, 
  0x00, 0xf4, 0xb0, 0xff, 0x00, 0xf4, 0xb0, 0xff, 0x00, 0xf4, 0xb0, 0xff, 0x00, 0xf4, 0xb0, 0xff, 0x00, 0xf4, 0xb0, 0xff, 0x00, 0xf4, 0xb0, 0xff, 0x00, 0xf4, 0xb0, 0xff, 0x00, 0xf4, 0xb0, 0xff, 0x00, 0xf4, 0xb0, 0xff, 0x00, 0xf4, 0xb0, 0xff, 0x00, 0xf4, 0xb0, 0xff, 0x00, 0xf4, 0xb0, 0xff, 0x00, 0xf4, 0xb0, 0xff, 0x00, 0xf4, 0xb0, 0xff, 0x00, 0xf4, 0xb0, 0xff, 0x00, 0xf4, 0xb0, 0xff, 0x00, 0xf4, 0xb0, 0xff, 0x00, 0xf4, 0xb0, 0xff, 
  0x00, 0xf4, 0xaf, 0xff, 0x00, 0xf4, 0xaf, 0xff, 0x00, 0xf4, 0xaf, 0xff, 0x00, 0xf4, 0xaf, 0xff, 0x00, 0xf4, 0xaf, 0xff, 0x00, 0xf4, 0xaf, 0xff, 0x00, 0xf4, 0xaf, 0xff, 0x00, 0xf4, 0xaf, 0xff, 0x00, 0xf4, 0xaf, 0xff, 0x00, 0xf4, 0xaf, 0xff, 0x00, 0xf4, 0xaf, 0xff, 0x00, 0xf4, 0xaf, 0xff, 0x00, 0xf4, 0xaf, 0xff, 0x00, 0xf4, 0xaf, 0xff, 0x00, 0xf4, 0xaf, 0xff, 0x00, 0xf4, 0xaf, 0xff, 0x00, 0xf4, 0xaf, 0xff, 0x00, 0xf4, 0xaf, 0xff, 
  0x00, 0xf4, 0xad, 0xff, 0x00, 0xf4, 0xad, 0xff, 0x00, 0xf4, 0xad, 0xff, 0x00, 0xf4, 0xad, 0xff, 0x00, 0xf4, 0xad, 0xff, 0x00, 0xf4, 0xad, 0xff, 0x00, 0xf4, 0xad, 0xff, 0x00, 0xf4, 0xad, 0xff, 0x00, 0xf4, 0xad, 0xff, 0x00, 0xf4, 0xad, 0xff, 0x00, 0xf4, 0xad, 0xff, 0x00, 0xf4, 0xad, 0xff, 0x00, 0xf4, 0xad, 0xff, 0x00, 0xf4, 0xad, 0xff, 0x00, 0xf4, 0xad, 0xff, 0x00, 0xf4, 0xad, 0xff, 0x00, 0xf4, 0xad, 0xff, 0x00, 0xf4, 0xad, 0xff, 
  0x00, 0xf4, 0xab, 0xff, 0x00, 0xf4, 0xab, 0xff, 0x00, 0xf4, 0xab, 0xff, 0x00, 0xf4, 0xab, 0xff, 0x00, 0xf4, 0xab, 0xff, 0x00, 0xf4, 0xab, 0xff, 0x00, 0xf4, 0xab, 0xff, 0x00, 0xf4, 0xab, 0xff, 0x00, 0xf4, 0xab, 0xff, 0x00, 0xf4, 0xab, 0xff, 0x00, 0xf4, 0xab, 0xff, 0x00, 0xf4, 0xab, 0xff, 0x00, 0xf4, 0xab, 0xff, 0x00, 0xf4, 0xab, 0xff, 0x00, 0xf4, 0xab, 0xff, 0x00, 0xf4, 0xab, 0xff, 0x00, 0xf4, 0xab, 0xff, 0x00, 0xf4, 0xab, 0xff, 
  0x00, 0xf5, 0xa9, 0xff, 0x00, 0xf5, 0xa9, 0xff, 0x00, 0xf5, 0xa9, 0xff, 0x00, 0xf5, 0xa9, 0xff, 0x00, 0xf5, 0xa9, 0xff, 0x00, 0xf5, 0xa9, 0xff, 0x00, 0xf5, 0xa9, 0xff, 0x00, 0xf5, 0xa9, 0xff, 0x00, 0xf5, 0xa9, 0xff, 0x00, 0xf5, 0xa9, 0xff, 0x00, 0xf5, 0xa9, 0xff, 0x00, 0xf5, 0xa9, 0xff, 0x00, 0xf5, 0xa9, 0xff, 0x00, 0xf5, 0xa9, 0xff, 0x00, 0xf5, 0xa9, 0xff, 0x00, 0xf5, 0xa9, 0xff, 0x00, 0xf5, 0xa9, 0xff, 0x00, 0xf5, 0xa9, 0xff, 
  0x00, 0xf5, 0xa8, 0xff, 0x00, 0xf5, 0xa8, 0xff, 0x00, 0xf5, 0xa8, 0xff, 0x00, 0xf5, 0xa8, 0xff, 0x00, 0xf5, 0xa8, 0xff, 0x00, 0xf5, 0xa8, 0xff, 0x00, 0xf5, 0xa8, 0xff, 0x00, 0xf5, 0xa8, 0xff, 0x00, 0xf5, 0xa8, 0xff, 0x00, 0xf5, 0xa8, 0xff, 0x00, 0xf5, 0xa8, 0xff, 0x00, 0xf5, 0xa8, 0xff, 0x00, 0xf5, 0xa8, 0xff, 0x00, 0xf5, 0xa8, 0xff, 0x00, 0xf5, 0xa8, 0xff, 0x00, 0xf5, 0xa8, 0xff, 0x00, 0xf5, 0xa8, 0xff, 0x00, 0xf5, 0xa8, 0xff, 
  0x00, 0xf5, 0xa6, 0xff, 0x00, 0xf5, 0xa6, 0xff, 0x00, 0xf5, 0xa6, 0xff, 0x00, 0xf5, 0xa6, 0xff, 0x00, 0xf5, 0xa6, 0xff, 0x00, 0xf5, 0xa6, 0xff, 0x00, 0xf5, 0xa6, 0xff, 0x00, 0xf5, 0xa6, 0xff, 0x00, 0xf5, 0xa6, 0xff, 0x00, 0xf5, 0xa6, 0xff, 0x00, 0xf5, 0xa6, 0xff, 0x00, 0xf5, 0xa6, 0xff, 0x00, 0xf5, 0xa6, 0xff, 0x00, 0xf5, 0xa6, 0xff, 0x00, 0xf5, 0xa6, 0xff, 0x00, 0xf5, 0xa6, 0xff, 0x00, 0xf5, 0xa6, 0xff, 0x00, 0xf5, 0xa6, 0xff, 
  0x00, 0xf5, 0xa4, 0xff, 0x00, 0xf5, 0xa4, 0xff, 0x00, 0xf5, 0xa4, 0xff, 0x00, 0xf5, 0xa4, 0xff, 0x00, 0xf5, 0xa4, 0xff, 0x00, 0xf5, 0xa4, 0xff, 0x00, 0xf5, 0xa4, 0xff, 0x00, 0xf5, 0xa4, 0xff, 0x00, 0xf5, 0xa4, 0xff, 0x00, 0xf5, 0xa4, 0xff, 0x00, 0xf5, 0xa4, 0xff, 0x00, 0xf5, 0xa4, 0xff, 0x00, 0xf5, 0xa4, 0xff, 0x00, 0xf5, 0xa4, 0xff, 0x00, 0xf5, 0xa4, 0xff, 0x00, 0xf5, 0xa4, 0xff, 0x00, 0xf5, 0xa4, 0xff, 0x00, 0xf5, 0xa4, 0xff, 
  0x00, 0xf5, 0xa2, 0xff, 0x00, 0xf5, 0xa2, 0xff, 0x00, 0xf5, 0xa2, 0xff, 0x00, 0xf5, 0xa2, 0xff, 0x00, 0xf5, 0xa2, 0xff, 0x00, 0xf5, 0xa2, 0xff, 0x00, 0xf5, 0xa2, 0xff, 0x00, 0xf5, 0xa2, 0xff, 0x00, 0xf5, 0xa2, 0xff, 0x00, 0xf5, 0xa2, 0xff, 0x00, 0xf5, 0xa2, 0xff, 0x00, 0xf5, 0xa2, 0xff, 0x00, 0xf5, 0xa2, 0xff, 0x00, 0xf5, 0xa2, 0xff, 0x00, 0xf5, 0xa2, 0xff, 0x00, 0xf5, 0xa2, 0xff, 0x00, 0xf5, 0xa2, 0xff, 0x00, 0xf5, 0xa2, 0xff, 
  0x00, 0xf5, 0xa1, 0xff, 0x00, 0xf5, 0xa1, 0xff, 0x00, 0xf5, 0xa1, 0xff, 0x00, 0xf5, 0xa1, 0xff, 0x00, 0xf5, 0xa1, 0xff, 0x00, 0xf5, 0xa1, 0xff, 0x00, 0xf5, 0xa1, 0xff, 0x00, 0xf5, 0xa1, 0xff, 0x00, 0xf5, 0xa1, 0xff, 0x00, 0xf5, 0xa1, 0xff, 0x00, 0xf5, 0xa1, 0xff, 0x00, 0xf5, 0xa1, 0xff, 0x00, 0xf5, 0xa1, 0xff, 0x00, 0xf5, 0xa1, 0xff, 0x00, 0xf5, 0xa1, 0xff, 0x00, 0xf5, 0xa1, 0xff, 0x00, 0xf5, 0xa1, 0xff, 0x00, 0xf5, 0xa1, 0xff, 
  0x00, 0xf5, 0x9f, 0xff, 0x00, 0xf5, 0x9f, 0xff, 0x00, 0xf5, 0x9f, 0xff, 0x00, 0xf5, 0x9f, 0xff, 0x00, 0xf5, 0x9f, 0xff, 0x00, 0xf5, 0x9f, 0xff, 0x00, 0xf5, 0x9f, 0xff, 0x00, 0xf5, 0x9f, 0xff, 0x00, 0xf5, 0x9f, 0xff, 0x00, 0xf5, 0x9f, 0xff, 0x00, 0xf5, 0x9f, 0xff, 0x00, 0xf5, 0x9f, 0xff, 0x00, 0xf5, 0x9f, 0xff, 0x00, 0xf5, 0x9f, 0xff, 0x00, 0xf5, 0x9f, 0xff, 0x00, 0xf5, 0x9f, 0xff, 0x00, 0xf5, 0x9f, 0xff, 0x00, 0xf5, 0x9f, 0xff, 
  0x00, 0xf5, 0x9d, 0xff, 0x00, 0xf5, 0x9d, 0xff, 0x00, 0xf5, 0x9d, 0xff, 0x00, 0xf5, 0x9d, 0xff, 0x00, 0xf5, 0x9d, 0xff, 0x00, 0xf5, 0x9d, 0xff, 0x00, 0xf5, 0x9d, 0xff, 0x00, 0xf5, 0x9d, 0xff, 0x00, 0xf5, 0x9d, 0xff, 0x00, 0xf5, 0x9d, 0xff, 0x00, 0xf5, 0x9d, 0xff, 0x00, 0xf5, 0x9d, 0xff, 0x00, 0xf5, 0x9d, 0xff, 0x00, 0xf5, 0x9d, 0xff, 0x00, 0xf5, 0x9d, 0xff, 0x00, 0xf5, 0x9d, 0xff, 0x00, 0xf5, 0x9d, 0xff, 0x00, 0xf5, 0x9d, 0xff, 
  0x00, 0xf5, 0x9b, 0xff, 0x00, 0xf5, 0x9b, 0xff, 0x00, 0xf5, 0x9b, 0xff, 0x00, 0xf5, 0x9b, 0xff, 0x00, 0xf5, 0x9b, 0xff, 0x00, 0xf5, 0x9b, 0xff, 0x00, 0xf5, 0x9b, 0xff, 0x00, 0xf5, 0x9b, 0xff, 0x00, 0xf5, 0x9b, 0xff, 0x00, 0xf5, 0x9b, 0xff, 0x00, 0xf5, 0x9b, 0xff, 0x00, 0xf5, 0x9b, 0xff, 0x00, 0xf5, 0x9b, 0xff, 0x00, 0xf5, 0x9b, 0xff, 0x00, 0xf5, 0x9b, 0xff, 0x00, 0xf5, 0x9b, 0xff, 0x00, 0xf5, 0x9b, 0xff, 0x00, 0xf5, 0x9b, 0xff, 
  0x00, 0xf6, 0x99, 0xff, 0x00, 0xf6, 0x99, 0xff, 0x00, 0xf6, 0x99, 0xff, 0x00, 0xf6, 0x99, 0xff, 0x00, 0xf6, 0x99, 0xff, 0x00, 0xf6, 0x99, 0xff, 0x00, 0xf6, 0x99, 0xff, 0x00, 0xf6, 0x99, 0xff, 0x00, 0xf6, 0x99, 0xff, 0x00, 0xf6, 0x99, 0xff, 0x00, 0xf6, 0x99, 0xff, 0x00, 0xf6, 0x99, 0xff, 0x00, 0xf6, 0x99, 0xff, 0x00, 0xf6, 0x99, 0xff, 0x00, 0xf6, 0x99, 0xff, 0x00, 0xf6, 0x99, 0xff, 0x00, 0xf6, 0x99, 0xff, 0x00, 0xf6, 0x99, 0xff, 
  0x00, 0xf6, 0x98, 0xff, 0x00, 0xf6, 0x98, 0xff, 0x00, 0xf6, 0x98, 0xff, 0x00, 0xf6, 0x98, 0xff, 0x00, 0xf6, 0x98, 0xff, 0x00, 0xf6, 0x98, 0xff, 0x00, 0xf6, 0x98, 0xff, 0x00, 0xf6, 0x98, 0xff, 0x00, 0xf6, 0x98, 0xff, 0x00, 0xf6, 0x98, 0xff, 0x00, 0xf6, 0x98, 0xff, 0x00, 0xf6, 0x98, 0xff, 0x00, 0xf6, 0x98, 0xff, 0x00, 0xf6, 0x98, 0xff, 0x00, 0xf6, 0x98, 0xff, 0x00, 0xf6, 0x98, 0xff, 0x00, 0xf6, 0x98, 0xff, 0x00, 0xf6, 0x98, 0xff, 
  0x00, 0xf6, 0x96, 0xff, 0x00, 0xf6, 0x96, 0xff, 0x00, 0xf6, 0x96, 0xff, 0x00, 0xf6, 0x96, 0xff, 0x00, 0xf6, 0x96, 0xff, 0x00, 0xf6, 0x96, 0xff, 0x00, 0xf6, 0x96, 0xff, 0x00, 0xf6, 0x96, 0xff, 0x00, 0xf6, 0x96, 0xff, 0x00, 0xf6, 0x96, 0xff, 0x00, 0xf6, 0x96, 0xff, 0x00, 0xf6, 0x96, 0xff, 0x00, 0xf6, 0x96, 0xff, 0x00, 0xf6, 0x96, 0xff, 0x00, 0xf6, 0x96, 0xff, 0x00, 0xf6, 0x96, 0xff, 0x00, 0xf6, 0x96, 0xff, 0x00, 0xf6, 0x96, 0xff, 
  0x00, 0xf6, 0x94, 0xff, 0x00, 0xf6, 0x94, 0xff, 0x00, 0xf6, 0x94, 0xff, 0x00, 0xf6, 0x94, 0xff, 0x00, 0xf6, 0x94, 0xff, 0x00, 0xf6, 0x94, 0xff, 0x00, 0xf6, 0x94, 0xff, 0x00, 0xf6, 0x94, 0xff, 0x00, 0xf6, 0x94, 0xff, 0x00, 0xf6, 0x94, 0xff, 0x00, 0xf6, 0x94, 0xff, 0x00, 0xf6, 0x94, 0xff, 0x00, 0xf6, 0x94, 0xff, 0x00, 0xf6, 0x94, 0xff, 0x00, 0xf6, 0x94, 0xff, 0x00, 0xf6, 0x94, 0xff, 0x00, 0xf6, 0x94, 0xff, 0x00, 0xf6, 0x94, 0xff, 
  0x00, 0xf6, 0x92, 0xff, 0x00, 0xf6, 0x92, 0xff, 0x00, 0xf6, 0x92, 0xff, 0x00, 0xf6, 0x92, 0xff, 0x00, 0xf6, 0x92, 0xff, 0x00, 0xf6, 0x92, 0xff, 0x00, 0xf6, 0x92, 0xff, 0x00, 0xf6, 0x92, 0xff, 0x00, 0xf6, 0x92, 0xff, 0x00, 0xf6, 0x92, 0xff, 0x00, 0xf6, 0x92, 0xff, 0x00, 0xf6, 0x92, 0xff, 0x00, 0xf6, 0x92, 0xff, 0x00, 0xf6, 0x92, 0xff, 0x00, 0xf6, 0x92, 0xff, 0x00, 0xf6, 0x92, 0xff, 0x00, 0xf6, 0x92, 0xff, 0x00, 0xf6, 0x92, 0xff, 
  0x00, 0xf6, 0x91, 0xff, 0x00, 0xf6, 0x91, 0xff, 0x00, 0xf6, 0x91, 0xff, 0x00, 0xf6, 0x91, 0xff, 0x00, 0xf6, 0x91, 0xff, 0x00, 0xf6, 0x91, 0xff, 0x00, 0xf6, 0x91, 0xff, 0x00, 0xf6, 0x91, 0xff, 0x00, 0xf6, 0x91, 0xff, 0x00, 0xf6, 0x91, 0xff, 0x00, 0xf6, 0x91, 0xff, 0x00, 0xf6, 0x91, 0xff, 0x00, 0xf6, 0x91, 0xff, 0x00, 0xf6, 0x91, 0xff, 0x00, 0xf6, 0x91, 0xff, 0x00, 0xf6, 0x91, 0xff, 0x00, 0xf6, 0x91, 0xff, 0x00, 0xf6, 0x91, 0xff, 
  0x00, 0xf6, 0x8f, 0xff, 0x00, 0xf6, 0x8f, 0xff, 0x00, 0xf6, 0x8f, 0xff, 0x00, 0xf6, 0x8f, 0xff, 0x00, 0xf6, 0x8f, 0xff, 0x00, 0xf6, 0x8f, 0xff, 0x00, 0xf6, 0x8f, 0xff, 0x00, 0xf6, 0x8f, 0xff, 0x00, 0xf6, 0x8f, 0xff, 0x00, 0xf6, 0x8f, 0xff, 0x00, 0xf6, 0x8f, 0xff, 0x00, 0xf6, 0x8f, 0xff, 0x00, 0xf6, 0x8f, 0xff, 0x00, 0xf6, 0x8f, 0xff, 0x00, 0xf6, 0x8f, 0xff, 0x00, 0xf6, 0x8f, 0xff, 0x00, 0xf6, 0x8f, 0xff, 0x00, 0xf6, 0x8f, 0xff, 
  0x00, 0xf6, 0x8d, 0xff, 0x00, 0xf6, 0x8d, 0xff, 0x00, 0xf6, 0x8d, 0xff, 0x00, 0xf6, 0x8d, 0xff, 0x00, 0xf6, 0x8d, 0xff, 0x00, 0xf6, 0x8d, 0xff, 0x00, 0xf6, 0x8d, 0xff, 0x00, 0xf6, 0x8d, 0xff, 0x00, 0xf6, 0x8d, 0xff, 0x00, 0xf6, 0x8d, 0xff, 0x00, 0xf6, 0x8d, 0xff, 0x00, 0xf6, 0x8d, 0xff, 0x00, 0xf6, 0x8d, 0xff, 0x00, 0xf6, 0x8d, 0xff, 0x00, 0xf6, 0x8d, 0xff, 0x00, 0xf6, 0x8d, 0xff, 0x00, 0xf6, 0x8d, 0xff, 0x00, 0xf6, 0x8d, 0xff, 
  0x00, 0xf6, 0x8b, 0xff, 0x00, 0xf6, 0x8b, 0xff, 0x00, 0xf6, 0x8b, 0xff, 0x00, 0xf6, 0x8b, 0xff, 0x00, 0xf6, 0x8b, 0xff, 0x00, 0xf6, 0x8b, 0xff, 0x00, 0xf6, 0x8b, 0xff, 0x00, 0xf6, 0x8b, 0xff, 0x00, 0xf6, 0x8b, 0xff, 0x00, 0xf6, 0x8b, 0xff, 0x00, 0xf6, 0x8b, 0xff, 0x00, 0xf6, 0x8b, 0xff, 0x00, 0xf6, 0x8b, 0xff, 0x00, 0xf6, 0x8b, 0xff, 0x00, 0xf6, 0x8b, 0xff, 0x00, 0xf6, 0x8b, 0xff, 0x00, 0xf6, 0x8b, 0xff, 0x00, 0xf6, 0x8b, 0xff, 
  0x00, 0xf6, 0x8a, 0xff, 0x00, 0xf6, 0x8a, 0xff, 0x00, 0xf6, 0x8a, 0xff, 0x00, 0xf6, 0x8a, 0xff, 0x00, 0xf6, 0x8a, 0xff, 0x00, 0xf6, 0x8a, 0xff, 0x00, 0xf6, 0x8a, 0xff, 0x00, 0xf6, 0x8a, 0xff, 0x00, 0xf6, 0x8a, 0xff, 0x00, 0xf6, 0x8a, 0xff, 0x00, 0xf6, 0x8a, 0xff, 0x00, 0xf6, 0x8a, 0xff, 0x00, 0xf6, 0x8a, 0xff, 0x00, 0xf6, 0x8a, 0xff, 0x00, 0xf6, 0x8a, 0xff, 0x00, 0xf6, 0x8a, 0xff, 0x00, 0xf6, 0x8a, 0xff, 0x00, 0xf6, 0x8a, 0xff, 
  0x00, 0xf7, 0x88, 0xff, 0x00, 0xf7, 0x88, 0xff, 0x00, 0xf7, 0x88, 0xff, 0x00, 0xf7, 0x88, 0xff, 0x00, 0xf7, 0x88, 0xff, 0x00, 0xf7, 0x88, 0xff, 0x00, 0xf7, 0x88, 0xff, 0x00, 0xf7, 0x88, 0xff, 0x00, 0xf7, 0x88, 0xff, 0x00, 0xf7, 0x88, 0xff, 0x00, 0xf7, 0x88, 0xff, 0x00, 0xf7, 0x88, 0xff, 0x00, 0xf7, 0x88, 0xff, 0x00, 0xf7, 0x88, 0xff, 0x00, 0xf7, 0x88, 0xff, 0x00, 0xf7, 0x88, 0xff, 0x00, 0xf7, 0x88, 0xff, 0x00, 0xf7, 0x88, 0xff, 
  0x00, 0xf7, 0x86, 0xff, 0x00, 0xf7, 0x86, 0xff, 0x00, 0xf7, 0x86, 0xff, 0x00, 0xf7, 0x86, 0xff, 0x00, 0xf7, 0x86, 0xff, 0x00, 0xf7, 0x86, 0xff, 0x00, 0xf7, 0x86, 0xff, 0x00, 0xf7, 0x86, 0xff, 0x00, 0xf7, 0x86, 0xff, 0x00, 0xf7, 0x86, 0xff, 0x00, 0xf7, 0x86, 0xff, 0x00, 0xf7, 0x86, 0xff, 0x00, 0xf7, 0x86, 0xff, 0x00, 0xf7, 0x86, 0xff, 0x00, 0xf7, 0x86, 0xff, 0x00, 0xf7, 0x86, 0xff, 0x00, 0xf7, 0x86, 0xff, 0x00, 0xf7, 0x86, 0xff, 
  0x00, 0xf7, 0x84, 0xff, 0x00, 0xf7, 0x84, 0xff, 0x00, 0xf7, 0x84, 0xff, 0x00, 0xf7, 0x84, 0xff, 0x00, 0xf7, 0x84, 0xff, 0x00, 0xf7, 0x84, 0xff, 0x00, 0xf7, 0x84, 0xff, 0x00, 0xf7, 0x84, 0xff, 0x00, 0xf7, 0x84, 0xff, 0x00, 0xf7, 0x84, 0xff, 0x00, 0xf7, 0x84, 0xff, 0x00, 0xf7, 0x84, 0xff, 0x00, 0xf7, 0x84, 0xff, 0x00, 0xf7, 0x84, 0xff, 0x00, 0xf7, 0x84, 0xff, 0x00, 0xf7, 0x84, 0xff, 0x00, 0xf7, 0x84, 0xff, 0x00, 0xf7, 0x84, 0xff, 
  0x00, 0xf7, 0x83, 0xff, 0x00, 0xf7, 0x83, 0xff, 0x00, 0xf7, 0x83, 0xff, 0x00, 0xf7, 0x83, 0xff, 0x00, 0xf7, 0x83, 0xff, 0x00, 0xf7, 0x83, 0xff, 0x00, 0xf7, 0x83, 0xff, 0x00, 0xf7, 0x83, 0xff, 0x00, 0xf7, 0x83, 0xff, 0x00, 0xf7, 0x83, 0xff, 0x00, 0xf7, 0x83, 0xff, 0x00, 0xf7, 0x83, 0xff, 0x00, 0xf7, 0x83, 0xff, 0x00, 0xf7, 0x83, 0xff, 0x00, 0xf7, 0x83, 0xff, 0x00, 0xf7, 0x83, 0xff, 0x00, 0xf7, 0x83, 0xff, 0x00, 0xf7, 0x83, 0xff, 
  0x00, 0xf7, 0x81, 0xff, 0x00, 0xf7, 0x81, 0xff, 0x00, 0xf7, 0x81, 0xff, 0x00, 0xf7, 0x81, 0xff, 0x00, 0xf7, 0x81, 0xff, 0x00, 0xf7, 0x81, 0xff, 0x00, 0xf7, 0x81, 0xff, 0x00, 0xf7, 0x81, 0xff, 0x00, 0xf7, 0x81, 0xff, 0x00, 0xf7, 0x81, 0xff, 0x00, 0xf7, 0x81, 0xff, 0x00, 0xf7, 0x81, 0xff, 0x00, 0xf7, 0x81, 0xff, 0x00, 0xf7, 0x81, 0xff, 0x00, 0xf7, 0x81, 0xff, 0x00, 0xf7, 0x81, 0xff, 0x00, 0xf7, 0x81, 0xff, 0x00, 0xf7, 0x81, 0xff, 
  0x00, 0xf7, 0x7f, 0xff, 0x00, 0xf7, 0x7f, 0xff, 0x00, 0xf7, 0x7f, 0xff, 0x00, 0xf7, 0x7f, 0xff, 0x00, 0xf7, 0x7f, 0xff, 0x00, 0xf7, 0x7f, 0xff, 0x00, 0xf7, 0x7f, 0xff, 0x00, 0xf7, 0x7f, 0xff, 0x00, 0xf7, 0x7f, 0xff, 0x00, 0xf7, 0x7f, 0xff, 0x00, 0xf7, 0x7f, 0xff, 0x00, 0xf7, 0x7f, 0xff, 0x00, 0xf7, 0x7f, 0xff, 0x00, 0xf7, 0x7f, 0xff, 0x00, 0xf7, 0x7f, 0xff, 0x00, 0xf7, 0x7f, 0xff, 0x00, 0xf7, 0x7f, 0xff, 0x00, 0xf7, 0x7f, 0xff, 
  0x00, 0xf7, 0x7d, 0xff, 0x00, 0xf7, 0x7d, 0xff, 0x00, 0xf7, 0x7d, 0xff, 0x00, 0xf7, 0x7d, 0xff, 0x00, 0xf7, 0x7d, 0xff, 0x00, 0xf7, 0x7d, 0xff, 0x00, 0xf7, 0x7d, 0xff, 0x00, 0xf7, 0x7d, 0xff, 0x00, 0xf7, 0x7d, 0xff, 0x00, 0xf7, 0x7d, 0xff, 0x00, 0xf7, 0x7d, 0xff, 0x00, 0xf7, 0x7d, 0xff, 0x00, 0xf7, 0x7d, 0xff, 0x00, 0xf7, 0x7d, 0xff, 0x00, 0xf7, 0x7d, 0xff, 0x00, 0xf7, 0x7d, 0xff, 0x00, 0xf7, 0x7d, 0xff, 0x00, 0xf7, 0x7d, 0xff, 
  0x00, 0xf7, 0x7c, 0xff, 0x00, 0xf7, 0x7c, 0xff, 0x00, 0xf7, 0x7c, 0xff, 0x00, 0xf7, 0x7c, 0xff, 0x00, 0xf7, 0x7c, 0xff, 0x00, 0xf7, 0x7c, 0xff, 0x00, 0xf7, 0x7c, 0xff, 0x00, 0xf7, 0x7c, 0xff, 0x00, 0xf7, 0x7c, 0xff, 0x00, 0xf7, 0x7c, 0xff, 0x00, 0xf7, 0x7c, 0xff, 0x00, 0xf7, 0x7c, 0xff, 0x00, 0xf7, 0x7c, 0xff, 0x00, 0xf7, 0x7c, 0xff, 0x00, 0xf7, 0x7c, 0xff, 0x00, 0xf7, 0x7c, 0xff, 0x00, 0xf7, 0x7c, 0xff, 0x00, 0xf7, 0x7c, 0xff, 
  0x00, 0xf7, 0x7a, 0xff, 0x00, 0xf7, 0x7a, 0xff, 0x00, 0xf7, 0x7a, 0xff, 0x00, 0xf7, 0x7a, 0xff, 0x00, 0xf7, 0x7a, 0xff, 0x00, 0xf7, 0x7a, 0xff, 0x00, 0xf7, 0x7a, 0xff, 0x00, 0xf7, 0x7a, 0xff, 0x00, 0xf7, 0x7a, 0xff, 0x00, 0xf7, 0x7a, 0xff, 0x00, 0xf7, 0x7a, 0xff, 0x00, 0xf7, 0x7a, 0xff, 0x00, 0xf7, 0x7a, 0xff, 0x00, 0xf7, 0x7a, 0xff, 0x00, 0xf7, 0x7a, 0xff, 0x00, 0xf7, 0x7a, 0xff, 0x00, 0xf7, 0x7a, 0xff, 0x00, 0xf7, 0x7a, 0xff, 
  0x00, 0xf7, 0x78, 0xff, 0x00, 0xf7, 0x78, 0xff, 0x00, 0xf7, 0x78, 0xff, 0x00, 0xf7, 0x78, 0xff, 0x00, 0xf7, 0x78, 0xff, 0x00, 0xf7, 0x78, 0xff, 0x00, 0xf7, 0x78, 0xff, 0x00, 0xf7, 0x78, 0xff, 0x00, 0xf7, 0x78, 0xff, 0x00, 0xf7, 0x78, 0xff, 0x00, 0xf7, 0x78, 0xff, 0x00, 0xf7, 0x78, 0xff, 0x00, 0xf7, 0x78, 0xff, 0x00, 0xf7, 0x78, 0xff, 0x00, 0xf7, 0x78, 0xff, 0x00, 0xf7, 0x78, 0xff, 0x00, 0xf7, 0x78, 0xff, 0x00, 0xf7, 0x78, 0xff, 
  0x00, 0xf8, 0x76, 0xff, 0x00, 0xf8, 0x76, 0xff, 0x00, 0xf8, 0x76, 0xff, 0x00, 0xf8, 0x76, 0xff, 0x00, 0xf8, 0x76, 0xff, 0x00, 0xf8, 0x76, 0xff, 0x00, 0xf8, 0x76, 0xff, 0x00, 0xf8, 0x76, 0xff, 0x00, 0xf8, 0x76, 0xff, 0x00, 0xf8, 0x76, 0xff, 0x00, 0xf8, 0x76, 0xff, 0x00, 0xf8, 0x76, 0xff, 0x00, 0xf8, 0x76, 0xff, 0x00, 0xf8, 0x76, 0xff, 0x00, 0xf8, 0x76, 0xff, 0x00, 0xf8, 0x76, 0xff, 0x00, 0xf8, 0x76, 0xff, 0x00, 0xf8, 0x76, 0xff, 
  0x00, 0xf8, 0x75, 0xff, 0x00, 0xf8, 0x75, 0xff, 0x00, 0xf8, 0x75, 0xff, 0x00, 0xf8, 0x75, 0xff, 0x00, 0xf8, 0x75, 0xff, 0x00, 0xf8, 0x75, 0xff, 0x00, 0xf8, 0x75, 0xff, 0x00, 0xf8, 0x75, 0xff, 0x00, 0xf8, 0x75, 0xff, 0x00, 0xf8, 0x75, 0xff, 0x00, 0xf8, 0x75, 0xff, 0x00, 0xf8, 0x75, 0xff, 0x00, 0xf8, 0x75, 0xff, 0x00, 0xf8, 0x75, 0xff, 0x00, 0xf8, 0x75, 0xff, 0x00, 0xf8, 0x75, 0xff, 0x00, 0xf8, 0x75, 0xff, 0x00, 0xf8, 0x75, 0xff, 
  0x00, 0xf8, 0x73, 0xff, 0x00, 0xf8, 0x73, 0xff, 0x00, 0xf8, 0x73, 0xff, 0x00, 0xf8, 0x73, 0xff, 0x00, 0xf8, 0x73, 0xff, 0x00, 0xf8, 0x73, 0xff, 0x00, 0xf8, 0x73, 0xff, 0x00, 0xf8, 0x73, 0xff, 0x00, 0xf8, 0x73, 0xff, 0x00, 0xf8, 0x73, 0xff, 0x00, 0xf8, 0x73, 0xff, 0x00, 0xf8, 0x73, 0xff, 0x00, 0xf8, 0x73, 0xff, 0x00, 0xf8, 0x73, 0xff, 0x00, 0xf8, 0x73, 0xff, 0x00, 0xf8, 0x73, 0xff, 0x00, 0xf8, 0x73, 0xff, 0x00, 0xf8, 0x73, 0xff, 
  0x00, 0xf8, 0x71, 0xff, 0x00, 0xf8, 0x71, 0xff, 0x00, 0xf8, 0x71, 0xff, 0x00, 0xf8, 0x71, 0xff, 0x00, 0xf8, 0x71, 0xff, 0x00, 0xf8, 0x71, 0xff, 0x00, 0xf8, 0x71, 0xff, 0x00, 0xf8, 0x71, 0xff, 0x00, 0xf8, 0x71, 0xff, 0x00, 0xf8, 0x71, 0xff, 0x00, 0xf8, 0x71, 0xff, 0x00, 0xf8, 0x71, 0xff, 0x00, 0xf8, 0x71, 0xff, 0x00, 0xf8, 0x71, 0xff, 0x00, 0xf8, 0x71, 0xff, 0x00, 0xf8, 0x71, 0xff, 0x00, 0xf8, 0x71, 0xff, 0x00, 0xf8, 0x71, 0xff, 
  0x00, 0xf8, 0x6f, 0xff, 0x00, 0xf8, 0x6f, 0xff, 0x00, 0xf8, 0x6f, 0xff, 0x00, 0xf8, 0x6f, 0xff, 0x00, 0xf8, 0x6f, 0xff, 0x00, 0xf8, 0x6f, 0xff, 0x00, 0xf8, 0x6f, 0xff, 0x00, 0xf8, 0x6f, 0xff, 0x00, 0xf8, 0x6f, 0xff, 0x00, 0xf8, 0x6f, 0xff, 0x00, 0xf8, 0x6f, 0xff, 0x00, 0xf8, 0x6f, 0xff, 0x00, 0xf8, 0x6f, 0xff, 0x00, 0xf8, 0x6f, 0xff, 0x00, 0xf8, 0x6f, 0xff, 0x00, 0xf8, 0x6f, 0xff, 0x00, 0xf8, 0x6f, 0xff, 0x00, 0xf8, 0x6f, 0xff, 
  0x00, 0xf8, 0x6e, 0xff, 0x00, 0xf8, 0x6e, 0xff, 0x00, 0xf8, 0x6e, 0xff, 0x00, 0xf8, 0x6e, 0xff, 0x00, 0xf8, 0x6e, 0xff, 0x00, 0xf8, 0x6e, 0xff, 0x00, 0xf8, 0x6e, 0xff, 0x00, 0xf8, 0x6e, 0xff, 0x00, 0xf8, 0x6e, 0xff, 0x00, 0xf8, 0x6e, 0xff, 0x00, 0xf8, 0x6e, 0xff, 0x00, 0xf8, 0x6e, 0xff, 0x00, 0xf8, 0x6e, 0xff, 0x00, 0xf8, 0x6e, 0xff, 0x00, 0xf8, 0x6e, 0xff, 0x00, 0xf8, 0x6e, 0xff, 0x00, 0xf8, 0x6e, 0xff, 0x00, 0xf8, 0x6e, 0xff, 
  0x00, 0xf8, 0x6c, 0xff, 0x00, 0xf8, 0x6c, 0xff, 0x00, 0xf8, 0x6c, 0xff, 0x00, 0xf8, 0x6c, 0xff, 0x00, 0xf8, 0x6c, 0xff, 0x00, 0xf8, 0x6c, 0xff, 0x00, 0xf8, 0x6c, 0xff, 0x00, 0xf8, 0x6c, 0xff, 0x00, 0xf8, 0x6c, 0xff, 0x00, 0xf8, 0x6c, 0xff, 0x00, 0xf8, 0x6c, 0xff, 0x00, 0xf8, 0x6c, 0xff, 0x00, 0xf8, 0x6c, 0xff, 0x00, 0xf8, 0x6c, 0xff, 0x00, 0xf8, 0x6c, 0xff, 0x00, 0xf8, 0x6c, 0xff, 0x00, 0xf8, 0x6c, 0xff, 0x00, 0xf8, 0x6c, 0xff, 
  0x00, 0xf8, 0x6a, 0xff, 0x00, 0xf8, 0x6a, 0xff, 0x00, 0xf8, 0x6a, 0xff, 0x00, 0xf8, 0x6a, 0xff, 0x00, 0xf8, 0x6a, 0xff, 0x00, 0xf8, 0x6a, 0xff, 0x00, 0xf8, 0x6a, 0xff, 0x00, 0xf8, 0x6a, 0xff, 0x00, 0xf8, 0x6a, 0xff, 0x00, 0xf8, 0x6a, 0xff, 0x00, 0xf8, 0x6a, 0xff, 0x00, 0xf8, 0x6a, 0xff, 0x00, 0xf8, 0x6a, 0xff, 0x00, 0xf8, 0x6a, 0xff, 0x00, 0xf8, 0x6a, 0xff, 0x00, 0xf8, 0x6a, 0xff, 0x00, 0xf8, 0x6a, 0xff, 0x00, 0xf8, 0x6a, 0xff, 
  0x00, 0xf8, 0x68, 0xff, 0x00, 0xf8, 0x68, 0xff, 0x00, 0xf8, 0x68, 0xff, 0x00, 0xf8, 0x68, 0xff, 0x00, 0xf8, 0x68, 0xff, 0x00, 0xf8, 0x68, 0xff, 0x00, 0xf8, 0x68, 0xff, 0x00, 0xf8, 0x68, 0xff, 0x00, 0xf8, 0x68, 0xff, 0x00, 0xf8, 0x68, 0xff, 0x00, 0xf8, 0x68, 0xff, 0x00, 0xf8, 0x68, 0xff, 0x00, 0xf8, 0x68, 0xff, 0x00, 0xf8, 0x68, 0xff, 0x00, 0xf8, 0x68, 0xff, 0x00, 0xf8, 0x68, 0xff, 0x00, 0xf8, 0x68, 0xff, 0x00, 0xf8, 0x68, 0xff, 
  0x00, 0xf9, 0x66, 0xff, 0x00, 0xf9, 0x66, 0xff, 0x00, 0xf9, 0x66, 0xff, 0x00, 0xf9, 0x66, 0xff, 0x00, 0xf9, 0x66, 0xff, 0x00, 0xf9, 0x66, 0xff, 0x00, 0xf9, 0x66, 0xff, 0x00, 0xf9, 0x66, 0xff, 0x00, 0xf9, 0x66, 0xff, 0x00, 0xf9, 0x66, 0xff, 0x00, 0xf9, 0x66, 0xff, 0x00, 0xf9, 0x66, 0xff, 0x00, 0xf9, 0x66, 0xff, 0x00, 0xf9, 0x66, 0xff, 0x00, 0xf9, 0x66, 0xff, 0x00, 0xf9, 0x66, 0xff, 0x00, 0xf9, 0x66, 0xff, 0x00, 0xf9, 0x66, 0xff, 
  0x00, 0xf9, 0x65, 0xff, 0x00, 0xf9, 0x65, 0xff, 0x00, 0xf9, 0x65, 0xff, 0x00, 0xf9, 0x65, 0xff, 0x00, 0xf9, 0x65, 0xff, 0x00, 0xf9, 0x65, 0xff, 0x00, 0xf9, 0x65, 0xff, 0x00, 0xf9, 0x65, 0xff, 0x00, 0xf9, 0x65, 0xff, 0x00, 0xf9, 0x65, 0xff, 0x00, 0xf9, 0x65, 0xff, 0x00, 0xf9, 0x65, 0xff, 0x00, 0xf9, 0x65, 0xff, 0x00, 0xf9, 0x65, 0xff, 0x00, 0xf9, 0x65, 0xff, 0x00, 0xf9, 0x65, 0xff, 0x00, 0xf9, 0x65, 0xff, 0x00, 0xf9, 0x65, 0xff, 
  0x00, 0xf9, 0x63, 0xff, 0x00, 0xf9, 0x63, 0xff, 0x00, 0xf9, 0x63, 0xff, 0x00, 0xf9, 0x63, 0xff, 0x00, 0xf9, 0x63, 0xff, 0x00, 0xf9, 0x63, 0xff, 0x00, 0xf9, 0x63, 0xff, 0x00, 0xf9, 0x63, 0xff, 0x00, 0xf9, 0x63, 0xff, 0x00, 0xf9, 0x63, 0xff, 0x00, 0xf9, 0x63, 0xff, 0x00, 0xf9, 0x63, 0xff, 0x00, 0xf9, 0x63, 0xff, 0x00, 0xf9, 0x63, 0xff, 0x00, 0xf9, 0x63, 0xff, 0x00, 0xf9, 0x63, 0xff, 0x00, 0xf9, 0x63, 0xff, 0x00, 0xf9, 0x63, 0xff, 
  0x00, 0xf9, 0x61, 0xff, 0x00, 0xf9, 0x61, 0xff, 0x00, 0xf9, 0x61, 0xff, 0x00, 0xf9, 0x61, 0xff, 0x00, 0xf9, 0x61, 0xff, 0x00, 0xf9, 0x61, 0xff, 0x00, 0xf9, 0x61, 0xff, 0x00, 0xf9, 0x61, 0xff, 0x00, 0xf9, 0x61, 0xff, 0x00, 0xf9, 0x61, 0xff, 0x00, 0xf9, 0x61, 0xff, 0x00, 0xf9, 0x61, 0xff, 0x00, 0xf9, 0x61, 0xff, 0x00, 0xf9, 0x61, 0xff, 0x00, 0xf9, 0x61, 0xff, 0x00, 0xf9, 0x61, 0xff, 0x00, 0xf9, 0x61, 0xff, 0x00, 0xf9, 0x61, 0xff, 
  0x00, 0xf9, 0x5f, 0xff, 0x00, 0xf9, 0x5f, 0xff, 0x00, 0xf9, 0x5f, 0xff, 0x00, 0xf9, 0x5f, 0xff, 0x00, 0xf9, 0x5f, 0xff, 0x00, 0xf9, 0x5f, 0xff, 0x00, 0xf9, 0x5f, 0xff, 0x00, 0xf9, 0x5f, 0xff, 0x00, 0xf9, 0x5f, 0xff, 0x00, 0xf9, 0x5f, 0xff, 0x00, 0xf9, 0x5f, 0xff, 0x00, 0xf9, 0x5f, 0xff, 0x00, 0xf9, 0x5f, 0xff, 0x00, 0xf9, 0x5f, 0xff, 0x00, 0xf9, 0x5f, 0xff, 0x00, 0xf9, 0x5f, 0xff, 0x00, 0xf9, 0x5f, 0xff, 0x00, 0xf9, 0x5f, 0xff, 
  0x00, 0xf9, 0x5e, 0xff, 0x00, 0xf9, 0x5e, 0xff, 0x00, 0xf9, 0x5e, 0xff, 0x00, 0xf9, 0x5e, 0xff, 0x00, 0xf9, 0x5e, 0xff, 0x00, 0xf9, 0x5e, 0xff, 0x00, 0xf9, 0x5e, 0xff, 0x00, 0xf9, 0x5e, 0xff, 0x00, 0xf9, 0x5e, 0xff, 0x00, 0xf9, 0x5e, 0xff, 0x00, 0xf9, 0x5e, 0xff, 0x00, 0xf9, 0x5e, 0xff, 0x00, 0xf9, 0x5e, 0xff, 0x00, 0xf9, 0x5e, 0xff, 0x00, 0xf9, 0x5e, 0xff, 0x00, 0xf9, 0x5e, 0xff, 0x00, 0xf9, 0x5e, 0xff, 0x00, 0xf9, 0x5e, 0xff, 
  0x00, 0xf9, 0x5c, 0xff, 0x00, 0xf9, 0x5c, 0xff, 0x00, 0xf9, 0x5c, 0xff, 0x00, 0xf9, 0x5c, 0xff, 0x00, 0xf9, 0x5c, 0xff, 0x00, 0xf9, 0x5c, 0xff, 0x00, 0xf9, 0x5c, 0xff, 0x00, 0xf9, 0x5c, 0xff, 0x00, 0xf9, 0x5c, 0xff, 0x00, 0xf9, 0x5c, 0xff, 0x00, 0xf9, 0x5c, 0xff, 0x00, 0xf9, 0x5c, 0xff, 0x00, 0xf9, 0x5c, 0xff, 0x00, 0xf9, 0x5c, 0xff, 0x00, 0xf9, 0x5c, 0xff, 0x00, 0xf9, 0x5c, 0xff, 0x00, 0xf9, 0x5c, 0xff, 0x00, 0xf9, 0x5c, 0xff, 
  0x00, 0xf9, 0x5a, 0xff, 0x00, 0xf9, 0x5a, 0xff, 0x00, 0xf9, 0x5a, 0xff, 0x00, 0xf9, 0x5a, 0xff, 0x00, 0xf9, 0x5a, 0xff, 0x00, 0xf9, 0x5a, 0xff, 0x00, 0xf9, 0x5a, 0xff, 0x00, 0xf9, 0x5a, 0xff, 0x00, 0xf9, 0x5a, 0xff, 0x00, 0xf9, 0x5a, 0xff, 0x00, 0xf9, 0x5a, 0xff, 0x00, 0xf9, 0x5a, 0xff, 0x00, 0xf9, 0x5a, 0xff, 0x00, 0xf9, 0x5a, 0xff, 0x00, 0xf9, 0x5a, 0xff, 0x00, 0xf9, 0x5a, 0xff, 0x00, 0xf9, 0x5a, 0xff, 0x00, 0xf9, 0x5a, 0xff, 
  0x00, 0xf9, 0x58, 0xff, 0x00, 0xf9, 0x58, 0xff, 0x00, 0xf9, 0x58, 0xff, 0x00, 0xf9, 0x58, 0xff, 0x00, 0xf9, 0x58, 0xff, 0x00, 0xf9, 0x58, 0xff, 0x00, 0xf9, 0x58, 0xff, 0x00, 0xf9, 0x58, 0xff, 0x00, 0xf9, 0x58, 0xff, 0x00, 0xf9, 0x58, 0xff, 0x00, 0xf9, 0x58, 0xff, 0x00, 0xf9, 0x58, 0xff, 0x00, 0xf9, 0x58, 0xff, 0x00, 0xf9, 0x58, 0xff, 0x00, 0xf9, 0x58, 0xff, 0x00, 0xf9, 0x58, 0xff, 0x00, 0xf9, 0x58, 0xff, 0x00, 0xf9, 0x58, 0xff, 
  0x00, 0xf9, 0x57, 0xff, 0x00, 0xf9, 0x57, 0xff, 0x00, 0xf9, 0x57, 0xff, 0x00, 0xf9, 0x57, 0xff, 0x00, 0xf9, 0x57, 0xff, 0x00, 0xf9, 0x57, 0xff, 0x00, 0xf9, 0x57, 0xff, 0x00, 0xf9, 0x57, 0xff, 0x00, 0xf9, 0x57, 0xff, 0x00, 0xf9, 0x57, 0xff, 0x00, 0xf9, 0x57, 0xff, 0x00, 0xf9, 0x57, 0xff, 0x00, 0xf9, 0x57, 0xff, 0x00, 0xf9, 0x57, 0xff, 0x00, 0xf9, 0x57, 0xff, 0x00, 0xf9, 0x57, 0xff, 0x00, 0xf9, 0x57, 0xff, 0x00, 0xf9, 0x57, 0xff, 
  0x00, 0xfa, 0x55, 0xff, 0x00, 0xfa, 0x55, 0xff, 0x00, 0xfa, 0x55, 0xff, 0x00, 0xfa, 0x55, 0xff, 0x00, 0xfa, 0x55, 0xff, 0x00, 0xfa, 0x55, 0xff, 0x00, 0xfa, 0x55, 0xff, 0x00, 0xfa, 0x55, 0xff, 0x00, 0xfa, 0x55, 0xff, 0x00, 0xfa, 0x55, 0xff, 0x00, 0xfa, 0x55, 0xff, 0x00, 0xfa, 0x55, 0xff, 0x00, 0xfa, 0x55, 0xff, 0x00, 0xfa, 0x55, 0xff, 0x00, 0xfa, 0x55, 0xff, 0x00, 0xfa, 0x55, 0xff, 0x00, 0xfa, 0x55, 0xff, 0x00, 0xfa, 0x55, 0xff, 
  0x00, 0xfa, 0x53, 0xff, 0x00, 0xfa, 0x53, 0xff, 0x00, 0xfa, 0x53, 0xff, 0x00, 0xfa, 0x53, 0xff, 0x00, 0xfa, 0x53, 0xff, 0x00, 0xfa, 0x53, 0xff, 0x00, 0xfa, 0x53, 0xff, 0x00, 0xfa, 0x53, 0xff, 0x00, 0xfa, 0x53, 0xff, 0x00, 0xfa, 0x53, 0xff, 0x00, 0xfa, 0x53, 0xff, 0x00, 0xfa, 0x53, 0xff, 0x00, 0xfa, 0x53, 0xff, 0x00, 0xfa, 0x53, 0xff, 0x00, 0xfa, 0x53, 0xff, 0x00, 0xfa, 0x53, 0xff, 0x00, 0xfa, 0x53, 0xff, 0x00, 0xfa, 0x53, 0xff, 
  0x00, 0xfa, 0x51, 0xff, 0x00, 0xfa, 0x51, 0xff, 0x00, 0xfa, 0x51, 0xff, 0x00, 0xfa, 0x51, 0xff, 0x00, 0xfa, 0x51, 0xff, 0x00, 0xfa, 0x51, 0xff, 0x00, 0xfa, 0x51, 0xff, 0x00, 0xfa, 0x51, 0xff, 0x00, 0xfa, 0x51, 0xff, 0x00, 0xfa, 0x51, 0xff, 0x00, 0xfa, 0x51, 0xff, 0x00, 0xfa, 0x51, 0xff, 0x00, 0xfa, 0x51, 0xff, 0x00, 0xfa, 0x51, 0xff, 0x00, 0xfa, 0x51, 0xff, 0x00, 0xfa, 0x51, 0xff, 0x00, 0xfa, 0x51, 0xff, 0x00, 0xfa, 0x51, 0xff, 
  0x00, 0xfa, 0x50, 0xff, 0x00, 0xfa, 0x50, 0xff, 0x00, 0xfa, 0x50, 0xff, 0x00, 0xfa, 0x50, 0xff, 0x00, 0xfa, 0x50, 0xff, 0x00, 0xfa, 0x50, 0xff, 0x00, 0xfa, 0x50, 0xff, 0x00, 0xfa, 0x50, 0xff, 0x00, 0xfa, 0x50, 0xff, 0x00, 0xfa, 0x50, 0xff, 0x00, 0xfa, 0x50, 0xff, 0x00, 0xfa, 0x50, 0xff, 0x00, 0xfa, 0x50, 0xff, 0x00, 0xfa, 0x50, 0xff, 0x00, 0xfa, 0x50, 0xff, 0x00, 0xfa, 0x50, 0xff, 0x00, 0xfa, 0x50, 0xff, 0x00, 0xfa, 0x50, 0xff, 
  0x00, 0xfa, 0x4e, 0xff, 0x00, 0xfa, 0x4e, 0xff, 0x00, 0xfa, 0x4e, 0xff, 0x00, 0xfa, 0x4e, 0xff, 0x00, 0xfa, 0x4e, 0xff, 0x00, 0xfa, 0x4e, 0xff, 0x00, 0xfa, 0x4e, 0xff, 0x00, 0xfa, 0x4e, 0xff, 0x00, 0xfa, 0x4e, 0xff, 0x00, 0xfa, 0x4e, 0xff, 0x00, 0xfa, 0x4e, 0xff, 0x00, 0xfa, 0x4e, 0xff, 0x00, 0xfa, 0x4e, 0xff, 0x00, 0xfa, 0x4e, 0xff, 0x00, 0xfa, 0x4e, 0xff, 0x00, 0xfa, 0x4e, 0xff, 0x00, 0xfa, 0x4e, 0xff, 0x00, 0xfa, 0x4e, 0xff, 
  0x00, 0xfa, 0x4c, 0xff, 0x00, 0xfa, 0x4c, 0xff, 0x00, 0xfa, 0x4c, 0xff, 0x00, 0xfa, 0x4c, 0xff, 0x00, 0xfa, 0x4c, 0xff, 0x00, 0xfa, 0x4c, 0xff, 0x00, 0xfa, 0x4c, 0xff, 0x00, 0xfa, 0x4c, 0xff, 0x00, 0xfa, 0x4c, 0xff, 0x00, 0xfa, 0x4c, 0xff, 0x00, 0xfa, 0x4c, 0xff, 0x00, 0xfa, 0x4c, 0xff, 0x00, 0xfa, 0x4c, 0xff, 0x00, 0xfa, 0x4c, 0xff, 0x00, 0xfa, 0x4c, 0xff, 0x00, 0xfa, 0x4c, 0xff, 0x00, 0xfa, 0x4c, 0xff, 0x00, 0xfa, 0x4c, 0xff, 
  0x00, 0xfa, 0x4a, 0xff, 0x00, 0xfa, 0x4a, 0xff, 0x00, 0xfa, 0x4a, 0xff, 0x00, 0xfa, 0x4a, 0xff, 0x00, 0xfa, 0x4a, 0xff, 0x00, 0xfa, 0x4a, 0xff, 0x00, 0xfa, 0x4a, 0xff, 0x00, 0xfa, 0x4a, 0xff, 0x00, 0xfa, 0x4a, 0xff, 0x00, 0xfa, 0x4a, 0xff, 0x00, 0xfa, 0x4a, 0xff, 0x00, 0xfa, 0x4a, 0xff, 0x00, 0xfa, 0x4a, 0xff, 0x00, 0xfa, 0x4a, 0xff, 0x00, 0xfa, 0x4a, 0xff, 0x00, 0xfa, 0x4a, 0xff, 0x00, 0xfa, 0x4a, 0xff, 0x00, 0xfa, 0x4a, 0xff, 
  0x00, 0xfa, 0x49, 0xff, 0x00, 0xfa, 0x49, 0xff, 0x00, 0xfa, 0x49, 0xff, 0x00, 0xfa, 0x49, 0xff, 0x00, 0xfa, 0x49, 0xff, 0x00, 0xfa, 0x49, 0xff, 0x00, 0xfa, 0x49, 0xff, 0x00, 0xfa, 0x49, 0xff, 0x00, 0xfa, 0x49, 0xff, 0x00, 0xfa, 0x49, 0xff, 0x00, 0xfa, 0x49, 0xff, 0x00, 0xfa, 0x49, 0xff, 0x00, 0xfa, 0x49, 0xff, 0x00, 0xfa, 0x49, 0xff, 0x00, 0xfa, 0x49, 0xff, 0x00, 0xfa, 0x49, 0xff, 0x00, 0xfa, 0x49, 0xff, 0x00, 0xfa, 0x49, 0xff, 
  0x00, 0xfa, 0x47, 0xff, 0x00, 0xfa, 0x47, 0xff, 0x00, 0xfa, 0x47, 0xff, 0x00, 0xfa, 0x47, 0xff, 0x00, 0xfa, 0x47, 0xff, 0x00, 0xfa, 0x47, 0xff, 0x00, 0xfa, 0x47, 0xff, 0x00, 0xfa, 0x47, 0xff, 0x00, 0xfa, 0x47, 0xff, 0x00, 0xfa, 0x47, 0xff, 0x00, 0xfa, 0x47, 0xff, 0x00, 0xfa, 0x47, 0xff, 0x00, 0xfa, 0x47, 0xff, 0x00, 0xfa, 0x47, 0xff, 0x00, 0xfa, 0x47, 0xff, 0x00, 0xfa, 0x47, 0xff, 0x00, 0xfa, 0x47, 0xff, 0x00, 0xfa, 0x47, 0xff, 
  0x00, 0xfa, 0x45, 0xff, 0x00, 0xfa, 0x45, 0xff, 0x00, 0xfa, 0x45, 0xff, 0x00, 0xfa, 0x45, 0xff, 0x00, 0xfa, 0x45, 0xff, 0x00, 0xfa, 0x45, 0xff, 0x00, 0xfa, 0x45, 0xff, 0x00, 0xfa, 0x45, 0xff, 0x00, 0xfa, 0x45, 0xff, 0x00, 0xfa, 0x45, 0xff, 0x00, 0xfa, 0x45, 0xff, 0x00, 0xfa, 0x45, 0xff, 0x00, 0xfa, 0x45, 0xff, 0x00, 0xfa, 0x45, 0xff, 0x00, 0xfa, 0x45, 0xff, 0x00, 0xfa, 0x45, 0xff, 0x00, 0xfa, 0x45, 0xff, 0x00, 0xfa, 0x45, 0xff, 
  0x00, 0xfb, 0x43, 0xff, 0x00, 0xfb, 0x43, 0xff, 0x00, 0xfb, 0x43, 0xff, 0x00, 0xfb, 0x43, 0xff, 0x00, 0xfb, 0x43, 0xff, 0x00, 0xfb, 0x43, 0xff, 0x00, 0xfb, 0x43, 0xff, 0x00, 0xfb, 0x43, 0xff, 0x00, 0xfb, 0x43, 0xff, 0x00, 0xfb, 0x43, 0xff, 0x00, 0xfb, 0x43, 0xff, 0x00, 0xfb, 0x43, 0xff, 0x00, 0xfb, 0x43, 0xff, 0x00, 0xfb, 0x43, 0xff, 0x00, 0xfb, 0x43, 0xff, 0x00, 0xfb, 0x43, 0xff, 0x00, 0xfb, 0x43, 0xff, 0x00, 0xfb, 0x43, 0xff, 
  0x00, 0xfb, 0x42, 0xff, 0x00, 0xfb, 0x42, 0xff, 0x00, 0xfb, 0x42, 0xff, 0x00, 0xfb, 0x42, 0xff, 0x00, 0xfb, 0x42, 0xff, 0x00, 0xfb, 0x42, 0xff, 0x00, 0xfb, 0x42, 0xff, 0x00, 0xfb, 0x42, 0xff, 0x00, 0xfb, 0x42, 0xff, 0x00, 0xfb, 0x42, 0xff, 0x00, 0xfb, 0x42, 0xff, 0x00, 0xfb, 0x42, 0xff, 0x00, 0xfb, 0x42, 0xff, 0x00, 0xfb, 0x42, 0xff, 0x00, 0xfb, 0x42, 0xff, 0x00, 0xfb, 0x42, 0xff, 0x00, 0xfb, 0x42, 0xff, 0x00, 0xfb, 0x42, 0xff, 
  0x00, 0xfb, 0x40, 0xff, 0x00, 0xfb, 0x40, 0xff, 0x00, 0xfb, 0x40, 0xff, 0x00, 0xfb, 0x40, 0xff, 0x00, 0xfb, 0x40, 0xff, 0x00, 0xfb, 0x40, 0xff, 0x00, 0xfb, 0x40, 0xff, 0x00, 0xfb, 0x40, 0xff, 0x00, 0xfb, 0x40, 0xff, 0x00, 0xfb, 0x40, 0xff, 0x00, 0xfb, 0x40, 0xff, 0x00, 0xfb, 0x40, 0xff, 0x00, 0xfb, 0x40, 0xff, 0x00, 0xfb, 0x40, 0xff, 0x00, 0xfb, 0x40, 0xff, 0x00, 0xfb, 0x40, 0xff, 0x00, 0xfb, 0x40, 0xff, 0x00, 0xfb, 0x40, 0xff, 
  0x00, 0xfb, 0x3e, 0xff, 0x00, 0xfb, 0x3e, 0xff, 0x00, 0xfb, 0x3e, 0xff, 0x00, 0xfb, 0x3e, 0xff, 0x00, 0xfb, 0x3e, 0xff, 0x00, 0xfb, 0x3e, 0xff, 0x00, 0xfb, 0x3e, 0xff, 0x00, 0xfb, 0x3e, 0xff, 0x00, 0xfb, 0x3e, 0xff, 0x00, 0xfb, 0x3e, 0xff, 0x00, 0xfb, 0x3e, 0xff, 0x00, 0xfb, 0x3e, 0xff, 0x00, 0xfb, 0x3e, 0xff, 0x00, 0xfb, 0x3e, 0xff, 0x00, 0xfb, 0x3e, 0xff, 0x00, 0xfb, 0x3e, 0xff, 0x00, 0xfb, 0x3e, 0xff, 0x00, 0xfb, 0x3e, 0xff, 
  0x00, 0xfb, 0x3c, 0xff, 0x00, 0xfb, 0x3c, 0xff, 0x00, 0xfb, 0x3c, 0xff, 0x00, 0xfb, 0x3c, 0xff, 0x00, 0xfb, 0x3c, 0xff, 0x00, 0xfb, 0x3c, 0xff, 0x00, 0xfb, 0x3c, 0xff, 0x00, 0xfb, 0x3c, 0xff, 0x00, 0xfb, 0x3c, 0xff, 0x00, 0xfb, 0x3c, 0xff, 0x00, 0xfb, 0x3c, 0xff, 0x00, 0xfb, 0x3c, 0xff, 0x00, 0xfb, 0x3c, 0xff, 0x00, 0xfb, 0x3c, 0xff, 0x00, 0xfb, 0x3c, 0xff, 0x00, 0xfb, 0x3c, 0xff, 0x00, 0xfb, 0x3c, 0xff, 0x00, 0xfb, 0x3c, 0xff, 
  0x00, 0xfb, 0x3b, 0xff, 0x00, 0xfb, 0x3b, 0xff, 0x00, 0xfb, 0x3b, 0xff, 0x00, 0xfb, 0x3b, 0xff, 0x00, 0xfb, 0x3b, 0xff, 0x00, 0xfb, 0x3b, 0xff, 0x00, 0xfb, 0x3b, 0xff, 0x00, 0xfb, 0x3b, 0xff, 0x00, 0xfb, 0x3b, 0xff, 0x00, 0xfb, 0x3b, 0xff, 0x00, 0xfb, 0x3b, 0xff, 0x00, 0xfb, 0x3b, 0xff, 0x00, 0xfb, 0x3b, 0xff, 0x00, 0xfb, 0x3b, 0xff, 0x00, 0xfb, 0x3b, 0xff, 0x00, 0xfb, 0x3b, 0xff, 0x00, 0xfb, 0x3b, 0xff, 0x00, 0xfb, 0x3b, 0xff, 
  0x00, 0xfb, 0x39, 0xff, 0x00, 0xfb, 0x39, 0xff, 0x00, 0xfb, 0x39, 0xff, 0x00, 0xfb, 0x39, 0xff, 0x00, 0xfb, 0x39, 0xff, 0x00, 0xfb, 0x39, 0xff, 0x00, 0xfb, 0x39, 0xff, 0x00, 0xfb, 0x39, 0xff, 0x00, 0xfb, 0x39, 0xff, 0x00, 0xfb, 0x39, 0xff, 0x00, 0xfb, 0x39, 0xff, 0x00, 0xfb, 0x39, 0xff, 0x00, 0xfb, 0x39, 0xff, 0x00, 0xfb, 0x39, 0xff, 0x00, 0xfb, 0x39, 0xff, 0x00, 0xfb, 0x39, 0xff, 0x00, 0xfb, 0x39, 0xff, 0x00, 0xfb, 0x39, 0xff, 
  0x00, 0xfb, 0x37, 0xff, 0x00, 0xfb, 0x37, 0xff, 0x00, 0xfb, 0x37, 0xff, 0x00, 0xfb, 0x37, 0xff, 0x00, 0xfb, 0x37, 0xff, 0x00, 0xfb, 0x37, 0xff, 0x00, 0xfb, 0x37, 0xff, 0x00, 0xfb, 0x37, 0xff, 0x00, 0xfb, 0x37, 0xff, 0x00, 0xfb, 0x37, 0xff, 0x00, 0xfb, 0x37, 0xff, 0x00, 0xfb, 0x37, 0xff, 0x00, 0xfb, 0x37, 0xff, 0x00, 0xfb, 0x37, 0xff, 0x00, 0xfb, 0x37, 0xff, 0x00, 0xfb, 0x37, 0xff, 0x00, 0xfb, 0x37, 0xff, 0x00, 0xfb, 0x37, 0xff, 
  0x00, 0xfb, 0x35, 0xff, 0x00, 0xfb, 0x35, 0xff, 0x00, 0xfb, 0x35, 0xff, 0x00, 0xfb, 0x35, 0xff, 0x00, 0xfb, 0x35, 0xff, 0x00, 0xfb, 0x35, 0xff, 0x00, 0xfb, 0x35, 0xff, 0x00, 0xfb, 0x35, 0xff, 0x00, 0xfb, 0x35, 0xff, 0x00, 0xfb, 0x35, 0xff, 0x00, 0xfb, 0x35, 0xff, 0x00, 0xfb, 0x35, 0xff, 0x00, 0xfb, 0x35, 0xff, 0x00, 0xfb, 0x35, 0xff, 0x00, 0xfb, 0x35, 0xff, 0x00, 0xfb, 0x35, 0xff, 0x00, 0xfb, 0x35, 0xff, 0x00, 0xfb, 0x35, 0xff, 
  0x00, 0xfc, 0x33, 0xff, 0x00, 0xfc, 0x33, 0xff, 0x00, 0xfc, 0x33, 0xff, 0x00, 0xfc, 0x33, 0xff, 0x00, 0xfc, 0x33, 0xff, 0x00, 0xfc, 0x33, 0xff, 0x00, 0xfc, 0x33, 0xff, 0x00, 0xfc, 0x33, 0xff, 0x00, 0xfc, 0x33, 0xff, 0x00, 0xfc, 0x33, 0xff, 0x00, 0xfc, 0x33, 0xff, 0x00, 0xfc, 0x33, 0xff, 0x00, 0xfc, 0x33, 0xff, 0x00, 0xfc, 0x33, 0xff, 0x00, 0xfc, 0x33, 0xff, 0x00, 0xfc, 0x33, 0xff, 0x00, 0xfc, 0x33, 0xff, 0x00, 0xfc, 0x33, 0xff, 
  0x00, 0xfc, 0x32, 0xff, 0x00, 0xfc, 0x32, 0xff, 0x00, 0xfc, 0x32, 0xff, 0x00, 0xfc, 0x32, 0xff, 0x00, 0xfc, 0x32, 0xff, 0x00, 0xfc, 0x32, 0xff, 0x00, 0xfc, 0x32, 0xff, 0x00, 0xfc, 0x32, 0xff, 0x00, 0xfc, 0x32, 0xff, 0x00, 0xfc, 0x32, 0xff, 0x00, 0xfc, 0x32, 0xff, 0x00, 0xfc, 0x32, 0xff, 0x00, 0xfc, 0x32, 0xff, 0x00, 0xfc, 0x32, 0xff, 0x00, 0xfc, 0x32, 0xff, 0x00, 0xfc, 0x32, 0xff, 0x00, 0xfc, 0x32, 0xff, 0x00, 0xfc, 0x32, 0xff, 
  0x00, 0xfc, 0x30, 0xff, 0x00, 0xfc, 0x30, 0xff, 0x00, 0xfc, 0x30, 0xff, 0x00, 0xfc, 0x30, 0xff, 0x00, 0xfc, 0x30, 0xff, 0x00, 0xfc, 0x30, 0xff, 0x00, 0xfc, 0x30, 0xff, 0x00, 0xfc, 0x30, 0xff, 0x00, 0xfc, 0x30, 0xff, 0x00, 0xfc, 0x30, 0xff, 0x00, 0xfc, 0x30, 0xff, 0x00, 0xfc, 0x30, 0xff, 0x00, 0xfc, 0x30, 0xff, 0x00, 0xfc, 0x30, 0xff, 0x00, 0xfc, 0x30, 0xff, 0x00, 0xfc, 0x30, 0xff, 0x00, 0xfc, 0x30, 0xff, 0x00, 0xfc, 0x30, 0xff, 
  0x00, 0xfc, 0x2e, 0xff, 0x00, 0xfc, 0x2e, 0xff, 0x00, 0xfc, 0x2e, 0xff, 0x00, 0xfc, 0x2e, 0xff, 0x00, 0xfc, 0x2e, 0xff, 0x00, 0xfc, 0x2e, 0xff, 0x00, 0xfc, 0x2e, 0xff, 0x00, 0xfc, 0x2e, 0xff, 0x00, 0xfc, 0x2e, 0xff, 0x00, 0xfc, 0x2e, 0xff, 0x00, 0xfc, 0x2e, 0xff, 0x00, 0xfc, 0x2e, 0xff, 0x00, 0xfc, 0x2e, 0xff, 0x00, 0xfc, 0x2e, 0xff, 0x00, 0xfc, 0x2e, 0xff, 0x00, 0xfc, 0x2e, 0xff, 0x00, 0xfc, 0x2e, 0xff, 0x00, 0xfc, 0x2e, 0xff, 
  0x00, 0xfc, 0x2c, 0xff, 0x00, 0xfc, 0x2c, 0xff, 0x00, 0xfc, 0x2c, 0xff, 0x00, 0xfc, 0x2c, 0xff, 0x00, 0xfc, 0x2c, 0xff, 0x00, 0xfc, 0x2c, 0xff, 0x00, 0xfc, 0x2c, 0xff, 0x00, 0xfc, 0x2c, 0xff, 0x00, 0xfc, 0x2c, 0xff, 0x00, 0xfc, 0x2c, 0xff, 0x00, 0xfc, 0x2c, 0xff, 0x00, 0xfc, 0x2c, 0xff, 0x00, 0xfc, 0x2c, 0xff, 0x00, 0xfc, 0x2c, 0xff, 0x00, 0xfc, 0x2c, 0xff, 0x00, 0xfc, 0x2c, 0xff, 0x00, 0xfc, 0x2c, 0xff, 0x00, 0xfc, 0x2c, 0xff, 
  0x00, 0xfc, 0x2b, 0xff, 0x00, 0xfc, 0x2b, 0xff, 0x00, 0xfc, 0x2b, 0xff, 0x00, 0xfc, 0x2b, 0xff, 0x00, 0xfc, 0x2b, 0xff, 0x00, 0xfc, 0x2b, 0xff, 0x00, 0xfc, 0x2b, 0xff, 0x00, 0xfc, 0x2b, 0xff, 0x00, 0xfc, 0x2b, 0xff, 0x00, 0xfc, 0x2b, 0xff, 0x00, 0xfc, 0x2b, 0xff, 0x00, 0xfc, 0x2b, 0xff, 0x00, 0xfc, 0x2b, 0xff, 0x00, 0xfc, 0x2b, 0xff, 0x00, 0xfc, 0x2b, 0xff, 0x00, 0xfc, 0x2b, 0xff, 0x00, 0xfc, 0x2b, 0xff, 0x00, 0xfc, 0x2b, 0xff, 
  0x00, 0xfc, 0x29, 0xff, 0x00, 0xfc, 0x29, 0xff, 0x00, 0xfc, 0x29, 0xff, 0x00, 0xfc, 0x29, 0xff, 0x00, 0xfc, 0x29, 0xff, 0x00, 0xfc, 0x29, 0xff, 0x00, 0xfc, 0x29, 0xff, 0x00, 0xfc, 0x29, 0xff, 0x00, 0xfc, 0x29, 0xff, 0x00, 0xfc, 0x29, 0xff, 0x00, 0xfc, 0x29, 0xff, 0x00, 0xfc, 0x29, 0xff, 0x00, 0xfc, 0x29, 0xff, 0x00, 0xfc, 0x29, 0xff, 0x00, 0xfc, 0x29, 0xff, 0x00, 0xfc, 0x29, 0xff, 0x00, 0xfc, 0x29, 0xff, 0x00, 0xfc, 0x29, 0xff, 
  0x00, 0xfc, 0x27, 0xff, 0x00, 0xfc, 0x27, 0xff, 0x00, 0xfc, 0x27, 0xff, 0x00, 0xfc, 0x27, 0xff, 0x00, 0xfc, 0x27, 0xff, 0x00, 0xfc, 0x27, 0xff, 0x00, 0xfc, 0x27, 0xff, 0x00, 0xfc, 0x27, 0xff, 0x00, 0xfc, 0x27, 0xff, 0x00, 0xfc, 0x27, 0xff, 0x00, 0xfc, 0x27, 0xff, 0x00, 0xfc, 0x27, 0xff, 0x00, 0xfc, 0x27, 0xff, 0x00, 0xfc, 0x27, 0xff, 0x00, 0xfc, 0x27, 0xff, 0x00, 0xfc, 0x27, 0xff, 0x00, 0xfc, 0x27, 0xff, 0x00, 0xfc, 0x27, 0xff, 
  0x00, 0xfc, 0x25, 0xff, 0x00, 0xfc, 0x25, 0xff, 0x00, 0xfc, 0x25, 0xff, 0x00, 0xfc, 0x25, 0xff, 0x00, 0xfc, 0x25, 0xff, 0x00, 0xfc, 0x25, 0xff, 0x00, 0xfc, 0x25, 0xff, 0x00, 0xfc, 0x25, 0xff, 0x00, 0xfc, 0x25, 0xff, 0x00, 0xfc, 0x25, 0xff, 0x00, 0xfc, 0x25, 0xff, 0x00, 0xfc, 0x25, 0xff, 0x00, 0xfc, 0x25, 0xff, 0x00, 0xfc, 0x25, 0xff, 0x00, 0xfc, 0x25, 0xff, 0x00, 0xfc, 0x25, 0xff, 0x00, 0xfc, 0x25, 0xff, 0x00, 0xfc, 0x25, 0xff, 
  0x00, 0xfc, 0x24, 0xff, 0x00, 0xfc, 0x24, 0xff, 0x00, 0xfc, 0x24, 0xff, 0x00, 0xfc, 0x24, 0xff, 0x00, 0xfc, 0x24, 0xff, 0x00, 0xfc, 0x24, 0xff, 0x00, 0xfc, 0x24, 0xff, 0x00, 0xfc, 0x24, 0xff, 0x00, 0xfc, 0x24, 0xff, 0x00, 0xfc, 0x24, 0xff, 0x00, 0xfc, 0x24, 0xff, 0x00, 0xfc, 0x24, 0xff, 0x00, 0xfc, 0x24, 0xff, 0x00, 0xfc, 0x24, 0xff, 0x00, 0xfc, 0x24, 0xff, 0x00, 0xfc, 0x24, 0xff, 0x00, 0xfc, 0x24, 0xff, 0x00, 0xfc, 0x24, 0xff, 
  0x00, 0xfd, 0x22, 0xff, 0x00, 0xfd, 0x22, 0xff, 0x00, 0xfd, 0x22, 0xff, 0x00, 0xfd, 0x22, 0xff, 0x00, 0xfd, 0x22, 0xff, 0x00, 0xfd, 0x22, 0xff, 0x00, 0xfd, 0x22, 0xff, 0x00, 0xfd, 0x22, 0xff, 0x00, 0xfd, 0x22, 0xff, 0x00, 0xfd, 0x22, 0xff, 0x00, 0xfd, 0x22, 0xff, 0x00, 0xfd, 0x22, 0xff, 0x00, 0xfd, 0x22, 0xff, 0x00, 0xfd, 0x22, 0xff, 0x00, 0xfd, 0x22, 0xff, 0x00, 0xfd, 0x22, 0xff, 0x00, 0xfd, 0x22, 0xff, 0x00, 0xfd, 0x22, 0xff, 
  0x00, 0xfd, 0x20, 0xff, 0x00, 0xfd, 0x20, 0xff, 0x00, 0xfd, 0x20, 0xff, 0x00, 0xfd, 0x20, 0xff, 0x00, 0xfd, 0x20, 0xff, 0x00, 0xfd, 0x20, 0xff, 0x00, 0xfd, 0x20, 0xff, 0x00, 0xfd, 0x20, 0xff, 0x00, 0xfd, 0x20, 0xff, 0x00, 0xfd, 0x20, 0xff, 0x00, 0xfd, 0x20, 0xff, 0x00, 0xfd, 0x20, 0xff, 0x00, 0xfd, 0x20, 0xff, 0x00, 0xfd, 0x20, 0xff, 0x00, 0xfd, 0x20, 0xff, 0x00, 0xfd, 0x20, 0xff, 0x00, 0xfd, 0x20, 0xff, 0x00, 0xfd, 0x20, 0xff, 
  0x00, 0xfd, 0x1e, 0xff, 0x00, 0xfd, 0x1e, 0xff, 0x00, 0xfd, 0x1e, 0xff, 0x00, 0xfd, 0x1e, 0xff, 0x00, 0xfd, 0x1e, 0xff, 0x00, 0xfd, 0x1e, 0xff, 0x00, 0xfd, 0x1e, 0xff, 0x00, 0xfd, 0x1e, 0xff, 0x00, 0xfd, 0x1e, 0xff, 0x00, 0xfd, 0x1e, 0xff, 0x00, 0xfd, 0x1e, 0xff, 0x00, 0xfd, 0x1e, 0xff, 0x00, 0xfd, 0x1e, 0xff, 0x00, 0xfd, 0x1e, 0xff, 0x00, 0xfd, 0x1e, 0xff, 0x00, 0xfd, 0x1e, 0xff, 0x00, 0xfd, 0x1e, 0xff, 0x00, 0xfd, 0x1e, 0xff, 
  0x00, 0xfd, 0x1d, 0xff, 0x00, 0xfd, 0x1d, 0xff, 0x00, 0xfd, 0x1d, 0xff, 0x00, 0xfd, 0x1d, 0xff, 0x00, 0xfd, 0x1d, 0xff, 0x00, 0xfd, 0x1d, 0xff, 0x00, 0xfd, 0x1d, 0xff, 0x00, 0xfd, 0x1d, 0xff, 0x00, 0xfd, 0x1d, 0xff, 0x00, 0xfd, 0x1d, 0xff, 0x00, 0xfd, 0x1d, 0xff, 0x00, 0xfd, 0x1d, 0xff, 0x00, 0xfd, 0x1d, 0xff, 0x00, 0xfd, 0x1d, 0xff, 0x00, 0xfd, 0x1d, 0xff, 0x00, 0xfd, 0x1d, 0xff, 0x00, 0xfd, 0x1d, 0xff, 0x00, 0xfd, 0x1d, 0xff, 
  0x00, 0xfd, 0x1b, 0xff, 0x00, 0xfd, 0x1b, 0xff, 0x00, 0xfd, 0x1b, 0xff, 0x00, 0xfd, 0x1b, 0xff, 0x00, 0xfd, 0x1b, 0xff, 0x00, 0xfd, 0x1b, 0xff, 0x00, 0xfd, 0x1b, 0xff, 0x00, 0xfd, 0x1b, 0xff, 0x00, 0xfd, 0x1b, 0xff, 0x00, 0xfd, 0x1b, 0xff, 0x00, 0xfd, 0x1b, 0xff, 0x00, 0xfd, 0x1b, 0xff, 0x00, 0xfd, 0x1b, 0xff, 0x00, 0xfd, 0x1b, 0xff, 0x00, 0xfd, 0x1b, 0xff, 0x00, 0xfd, 0x1b, 0xff, 0x00, 0xfd, 0x1b, 0xff, 0x00, 0xfd, 0x1b, 0xff, 
  0x00, 0xfd, 0x19, 0xff, 0x00, 0xfd, 0x19, 0xff, 0x00, 0xfd, 0x19, 0xff, 0x00, 0xfd, 0x19, 0xff, 0x00, 0xfd, 0x19, 0xff, 0x00, 0xfd, 0x19, 0xff, 0x00, 0xfd, 0x19, 0xff, 0x00, 0xfd, 0x19, 0xff, 0x00, 0xfd, 0x19, 0xff, 0x00, 0xfd, 0x19, 0xff, 0x00, 0xfd, 0x19, 0xff, 0x00, 0xfd, 0x19, 0xff, 0x00, 0xfd, 0x19, 0xff, 0x00, 0xfd, 0x19, 0xff, 0x00, 0xfd, 0x19, 0xff, 0x00, 0xfd, 0x19, 0xff, 0x00, 0xfd, 0x19, 0xff, 0x00, 0xfd, 0x19, 0xff, 
  0x00, 0xfd, 0x17, 0xff, 0x00, 0xfd, 0x17, 0xff, 0x00, 0xfd, 0x17, 0xff, 0x00, 0xfd, 0x17, 0xff, 0x00, 0xfd, 0x17, 0xff, 0x00, 0xfd, 0x17, 0xff, 0x00, 0xfd, 0x17, 0xff, 0x00, 0xfd, 0x17, 0xff, 0x00, 0xfd, 0x17, 0xff, 0x00, 0xfd, 0x17, 0xff, 0x00, 0xfd, 0x17, 0xff, 0x00, 0xfd, 0x17, 0xff, 0x00, 0xfd, 0x17, 0xff, 0x00, 0xfd, 0x17, 0xff, 0x00, 0xfd, 0x17, 0xff, 0x00, 0xfd, 0x17, 0xff, 0x00, 0xfd, 0x17, 0xff, 0x00, 0xfd, 0x17, 0xff, 
  0x00, 0xfd, 0x16, 0xff, 0x00, 0xfd, 0x16, 0xff, 0x00, 0xfd, 0x16, 0xff, 0x00, 0xfd, 0x16, 0xff, 0x00, 0xfd, 0x16, 0xff, 0x00, 0xfd, 0x16, 0xff, 0x00, 0xfd, 0x16, 0xff, 0x00, 0xfd, 0x16, 0xff, 0x00, 0xfd, 0x16, 0xff, 0x00, 0xfd, 0x16, 0xff, 0x00, 0xfd, 0x16, 0xff, 0x00, 0xfd, 0x16, 0xff, 0x00, 0xfd, 0x16, 0xff, 0x00, 0xfd, 0x16, 0xff, 0x00, 0xfd, 0x16, 0xff, 0x00, 0xfd, 0x16, 0xff, 0x00, 0xfd, 0x16, 0xff, 0x00, 0xfd, 0x16, 0xff, 
  0x00, 0xfd, 0x14, 0xff, 0x00, 0xfd, 0x14, 0xff, 0x00, 0xfd, 0x14, 0xff, 0x00, 0xfd, 0x14, 0xff, 0x00, 0xfd, 0x14, 0xff, 0x00, 0xfd, 0x14, 0xff, 0x00, 0xfd, 0x14, 0xff, 0x00, 0xfd, 0x14, 0xff, 0x00, 0xfd, 0x14, 0xff, 0x00, 0xfd, 0x14, 0xff, 0x00, 0xfd, 0x14, 0xff, 0x00, 0xfd, 0x14, 0xff, 0x00, 0xfd, 0x14, 0xff, 0x00, 0xfd, 0x14, 0xff, 0x00, 0xfd, 0x14, 0xff, 0x00, 0xfd, 0x14, 0xff, 0x00, 0xfd, 0x14, 0xff, 0x00, 0xfd, 0x14, 0xff, 
  0x00, 0xfd, 0x12, 0xff, 0x00, 0xfd, 0x12, 0xff, 0x00, 0xfd, 0x12, 0xff, 0x00, 0xfd, 0x12, 0xff, 0x00, 0xfd, 0x12, 0xff, 0x00, 0xfd, 0x12, 0xff, 0x00, 0xfd, 0x12, 0xff, 0x00, 0xfd, 0x12, 0xff, 0x00, 0xfd, 0x12, 0xff, 0x00, 0xfd, 0x12, 0xff, 0x00, 0xfd, 0x12, 0xff, 0x00, 0xfd, 0x12, 0xff, 0x00, 0xfd, 0x12, 0xff, 0x00, 0xfd, 0x12, 0xff, 0x00, 0xfd, 0x12, 0xff, 0x00, 0xfd, 0x12, 0xff, 0x00, 0xfd, 0x12, 0xff, 0x00, 0xfd, 0x12, 0xff, 
  0x00, 0xfe, 0x10, 0xff, 0x00, 0xfe, 0x10, 0xff, 0x00, 0xfe, 0x10, 0xff, 0x00, 0xfe, 0x10, 0xff, 0x00, 0xfe, 0x10, 0xff, 0x00, 0xfe, 0x10, 0xff, 0x00, 0xfe, 0x10, 0xff, 0x00, 0xfe, 0x10, 0xff, 0x00, 0xfe, 0x10, 0xff, 0x00, 0xfe, 0x10, 0xff, 0x00, 0xfe, 0x10, 0xff, 0x00, 0xfe, 0x10, 0xff, 0x00, 0xfe, 0x10, 0xff, 0x00, 0xfe, 0x10, 0xff, 0x00, 0xfe, 0x10, 0xff, 0x00, 0xfe, 0x10, 0xff, 0x00, 0xfe, 0x10, 0xff, 0x00, 0xfe, 0x10, 0xff, 
  0x00, 0xfe, 0x0f, 0xff, 0x00, 0xfe, 0x0f, 0xff, 0x00, 0xfe, 0x0f, 0xff, 0x00, 0xfe, 0x0f, 0xff, 0x00, 0xfe, 0x0f, 0xff, 0x00, 0xfe, 0x0f, 0xff, 0x00, 0xfe, 0x0f, 0xff, 0x00, 0xfe, 0x0f, 0xff, 0x00, 0xfe, 0x0f, 0xff, 0x00, 0xfe, 0x0f, 0xff, 0x00, 0xfe, 0x0f, 0xff, 0x00, 0xfe, 0x0f, 0xff, 0x00, 0xfe, 0x0f, 0xff, 0x00, 0xfe, 0x0f, 0xff, 0x00, 0xfe, 0x0f, 0xff, 0x00, 0xfe, 0x0f, 0xff, 0x00, 0xfe, 0x0f, 0xff, 0x00, 0xfe, 0x0f, 0xff, 
  0x00, 0xfe, 0x0d, 0xff, 0x00, 0xfe, 0x0d, 0xff, 0x00, 0xfe, 0x0d, 0xff, 0x00, 0xfe, 0x0d, 0xff, 0x00, 0xfe, 0x0d, 0xff, 0x00, 0xfe, 0x0d, 0xff, 0x00, 0xfe, 0x0d, 0xff, 0x00, 0xfe, 0x0d, 0xff, 0x00, 0xfe, 0x0d, 0xff, 0x00, 0xfe, 0x0d, 0xff, 0x00, 0xfe, 0x0d, 0xff, 0x00, 0xfe, 0x0d, 0xff, 0x00, 0xfe, 0x0d, 0xff, 0x00, 0xfe, 0x0d, 0xff, 0x00, 0xfe, 0x0d, 0xff, 0x00, 0xfe, 0x0d, 0xff, 0x00, 0xfe, 0x0d, 0xff, 0x00, 0xfe, 0x0d, 0xff, 
  0x00, 0xfe, 0x0b, 0xff, 0x00, 0xfe, 0x0b, 0xff, 0x00, 0xfe, 0x0b, 0xff, 0x00, 0xfe, 0x0b, 0xff, 0x00, 0xfe, 0x0b, 0xff, 0x00, 0xfe, 0x0b, 0xff, 0x00, 0xfe, 0x0b, 0xff, 0x00, 0xfe, 0x0b, 0xff, 0x00, 0xfe, 0x0b, 0xff, 0x00, 0xfe, 0x0b, 0xff, 0x00, 0xfe, 0x0b, 0xff, 0x00, 0xfe, 0x0b, 0xff, 0x00, 0xfe, 0x0b, 0xff, 0x00, 0xfe, 0x0b, 0xff, 0x00, 0xfe, 0x0b, 0xff, 0x00, 0xfe, 0x0b, 0xff, 0x00, 0xfe, 0x0b, 0xff, 0x00, 0xfe, 0x0b, 0xff, 
  0x00, 0xfe, 0x09, 0xff, 0x00, 0xfe, 0x09, 0xff, 0x00, 0xfe, 0x09, 0xff, 0x00, 0xfe, 0x09, 0xff, 0x00, 0xfe, 0x09, 0xff, 0x00, 0xfe, 0x09, 0xff, 0x00, 0xfe, 0x09, 0xff, 0x00, 0xfe, 0x09, 0xff, 0x00, 0xfe, 0x09, 0xff, 0x00, 0xfe, 0x09, 0xff, 0x00, 0xfe, 0x09, 0xff, 0x00, 0xfe, 0x09, 0xff, 0x00, 0xfe, 0x09, 0xff, 0x00, 0xfe, 0x09, 0xff, 0x00, 0xfe, 0x09, 0xff, 0x00, 0xfe, 0x09, 0xff, 0x00, 0xfe, 0x09, 0xff, 0x00, 0xfe, 0x09, 0xff, 
  0x00, 0xfe, 0x08, 0xff, 0x00, 0xfe, 0x08, 0xff, 0x00, 0xfe, 0x08, 0xff, 0x00, 0xfe, 0x08, 0xff, 0x00, 0xfe, 0x08, 0xff, 0x00, 0xfe, 0x08, 0xff, 0x00, 0xfe, 0x08, 0xff, 0x00, 0xfe, 0x08, 0xff, 0x00, 0xfe, 0x08, 0xff, 0x00, 0xfe, 0x08, 0xff, 0x00, 0xfe, 0x08, 0xff, 0x00, 0xfe, 0x08, 0xff, 0x00, 0xfe, 0x08, 0xff, 0x00, 0xfe, 0x08, 0xff, 0x00, 0xfe, 0x08, 0xff, 0x00, 0xfe, 0x08, 0xff, 0x00, 0xfe, 0x08, 0xff, 0x00, 0xfe, 0x08, 0xff, 
  0x00, 0xfe, 0x06, 0xff, 0x00, 0xfe, 0x06, 0xff, 0x00, 0xfe, 0x06, 0xff, 0x00, 0xfe, 0x06, 0xff, 0x00, 0xfe, 0x06, 0xff, 0x00, 0xfe, 0x06, 0xff, 0x00, 0xfe, 0x06, 0xff, 0x00, 0xfe, 0x06, 0xff, 0x00, 0xfe, 0x06, 0xff, 0x00, 0xfe, 0x06, 0xff, 0x00, 0xfe, 0x06, 0xff, 0x00, 0xfe, 0x06, 0xff, 0x00, 0xfe, 0x06, 0xff, 0x00, 0xfe, 0x06, 0xff, 0x00, 0xfe, 0x06, 0xff, 0x00, 0xfe, 0x06, 0xff, 0x00, 0xfe, 0x06, 0xff, 0x00, 0xfe, 0x06, 0xff, 
  0x00, 0xfe, 0x04, 0xff, 0x00, 0xfe, 0x04, 0xff, 0x00, 0xfe, 0x04, 0xff, 0x00, 0xfe, 0x04, 0xff, 0x00, 0xfe, 0x04, 0xff, 0x00, 0xfe, 0x04, 0xff, 0x00, 0xfe, 0x04, 0xff, 0x00, 0xfe, 0x04, 0xff, 0x00, 0xfe, 0x04, 0xff, 0x00, 0xfe, 0x04, 0xff, 0x00, 0xfe, 0x04, 0xff, 0x00, 0xfe, 0x04, 0xff, 0x00, 0xfe, 0x04, 0xff, 0x00, 0xfe, 0x04, 0xff, 0x00, 0xfe, 0x04, 0xff, 0x00, 0xfe, 0x04, 0xff, 0x00, 0xfe, 0x04, 0xff, 0x00, 0xfe, 0x04, 0xff, 
  0x00, 0xfe, 0x02, 0xff, 0x00, 0xfe, 0x02, 0xff, 0x00, 0xfe, 0x02, 0xff, 0x00, 0xfe, 0x02, 0xff, 0x00, 0xfe, 0x02, 0xff, 0x00, 0xfe, 0x02, 0xff, 0x00, 0xfe, 0x02, 0xff, 0x00, 0xfe, 0x02, 0xff, 0x00, 0xfe, 0x02, 0xff, 0x00, 0xfe, 0x02, 0xff, 0x00, 0xfe, 0x02, 0xff, 0x00, 0xfe, 0x02, 0xff, 0x00, 0xfe, 0x02, 0xff, 0x00, 0xfe, 0x02, 0xff, 0x00, 0xfe, 0x02, 0xff, 0x00, 0xfe, 0x02, 0xff, 0x00, 0xfe, 0x02, 0xff, 0x00, 0xfe, 0x02, 0xff, 
  0x00, 0xff, 0x00, 0xff, 0x00, 0xff, 0x00, 0xff, 0x00, 0xff, 0x00, 0xff, 0x00, 0xff, 0x00, 0xff, 0x00, 0xff, 0x00, 0xff, 0x00, 0xff, 0x00, 0xff, 0x00, 0xff, 0x00, 0xff, 0x00, 0xff, 0x00, 0xff, 0x00, 0xff, 0x00, 0xff, 0x00, 0xff, 0x00, 0xff, 0x00, 0xff, 0x00, 0xff, 0x00, 0xff, 0x00, 0xff, 0x00, 0xff, 0x00, 0xff, 0x00, 0xff, 0x00, 0xff, 0x00, 0xff, 0x00, 0xff, 0x00, 0xff, 0x00, 0xff, 0x00, 0xff, 0x00, 0xff, 0x00, 0xff, 0x00, 0xff, 
  0x00, 0xff, 0x00, 0xff, 0x00, 0xff, 0x00, 0xff, 0x00, 0xff, 0x00, 0xff, 0x00, 0xff, 0x00, 0xff, 0x00, 0xff, 0x00, 0xff, 0x00, 0xff, 0x00, 0xff, 0x00, 0xff, 0x00, 0xff, 0x00, 0xff, 0x00, 0xff, 0x00, 0xff, 0x00, 0xff, 0x00, 0xff, 0x00, 0xff, 0x00, 0xff, 0x00, 0xff, 0x00, 0xff, 0x00, 0xff, 0x00, 0xff, 0x00, 0xff, 0x00, 0xff, 0x00, 0xff, 0x00, 0xff, 0x00, 0xff, 0x00, 0xff, 0x00, 0xff, 0x00, 0xff, 0x00, 0xff, 0x00, 0xff, 0x00, 0xff, 
  0x00, 0xff, 0x00, 0xff, 0x00, 0xff, 0x00, 0xff, 0x00, 0xff, 0x00, 0xff, 0x00, 0xff, 0x00, 0xff, 0x00, 0xff, 0x00, 0xff, 0x00, 0xff, 0x00, 0xff, 0x00, 0xff, 0x00, 0xff, 0x00, 0xff, 0x00, 0xff, 0x00, 0xff, 0x00, 0xff, 0x00, 0xff, 0x00, 0xff, 0x00, 0xff, 0x00, 0xff, 0x00, 0xff, 0x00, 0xff, 0x00, 0xff, 0x00, 0xff, 0x00, 0xff, 0x00, 0xff, 0x00, 0xff, 0x00, 0xff, 0x00, 0xff, 0x00, 0xff, 0x00, 0xff, 0x00, 0xff, 0x00, 0xff, 0x00, 0xff, 
  0x00, 0xff, 0x00, 0xff, 0x00, 0xff, 0x00, 0xff, 0x00, 0xff, 0x00, 0xff, 0x00, 0xff, 0x00, 0xff, 0x00, 0xff, 0x00, 0xff, 0x00, 0xff, 0x00, 0xff, 0x00, 0xff, 0x00, 0xff, 0x00, 0xff, 0x00, 0xff, 0x00, 0xff, 0x00, 0xff, 0x00, 0xff, 0x00, 0xff, 0x00, 0xff, 0x00, 0xff, 0x00, 0xff, 0x00, 0xff, 0x00, 0xff, 0x00, 0xff, 0x00, 0xff, 0x00, 0xff, 0x00, 0xff, 0x00, 0xff, 0x00, 0xff, 0x00, 0xff, 0x00, 0xff, 0x00, 0xff, 0x00, 0xff, 0x00, 0xff, 
  0x00, 0xff, 0x00, 0xff, 0x00, 0xff, 0x00, 0xff, 0x00, 0xff, 0x00, 0xff, 0x00, 0xff, 0x00, 0xff, 0x00, 0xff, 0x00, 0xff, 0x00, 0xff, 0x00, 0xff, 0x00, 0xff, 0x00, 0xff, 0x00, 0xff, 0x00, 0xff, 0x00, 0xff, 0x00, 0xff, 0x00, 0xff, 0x00, 0xff, 0x00, 0xff, 0x00, 0xff, 0x00, 0xff, 0x00, 0xff, 0x00, 0xff, 0x00, 0xff, 0x00, 0xff, 0x00, 0xff, 0x00, 0xff, 0x00, 0xff, 0x00, 0xff, 0x00, 0xff, 0x00, 0xff, 0x00, 0xff, 0x00, 0xff, 0x00, 0xff, 
  0x00, 0xff, 0x00, 0xff, 0x00, 0xff, 0x00, 0xff, 0x00, 0xff, 0x00, 0xff, 0x00, 0xff, 0x00, 0xff, 0x00, 0xff, 0x00, 0xff, 0x00, 0xff, 0x00, 0xff, 0x00, 0xff, 0x00, 0xff, 0x00, 0xff, 0x00, 0xff, 0x00, 0xff, 0x00, 0xff, 0x00, 0xff, 0x00, 0xff, 0x00, 0xff, 0x00, 0xff, 0x00, 0xff, 0x00, 0xff, 0x00, 0xff, 0x00, 0xff, 0x00, 0xff, 0x00, 0xff, 0x00, 0xff, 0x00, 0xff, 0x00, 0xff, 0x00, 0xff, 0x00, 0xff, 0x00, 0xff, 0x00, 0xff, 0x00, 0xff, 
  0x00, 0xff, 0x00, 0xff, 0x00, 0xff, 0x00, 0xff, 0x00, 0xff, 0x00, 0xff, 0x00, 0xff, 0x00, 0xff, 0x00, 0xff, 0x00, 0xff, 0x00, 0xff, 0x00, 0xff, 0x00, 0xff, 0x00, 0xff, 0x00, 0xff, 0x00, 0xff, 0x00, 0xff, 0x00, 0xff, 0x00, 0xff, 0x00, 0xff, 0x00, 0xff, 0x00, 0xff, 0x00, 0xff, 0x00, 0xff, 0x00, 0xff, 0x00, 0xff, 0x00, 0xff, 0x00, 0xff, 0x00, 0xff, 0x00, 0xff, 0x00, 0xff, 0x00, 0xff, 0x00, 0xff, 0x00, 0xff, 0x00, 0xff, 0x00, 0xff, 
  0x00, 0xff, 0x00, 0xff, 0x00, 0xff, 0x00, 0xff, 0x00, 0xff, 0x00, 0xff, 0x00, 0xff, 0x00, 0xff, 0x00, 0xff, 0x00, 0xff, 0x00, 0xff, 0x00, 0xff, 0x00, 0xff, 0x00, 0xff, 0x00, 0xff, 0x00, 0xff, 0x00, 0xff, 0x00, 0xff, 0x00, 0xff, 0x00, 0xff, 0x00, 0xff, 0x00, 0xff, 0x00, 0xff, 0x00, 0xff, 0x00, 0xff, 0x00, 0xff, 0x00, 0xff, 0x00, 0xff, 0x00, 0xff, 0x00, 0xff, 0x00, 0xff, 0x00, 0xff, 0x00, 0xff, 0x00, 0xff, 0x00, 0xff, 0x00, 0xff, 
  0x00, 0xff, 0x00, 0xff, 0x00, 0xff, 0x00, 0xff, 0x00, 0xff, 0x00, 0xff, 0x00, 0xff, 0x00, 0xff, 0x00, 0xff, 0x00, 0xff, 0x00, 0xff, 0x00, 0xff, 0x00, 0xff, 0x00, 0xff, 0x00, 0xff, 0x00, 0xff, 0x00, 0xff, 0x00, 0xff, 0x00, 0xff, 0x00, 0xff, 0x00, 0xff, 0x00, 0xff, 0x00, 0xff, 0x00, 0xff, 0x00, 0xff, 0x00, 0xff, 0x00, 0xff, 0x00, 0xff, 0x00, 0xff, 0x00, 0xff, 0x00, 0xff, 0x00, 0xff, 0x00, 0xff, 0x00, 0xff, 0x00, 0xff, 0x00, 0xff, 
  0x00, 0xff, 0x00, 0xff, 0x00, 0xff, 0x00, 0xff, 0x00, 0xff, 0x00, 0xff, 0x00, 0xff, 0x00, 0xff, 0x00, 0xff, 0x00, 0xff, 0x00, 0xff, 0x00, 0xff, 0x00, 0xff, 0x00, 0xff, 0x00, 0xff, 0x00, 0xff, 0x00, 0xff, 0x00, 0xff, 0x00, 0xff, 0x00, 0xff, 0x00, 0xff, 0x00, 0xff, 0x00, 0xff, 0x00, 0xff, 0x00, 0xff, 0x00, 0xff, 0x00, 0xff, 0x00, 0xff, 0x00, 0xff, 0x00, 0xff, 0x00, 0xff, 0x00, 0xff, 0x00, 0xff, 0x00, 0xff, 0x00, 0xff, 0x00, 0xff, 
  0x00, 0xff, 0x00, 0xff, 0x00, 0xff, 0x00, 0xff, 0x00, 0xff, 0x00, 0xff, 0x00, 0xff, 0x00, 0xff, 0x00, 0xff, 0x00, 0xff, 0x00, 0xff, 0x00, 0xff, 0x00, 0xff, 0x00, 0xff, 0x00, 0xff, 0x00, 0xff, 0x00, 0xff, 0x00, 0xff, 0x00, 0xff, 0x00, 0xff, 0x00, 0xff, 0x00, 0xff, 0x00, 0xff, 0x00, 0xff, 0x00, 0xff, 0x00, 0xff, 0x00, 0xff, 0x00, 0xff, 0x00, 0xff, 0x00, 0xff, 0x00, 0xff, 0x00, 0xff, 0x00, 0xff, 0x00, 0xff, 0x00, 0xff, 0x00, 0xff, 
  0x00, 0xff, 0x00, 0xff, 0x00, 0xff, 0x00, 0xff, 0x00, 0xff, 0x00, 0xff, 0x00, 0xff, 0x00, 0xff, 0x00, 0xff, 0x00, 0xff, 0x00, 0xff, 0x00, 0xff, 0x00, 0xff, 0x00, 0xff, 0x00, 0xff, 0x00, 0xff, 0x00, 0xff, 0x00, 0xff, 0x00, 0xff, 0x00, 0xff, 0x00, 0xff, 0x00, 0xff, 0x00, 0xff, 0x00, 0xff, 0x00, 0xff, 0x00, 0xff, 0x00, 0xff, 0x00, 0xff, 0x00, 0xff, 0x00, 0xff, 0x00, 0xff, 0x00, 0xff, 0x00, 0xff, 0x00, 0xff, 0x00, 0xff, 0x00, 0xff, 
  0x00, 0xff, 0x00, 0xff, 0x00, 0xff, 0x00, 0xff, 0x00, 0xff, 0x00, 0xff, 0x00, 0xff, 0x00, 0xff, 0x00, 0xff, 0x00, 0xff, 0x00, 0xff, 0x00, 0xff, 0x00, 0xff, 0x00, 0xff, 0x00, 0xff, 0x00, 0xff, 0x00, 0xff, 0x00, 0xff, 0x00, 0xff, 0x00, 0xff, 0x00, 0xff, 0x00, 0xff, 0x00, 0xff, 0x00, 0xff, 0x00, 0xff, 0x00, 0xff, 0x00, 0xff, 0x00, 0xff, 0x00, 0xff, 0x00, 0xff, 0x00, 0xff, 0x00, 0xff, 0x00, 0xff, 0x00, 0xff, 0x00, 0xff, 0x00, 0xff, 
  0x00, 0xff, 0x00, 0xff, 0x00, 0xff, 0x00, 0xff, 0x00, 0xff, 0x00, 0xff, 0x00, 0xff, 0x00, 0xff, 0x00, 0xff, 0x00, 0xff, 0x00, 0xff, 0x00, 0xff, 0x00, 0xff, 0x00, 0xff, 0x00, 0xff, 0x00, 0xff, 0x00, 0xff, 0x00, 0xff, 0x00, 0xff, 0x00, 0xff, 0x00, 0xff, 0x00, 0xff, 0x00, 0xff, 0x00, 0xff, 0x00, 0xff, 0x00, 0xff, 0x00, 0xff, 0x00, 0xff, 0x00, 0xff, 0x00, 0xff, 0x00, 0xff, 0x00, 0xff, 0x00, 0xff, 0x00, 0xff, 0x00, 0xff, 0x00, 0xff, 
  0x00, 0xff, 0x00, 0xff, 0x00, 0xff, 0x00, 0xff, 0x00, 0xff, 0x00, 0xff, 0x00, 0xff, 0x00, 0xff, 0x00, 0xff, 0x00, 0xff, 0x00, 0xff, 0x00, 0xff, 0x00, 0xff, 0x00, 0xff, 0x00, 0xff, 0x00, 0xff, 0x00, 0xff, 0x00, 0xff, 0x00, 0xff, 0x00, 0xff, 0x00, 0xff, 0x00, 0xff, 0x00, 0xff, 0x00, 0xff, 0x00, 0xff, 0x00, 0xff, 0x00, 0xff, 0x00, 0xff, 0x00, 0xff, 0x00, 0xff, 0x00, 0xff, 0x00, 0xff, 0x00, 0xff, 0x00, 0xff, 0x00, 0xff, 0x00, 0xff, 
  0x00, 0xff, 0x00, 0xff, 0x00, 0xff, 0x00, 0xff, 0x00, 0xff, 0x00, 0xff, 0x00, 0xff, 0x00, 0xff, 0x00, 0xff, 0x00, 0xff, 0x00, 0xff, 0x00, 0xff, 0x00, 0xff, 0x00, 0xff, 0x00, 0xff, 0x00, 0xff, 0x00, 0xff, 0x00, 0xff, 0x00, 0xff, 0x00, 0xff, 0x00, 0xff, 0x00, 0xff, 0x00, 0xff, 0x00, 0xff, 0x00, 0xff, 0x00, 0xff, 0x00, 0xff, 0x00, 0xff, 0x00, 0xff, 0x00, 0xff, 0x00, 0xff, 0x00, 0xff, 0x00, 0xff, 0x00, 0xff, 0x00, 0xff, 0x00, 0xff, 
  0x00, 0xff, 0x00, 0xff, 0x00, 0xff, 0x00, 0xff, 0x00, 0xff, 0x00, 0xff, 0x00, 0xff, 0x00, 0xff, 0x00, 0xff, 0x00, 0xff, 0x00, 0xff, 0x00, 0xff, 0x00, 0xff, 0x00, 0xff, 0x00, 0xff, 0x00, 0xff, 0x00, 0xff, 0x00, 0xff, 0x00, 0xff, 0x00, 0xff, 0x00, 0xff, 0x00, 0xff, 0x00, 0xff, 0x00, 0xff, 0x00, 0xff, 0x00, 0xff, 0x00, 0xff, 0x00, 0xff, 0x00, 0xff, 0x00, 0xff, 0x00, 0xff, 0x00, 0xff, 0x00, 0xff, 0x00, 0xff, 0x00, 0xff, 0x00, 0xff, 
  0x00, 0xff, 0x00, 0xff, 0x00, 0xff, 0x00, 0xff, 0x00, 0xff, 0x00, 0xff, 0x00, 0xff, 0x00, 0xff, 0x00, 0xff, 0x00, 0xff, 0x00, 0xff, 0x00, 0xff, 0x00, 0xff, 0x00, 0xff, 0x00, 0xff, 0x00, 0xff, 0x00, 0xff, 0x00, 0xff, 0x00, 0xff, 0x00, 0xff, 0x00, 0xff, 0x00, 0xff, 0x00, 0xff, 0x00, 0xff, 0x00, 0xff, 0x00, 0xff, 0x00, 0xff, 0x00, 0xff, 0x00, 0xff, 0x00, 0xff, 0x00, 0xff, 0x00, 0xff, 0x00, 0xff, 0x00, 0xff, 0x00, 0xff, 0x00, 0xff, 
  0x00, 0xff, 0x00, 0xff, 0x00, 0xff, 0x00, 0xff, 0x00, 0xff, 0x00, 0xff, 0x00, 0xff, 0x00, 0xff, 0x00, 0xff, 0x00, 0xff, 0x00, 0xff, 0x00, 0xff, 0x00, 0xff, 0x00, 0xff, 0x00, 0xff, 0x00, 0xff, 0x00, 0xff, 0x00, 0xff, 0x00, 0xff, 0x00, 0xff, 0x00, 0xff, 0x00, 0xff, 0x00, 0xff, 0x00, 0xff, 0x00, 0xff, 0x00, 0xff, 0x00, 0xff, 0x00, 0xff, 0x00, 0xff, 0x00, 0xff, 0x00, 0xff, 0x00, 0xff, 0x00, 0xff, 0x00, 0xff, 0x00, 0xff, 0x00, 0xff, 
  0x00, 0xff, 0x00, 0xff, 0x00, 0xff, 0x00, 0xff, 0x00, 0xff, 0x00, 0xff, 0x00, 0xff, 0x00, 0xff, 0x00, 0xff, 0x00, 0xff, 0x00, 0xff, 0x00, 0xff, 0x00, 0xff, 0x00, 0xff, 0x00, 0xff, 0x00, 0xff, 0x00, 0xff, 0x00, 0xff, 0x00, 0xff, 0x00, 0xff, 0x00, 0xff, 0x00, 0xff, 0x00, 0xff, 0x00, 0xff, 0x00, 0xff, 0x00, 0xff, 0x00, 0xff, 0x00, 0xff, 0x00, 0xff, 0x00, 0xff, 0x00, 0xff, 0x00, 0xff, 0x00, 0xff, 0x00, 0xff, 0x00, 0xff, 0x00, 0xff, 
  0x00, 0xff, 0x00, 0xff, 0x00, 0xff, 0x00, 0xff, 0x00, 0xff, 0x00, 0xff, 0x00, 0xff, 0x00, 0xff, 0x00, 0xff, 0x00, 0xff, 0x00, 0xff, 0x00, 0xff, 0x00, 0xff, 0x00, 0xff, 0x00, 0xff, 0x00, 0xff, 0x00, 0xff, 0x00, 0xff, 0x00, 0xff, 0x00, 0xff, 0x00, 0xff, 0x00, 0xff, 0x00, 0xff, 0x00, 0xff, 0x00, 0xff, 0x00, 0xff, 0x00, 0xff, 0x00, 0xff, 0x00, 0xff, 0x00, 0xff, 0x00, 0xff, 0x00, 0xff, 0x00, 0xff, 0x00, 0xff, 0x00, 0xff, 0x00, 0xff, 
  0x00, 0xff, 0x00, 0xff, 0x00, 0xff, 0x00, 0xff, 0x00, 0xff, 0x00, 0xff, 0x00, 0xff, 0x00, 0xff, 0x00, 0xff, 0x00, 0xff, 0x00, 0xff, 0x00, 0xff, 0x00, 0xff, 0x00, 0xff, 0x00, 0xff, 0x00, 0xff, 0x00, 0xff, 0x00, 0xff, 0x00, 0xff, 0x00, 0xff, 0x00, 0xff, 0x00, 0xff, 0x00, 0xff, 0x00, 0xff, 0x00, 0xff, 0x00, 0xff, 0x00, 0xff, 0x00, 0xff, 0x00, 0xff, 0x00, 0xff, 0x00, 0xff, 0x00, 0xff, 0x00, 0xff, 0x00, 0xff, 0x00, 0xff, 0x00, 0xff, 
  0x00, 0xff, 0x00, 0xff, 0x00, 0xff, 0x00, 0xff, 0x00, 0xff, 0x00, 0xff, 0x00, 0xff, 0x00, 0xff, 0x00, 0xff, 0x00, 0xff, 0x00, 0xff, 0x00, 0xff, 0x00, 0xff, 0x00, 0xff, 0x00, 0xff, 0x00, 0xff, 0x00, 0xff, 0x00, 0xff, 0x00, 0xff, 0x00, 0xff, 0x00, 0xff, 0x00, 0xff, 0x00, 0xff, 0x00, 0xff, 0x00, 0xff, 0x00, 0xff, 0x00, 0xff, 0x00, 0xff, 0x00, 0xff, 0x00, 0xff, 0x00, 0xff, 0x00, 0xff, 0x00, 0xff, 0x00, 0xff, 0x00, 0xff, 0x00, 0xff, 
  0x00, 0xff, 0x00, 0xff, 0x00, 0xff, 0x00, 0xff, 0x00, 0xff, 0x00, 0xff, 0x00, 0xff, 0x00, 0xff, 0x00, 0xff, 0x00, 0xff, 0x00, 0xff, 0x00, 0xff, 0x00, 0xff, 0x00, 0xff, 0x00, 0xff, 0x00, 0xff, 0x00, 0xff, 0x00, 0xff, 0x00, 0xff, 0x00, 0xff, 0x00, 0xff, 0x00, 0xff, 0x00, 0xff, 0x00, 0xff, 0x00, 0xff, 0x00, 0xff, 0x00, 0xff, 0x00, 0xff, 0x00, 0xff, 0x00, 0xff, 0x00, 0xff, 0x00, 0xff, 0x00, 0xff, 0x00, 0xff, 0x00, 0xff, 0x00, 0xff, 
  0x00, 0xff, 0x00, 0xff, 0x00, 0xff, 0x00, 0xff, 0x00, 0xff, 0x00, 0xff, 0x00, 0xff, 0x00, 0xff, 0x00, 0xff, 0x00, 0xff, 0x00, 0xff, 0x00, 0xff, 0x00, 0xff, 0x00, 0xff, 0x00, 0xff, 0x00, 0xff, 0x00, 0xff, 0x00, 0xff, 0x00, 0xff, 0x00, 0xff, 0x00, 0xff, 0x00, 0xff, 0x00, 0xff, 0x00, 0xff, 0x00, 0xff, 0x00, 0xff, 0x00, 0xff, 0x00, 0xff, 0x00, 0xff, 0x00, 0xff, 0x00, 0xff, 0x00, 0xff, 0x00, 0xff, 0x00, 0xff, 0x00, 0xff, 0x00, 0xff, 
  0x00, 0xff, 0x00, 0xff, 0x00, 0xff, 0x00, 0xff, 0x00, 0xff, 0x00, 0xff, 0x00, 0xff, 0x00, 0xff, 0x00, 0xff, 0x00, 0xff, 0x00, 0xff, 0x00, 0xff, 0x00, 0xff, 0x00, 0xff, 0x00, 0xff, 0x00, 0xff, 0x00, 0xff, 0x00, 0xff, 0x00, 0xff, 0x00, 0xff, 0x00, 0xff, 0x00, 0xff, 0x00, 0xff, 0x00, 0xff, 0x00, 0xff, 0x00, 0xff, 0x00, 0xff, 0x00, 0xff, 0x00, 0xff, 0x00, 0xff, 0x00, 0xff, 0x00, 0xff, 0x00, 0xff, 0x00, 0xff, 0x00, 0xff, 0x00, 0xff, 
  0x00, 0xff, 0x00, 0xff, 0x00, 0xff, 0x00, 0xff, 0x00, 0xff, 0x00, 0xff, 0x00, 0xff, 0x00, 0xff, 0x00, 0xff, 0x00, 0xff, 0x00, 0xff, 0x00, 0xff, 0x00, 0xff, 0x00, 0xff, 0x00, 0xff, 0x00, 0xff, 0x00, 0xff, 0x00, 0xff, 0x00, 0xff, 0x00, 0xff, 0x00, 0xff, 0x00, 0xff, 0x00, 0xff, 0x00, 0xff, 0x00, 0xff, 0x00, 0xff, 0x00, 0xff, 0x00, 0xff, 0x00, 0xff, 0x00, 0xff, 0x00, 0xff, 0x00, 0xff, 0x00, 0xff, 0x00, 0xff, 0x00, 0xff, 0x00, 0xff, 
  0x00, 0xff, 0x00, 0xff, 0x00, 0xff, 0x00, 0xff, 0x00, 0xff, 0x00, 0xff, 0x00, 0xff, 0x00, 0xff, 0x00, 0xff, 0x00, 0xff, 0x00, 0xff, 0x00, 0xff, 0x00, 0xff, 0x00, 0xff, 0x00, 0xff, 0x00, 0xff, 0x00, 0xff, 0x00, 0xff, 0x00, 0xff, 0x00, 0xff, 0x00, 0xff, 0x00, 0xff, 0x00, 0xff, 0x00, 0xff, 0x00, 0xff, 0x00, 0xff, 0x00, 0xff, 0x00, 0xff, 0x00, 0xff, 0x00, 0xff, 0x00, 0xff, 0x00, 0xff, 0x00, 0xff, 0x00, 0xff, 0x00, 0xff, 0x00, 0xff, 
  0x00, 0xff, 0x00, 0xff, 0x00, 0xff, 0x00, 0xff, 0x00, 0xff, 0x00, 0xff, 0x00, 0xff, 0x00, 0xff, 0x00, 0xff, 0x00, 0xff, 0x00, 0xff, 0x00, 0xff, 0x00, 0xff, 0x00, 0xff, 0x00, 0xff, 0x00, 0xff, 0x00, 0xff, 0x00, 0xff, 0x00, 0xff, 0x00, 0xff, 0x00, 0xff, 0x00, 0xff, 0x00, 0xff, 0x00, 0xff, 0x00, 0xff, 0x00, 0xff, 0x00, 0xff, 0x00, 0xff, 0x00, 0xff, 0x00, 0xff, 0x00, 0xff, 0x00, 0xff, 0x00, 0xff, 0x00, 0xff, 0x00, 0xff, 0x00, 0xff, 
  0x00, 0xff, 0x00, 0xff, 0x00, 0xff, 0x00, 0xff, 0x00, 0xff, 0x00, 0xff, 0x00, 0xff, 0x00, 0xff, 0x00, 0xff, 0x00, 0xff, 0x00, 0xff, 0x00, 0xff, 0x00, 0xff, 0x00, 0xff, 0x00, 0xff, 0x00, 0xff, 0x00, 0xff, 0x00, 0xff, 0x00, 0xff, 0x00, 0xff, 0x00, 0xff, 0x00, 0xff, 0x00, 0xff, 0x00, 0xff, 0x00, 0xff, 0x00, 0xff, 0x00, 0xff, 0x00, 0xff, 0x00, 0xff, 0x00, 0xff, 0x00, 0xff, 0x00, 0xff, 0x00, 0xff, 0x00, 0xff, 0x00, 0xff, 0x00, 0xff, 
  0x00, 0xff, 0x00, 0xff, 0x00, 0xff, 0x00, 0xff, 0x00, 0xff, 0x00, 0xff, 0x00, 0xff, 0x00, 0xff, 0x00, 0xff, 0x00, 0xff, 0x00, 0xff, 0x00, 0xff, 0x00, 0xff, 0x00, 0xff, 0x00, 0xff, 0x00, 0xff, 0x00, 0xff, 0x00, 0xff, 0x00, 0xff, 0x00, 0xff, 0x00, 0xff, 0x00, 0xff, 0x00, 0xff, 0x00, 0xff, 0x00, 0xff, 0x00, 0xff, 0x00, 0xff, 0x00, 0xff, 0x00, 0xff, 0x00, 0xff, 0x00, 0xff, 0x00, 0xff, 0x00, 0xff, 0x00, 0xff, 0x00, 0xff, 0x00, 0xff, 
  0x00, 0xff, 0x00, 0xff, 0x00, 0xff, 0x00, 0xff, 0x00, 0xff, 0x00, 0xff, 0x00, 0xff, 0x00, 0xff, 0x00, 0xff, 0x00, 0xff, 0x00, 0xff, 0x00, 0xff, 0x00, 0xff, 0x00, 0xff, 0x00, 0xff, 0x00, 0xff, 0x00, 0xff, 0x00, 0xff, 0x00, 0xff, 0x00, 0xff, 0x00, 0xff, 0x00, 0xff, 0x00, 0xff, 0x00, 0xff, 0x00, 0xff, 0x00, 0xff, 0x00, 0xff, 0x00, 0xff, 0x00, 0xff, 0x00, 0xff, 0x00, 0xff, 0x00, 0xff, 0x00, 0xff, 0x00, 0xff, 0x00, 0xff, 0x00, 0xff, 
  0x00, 0xff, 0x00, 0xff, 0x00, 0xff, 0x00, 0xff, 0x00, 0xff, 0x00, 0xff, 0x00, 0xff, 0x00, 0xff, 0x00, 0xff, 0x00, 0xff, 0x00, 0xff, 0x00, 0xff, 0x00, 0xff, 0x00, 0xff, 0x00, 0xff, 0x00, 0xff, 0x00, 0xff, 0x00, 0xff, 0x00, 0xff, 0x00, 0xff, 0x00, 0xff, 0x00, 0xff, 0x00, 0xff, 0x00, 0xff, 0x00, 0xff, 0x00, 0xff, 0x00, 0xff, 0x00, 0xff, 0x00, 0xff, 0x00, 0xff, 0x00, 0xff, 0x00, 0xff, 0x00, 0xff, 0x00, 0xff, 0x00, 0xff, 0x00, 0xff, 
  0x00, 0xff, 0x00, 0xff, 0x00, 0xff, 0x00, 0xff, 0x00, 0xff, 0x00, 0xff, 0x00, 0xff, 0x00, 0xff, 0x00, 0xff, 0x00, 0xff, 0x00, 0xff, 0x00, 0xff, 0x00, 0xff, 0x00, 0xff, 0x00, 0xff, 0x00, 0xff, 0x00, 0xff, 0x00, 0xff, 0x00, 0xff, 0x00, 0xff, 0x00, 0xff, 0x00, 0xff, 0x00, 0xff, 0x00, 0xff, 0x00, 0xff, 0x00, 0xff, 0x00, 0xff, 0x00, 0xff, 0x00, 0xff, 0x00, 0xff, 0x00, 0xff, 0x00, 0xff, 0x00, 0xff, 0x00, 0xff, 0x00, 0xff, 0x00, 0xff, 
  0x00, 0xff, 0x00, 0xff, 0x00, 0xff, 0x00, 0xff, 0x00, 0xff, 0x00, 0xff, 0x00, 0xff, 0x00, 0xff, 0x00, 0xff, 0x00, 0xff, 0x00, 0xff, 0x00, 0xff, 0x00, 0xff, 0x00, 0xff, 0x00, 0xff, 0x00, 0xff, 0x00, 0xff, 0x00, 0xff, 0x00, 0xff, 0x00, 0xff, 0x00, 0xff, 0x00, 0xff, 0x00, 0xff, 0x00, 0xff, 0x00, 0xff, 0x00, 0xff, 0x00, 0xff, 0x00, 0xff, 0x00, 0xff, 0x00, 0xff, 0x00, 0xff, 0x00, 0xff, 0x00, 0xff, 0x00, 0xff, 0x00, 0xff, 0x00, 0xff, 
  0x00, 0xff, 0x00, 0xff, 0x00, 0xff, 0x00, 0xff, 0x00, 0xff, 0x00, 0xff, 0x00, 0xff, 0x00, 0xff, 0x00, 0xff, 0x00, 0xff, 0x00, 0xff, 0x00, 0xff, 0x00, 0xff, 0x00, 0xff, 0x00, 0xff, 0x00, 0xff, 0x00, 0xff, 0x00, 0xff, 0x00, 0xff, 0x00, 0xff, 0x00, 0xff, 0x00, 0xff, 0x00, 0xff, 0x00, 0xff, 0x00, 0xff, 0x00, 0xff, 0x00, 0xff, 0x00, 0xff, 0x00, 0xff, 0x00, 0xff, 0x00, 0xff, 0x00, 0xff, 0x00, 0xff, 0x00, 0xff, 0x00, 0xff, 0x00, 0xff, 
  0x00, 0xff, 0x00, 0xff, 0x00, 0xff, 0x00, 0xff, 0x00, 0xff, 0x00, 0xff, 0x00, 0xff, 0x00, 0xff, 0x00, 0xff, 0x00, 0xff, 0x00, 0xff, 0x00, 0xff, 0x00, 0xff, 0x00, 0xff, 0x00, 0xff, 0x00, 0xff, 0x00, 0xff, 0x00, 0xff, 0x00, 0xff, 0x00, 0xff, 0x00, 0xff, 0x00, 0xff, 0x00, 0xff, 0x00, 0xff, 0x00, 0xff, 0x00, 0xff, 0x00, 0xff, 0x00, 0xff, 0x00, 0xff, 0x00, 0xff, 0x00, 0xff, 0x00, 0xff, 0x00, 0xff, 0x00, 0xff, 0x00, 0xff, 0x00, 0xff, 
  0x00, 0xff, 0x00, 0xff, 0x00, 0xff, 0x00, 0xff, 0x00, 0xff, 0x00, 0xff, 0x00, 0xff, 0x00, 0xff, 0x00, 0xff, 0x00, 0xff, 0x00, 0xff, 0x00, 0xff, 0x00, 0xff, 0x00, 0xff, 0x00, 0xff, 0x00, 0xff, 0x00, 0xff, 0x00, 0xff, 0x00, 0xff, 0x00, 0xff, 0x00, 0xff, 0x00, 0xff, 0x00, 0xff, 0x00, 0xff, 0x00, 0xff, 0x00, 0xff, 0x00, 0xff, 0x00, 0xff, 0x00, 0xff, 0x00, 0xff, 0x00, 0xff, 0x00, 0xff, 0x00, 0xff, 0x00, 0xff, 0x00, 0xff, 0x00, 0xff, 
  0x00, 0xff, 0x00, 0xff, 0x00, 0xff, 0x00, 0xff, 0x00, 0xff, 0x00, 0xff, 0x00, 0xff, 0x00, 0xff, 0x00, 0xff, 0x00, 0xff, 0x00, 0xff, 0x00, 0xff, 0x00, 0xff, 0x00, 0xff, 0x00, 0xff, 0x00, 0xff, 0x00, 0xff, 0x00, 0xff, 0x00, 0xff, 0x00, 0xff, 0x00, 0xff, 0x00, 0xff, 0x00, 0xff, 0x00, 0xff, 0x00, 0xff, 0x00, 0xff, 0x00, 0xff, 0x00, 0xff, 0x00, 0xff, 0x00, 0xff, 0x00, 0xff, 0x00, 0xff, 0x00, 0xff, 0x00, 0xff, 0x00, 0xff, 0x00, 0xff, 
  0x00, 0xff, 0x00, 0xff, 0x00, 0xff, 0x00, 0xff, 0x00, 0xff, 0x00, 0xff, 0x00, 0xff, 0x00, 0xff, 0x00, 0xff, 0x00, 0xff, 0x00, 0xff, 0x00, 0xff, 0x00, 0xff, 0x00, 0xff, 0x00, 0xff, 0x00, 0xff, 0x00, 0xff, 0x00, 0xff, 0x00, 0xff, 0x00, 0xff, 0x00, 0xff, 0x00, 0xff, 0x00, 0xff, 0x00, 0xff, 0x00, 0xff, 0x00, 0xff, 0x00, 0xff, 0x00, 0xff, 0x00, 0xff, 0x00, 0xff, 0x00, 0xff, 0x00, 0xff, 0x00, 0xff, 0x00, 0xff, 0x00, 0xff, 0x00, 0xff, 
  0x00, 0xff, 0x00, 0xff, 0x00, 0xff, 0x00, 0xff, 0x00, 0xff, 0x00, 0xff, 0x00, 0xff, 0x00, 0xff, 0x00, 0xff, 0x00, 0xff, 0x00, 0xff, 0x00, 0xff, 0x00, 0xff, 0x00, 0xff, 0x00, 0xff, 0x00, 0xff, 0x00, 0xff, 0x00, 0xff, 0x00, 0xff, 0x00, 0xff, 0x00, 0xff, 0x00, 0xff, 0x00, 0xff, 0x00, 0xff, 0x00, 0xff, 0x00, 0xff, 0x00, 0xff, 0x00, 0xff, 0x00, 0xff, 0x00, 0xff, 0x00, 0xff, 0x00, 0xff, 0x00, 0xff, 0x00, 0xff, 0x00, 0xff, 0x00, 0xff, 
  0x00, 0xff, 0x00, 0xff, 0x00, 0xff, 0x00, 0xff, 0x00, 0xff, 0x00, 0xff, 0x00, 0xff, 0x00, 0xff, 0x00, 0xff, 0x00, 0xff, 0x00, 0xff, 0x00, 0xff, 0x00, 0xff, 0x00, 0xff, 0x00, 0xff, 0x00, 0xff, 0x00, 0xff, 0x00, 0xff, 0x00, 0xff, 0x00, 0xff, 0x00, 0xff, 0x00, 0xff, 0x00, 0xff, 0x00, 0xff, 0x00, 0xff, 0x00, 0xff, 0x00, 0xff, 0x00, 0xff, 0x00, 0xff, 0x00, 0xff, 0x00, 0xff, 0x00, 0xff, 0x00, 0xff, 0x00, 0xff, 0x00, 0xff, 0x00, 0xff, 
  0x00, 0xff, 0x00, 0xff, 0x00, 0xff, 0x00, 0xff, 0x00, 0xff, 0x00, 0xff, 0x00, 0xff, 0x00, 0xff, 0x00, 0xff, 0x00, 0xff, 0x00, 0xff, 0x00, 0xff, 0x00, 0xff, 0x00, 0xff, 0x00, 0xff, 0x00, 0xff, 0x00, 0xff, 0x00, 0xff, 0x00, 0xff, 0x00, 0xff, 0x00, 0xff, 0x00, 0xff, 0x00, 0xff, 0x00, 0xff, 0x00, 0xff, 0x00, 0xff, 0x00, 0xff, 0x00, 0xff, 0x00, 0xff, 0x00, 0xff, 0x00, 0xff, 0x00, 0xff, 0x00, 0xff, 0x00, 0xff, 0x00, 0xff, 0x00, 0xff, 
  0x00, 0xff, 0x00, 0xff, 0x00, 0xff, 0x00, 0xff, 0x00, 0xff, 0x00, 0xff, 0x00, 0xff, 0x00, 0xff, 0x00, 0xff, 0x00, 0xff, 0x00, 0xff, 0x00, 0xff, 0x00, 0xff, 0x00, 0xff, 0x00, 0xff, 0x00, 0xff, 0x00, 0xff, 0x00, 0xff, 0x00, 0xff, 0x00, 0xff, 0x00, 0xff, 0x00, 0xff, 0x00, 0xff, 0x00, 0xff, 0x00, 0xff, 0x00, 0xff, 0x00, 0xff, 0x00, 0xff, 0x00, 0xff, 0x00, 0xff, 0x00, 0xff, 0x00, 0xff, 0x00, 0xff, 0x00, 0xff, 0x00, 0xff, 0x00, 0xff, 
  0x00, 0xff, 0x00, 0xff, 0x00, 0xff, 0x00, 0xff, 0x00, 0xff, 0x00, 0xff, 0x00, 0xff, 0x00, 0xff, 0x00, 0xff, 0x00, 0xff, 0x00, 0xff, 0x00, 0xff, 0x00, 0xff, 0x00, 0xff, 0x00, 0xff, 0x00, 0xff, 0x00, 0xff, 0x00, 0xff, 0x00, 0xff, 0x00, 0xff, 0x00, 0xff, 0x00, 0xff, 0x00, 0xff, 0x00, 0xff, 0x00, 0xff, 0x00, 0xff, 0x00, 0xff, 0x00, 0xff, 0x00, 0xff, 0x00, 0xff, 0x00, 0xff, 0x00, 0xff, 0x00, 0xff, 0x00, 0xff, 0x00, 0xff, 0x00, 0xff, 
  0x00, 0xff, 0x00, 0xff, 0x00, 0xff, 0x00, 0xff, 0x00, 0xff, 0x00, 0xff, 0x00, 0xff, 0x00, 0xff, 0x00, 0xff, 0x00, 0xff, 0x00, 0xff, 0x00, 0xff, 0x00, 0xff, 0x00, 0xff, 0x00, 0xff, 0x00, 0xff, 0x00, 0xff, 0x00, 0xff, 0x00, 0xff, 0x00, 0xff, 0x00, 0xff, 0x00, 0xff, 0x00, 0xff, 0x00, 0xff, 0x00, 0xff, 0x00, 0xff, 0x00, 0xff, 0x00, 0xff, 0x00, 0xff, 0x00, 0xff, 0x00, 0xff, 0x00, 0xff, 0x00, 0xff, 0x00, 0xff, 0x00, 0xff, 0x00, 0xff, 
  0x00, 0xff, 0x00, 0xff, 0x00, 0xff, 0x00, 0xff, 0x00, 0xff, 0x00, 0xff, 0x00, 0xff, 0x00, 0xff, 0x00, 0xff, 0x00, 0xff, 0x00, 0xff, 0x00, 0xff, 0x00, 0xff, 0x00, 0xff, 0x00, 0xff, 0x00, 0xff, 0x00, 0xff, 0x00, 0xff, 0x00, 0xff, 0x00, 0xff, 0x00, 0xff, 0x00, 0xff, 0x00, 0xff, 0x00, 0xff, 0x00, 0xff, 0x00, 0xff, 0x00, 0xff, 0x00, 0xff, 0x00, 0xff, 0x00, 0xff, 0x00, 0xff, 0x00, 0xff, 0x00, 0xff, 0x00, 0xff, 0x00, 0xff, 0x00, 0xff, 
  0x00, 0xff, 0x00, 0xff, 0x00, 0xff, 0x00, 0xff, 0x00, 0xff, 0x00, 0xff, 0x00, 0xff, 0x00, 0xff, 0x00, 0xff, 0x00, 0xff, 0x00, 0xff, 0x00, 0xff, 0x00, 0xff, 0x00, 0xff, 0x00, 0xff, 0x00, 0xff, 0x00, 0xff, 0x00, 0xff, 0x00, 0xff, 0x00, 0xff, 0x00, 0xff, 0x00, 0xff, 0x00, 0xff, 0x00, 0xff, 0x00, 0xff, 0x00, 0xff, 0x00, 0xff, 0x00, 0xff, 0x00, 0xff, 0x00, 0xff, 0x00, 0xff, 0x00, 0xff, 0x00, 0xff, 0x00, 0xff, 0x00, 0xff, 0x00, 0xff, 
  0x00, 0xff, 0x00, 0xff, 0x00, 0xff, 0x00, 0xff, 0x00, 0xff, 0x00, 0xff, 0x00, 0xff, 0x00, 0xff, 0x00, 0xff, 0x00, 0xff, 0x00, 0xff, 0x00, 0xff, 0x00, 0xff, 0x00, 0xff, 0x00, 0xff, 0x00, 0xff, 0x00, 0xff, 0x00, 0xff, 0x00, 0xff, 0x00, 0xff, 0x00, 0xff, 0x00, 0xff, 0x00, 0xff, 0x00, 0xff, 0x00, 0xff, 0x00, 0xff, 0x00, 0xff, 0x00, 0xff, 0x00, 0xff, 0x00, 0xff, 0x00, 0xff, 0x00, 0xff, 0x00, 0xff, 0x00, 0xff, 0x00, 0xff, 0x00, 0xff, 
  0x00, 0xff, 0x00, 0xff, 0x00, 0xff, 0x00, 0xff, 0x00, 0xff, 0x00, 0xff, 0x00, 0xff, 0x00, 0xff, 0x00, 0xff, 0x00, 0xff, 0x00, 0xff, 0x00, 0xff, 0x00, 0xff, 0x00, 0xff, 0x00, 0xff, 0x00, 0xff, 0x00, 0xff, 0x00, 0xff, 0x00, 0xff, 0x00, 0xff, 0x00, 0xff, 0x00, 0xff, 0x00, 0xff, 0x00, 0xff, 0x00, 0xff, 0x00, 0xff, 0x00, 0xff, 0x00, 0xff, 0x00, 0xff, 0x00, 0xff, 0x00, 0xff, 0x00, 0xff, 0x00, 0xff, 0x00, 0xff, 0x00, 0xff, 0x00, 0xff, 
  0x00, 0xff, 0x00, 0xff, 0x00, 0xff, 0x00, 0xff, 0x00, 0xff, 0x00, 0xff, 0x00, 0xff, 0x00, 0xff, 0x00, 0xff, 0x00, 0xff, 0x00, 0xff, 0x00, 0xff, 0x00, 0xff, 0x00, 0xff, 0x00, 0xff, 0x00, 0xff, 0x00, 0xff, 0x00, 0xff, 0x00, 0xff, 0x00, 0xff, 0x00, 0xff, 0x00, 0xff, 0x00, 0xff, 0x00, 0xff, 0x00, 0xff, 0x00, 0xff, 0x00, 0xff, 0x00, 0xff, 0x00, 0xff, 0x00, 0xff, 0x00, 0xff, 0x00, 0xff, 0x00, 0xff, 0x00, 0xff, 0x00, 0xff, 0x00, 0xff, 
  0x00, 0xff, 0x00, 0xff, 0x00, 0xff, 0x00, 0xff, 0x00, 0xff, 0x00, 0xff, 0x00, 0xff, 0x00, 0xff, 0x00, 0xff, 0x00, 0xff, 0x00, 0xff, 0x00, 0xff, 0x00, 0xff, 0x00, 0xff, 0x00, 0xff, 0x00, 0xff, 0x00, 0xff, 0x00, 0xff, 0x00, 0xff, 0x00, 0xff, 0x00, 0xff, 0x00, 0xff, 0x00, 0xff, 0x00, 0xff, 0x00, 0xff, 0x00, 0xff, 0x00, 0xff, 0x00, 0xff, 0x00, 0xff, 0x00, 0xff, 0x00, 0xff, 0x00, 0xff, 0x00, 0xff, 0x00, 0xff, 0x00, 0xff, 0x00, 0xff, 
  0x00, 0xff, 0x00, 0xff, 0x00, 0xff, 0x00, 0xff, 0x00, 0xff, 0x00, 0xff, 0x00, 0xff, 0x00, 0xff, 0x00, 0xff, 0x00, 0xff, 0x00, 0xff, 0x00, 0xff, 0x00, 0xff, 0x00, 0xff, 0x00, 0xff, 0x00, 0xff, 0x00, 0xff, 0x00, 0xff, 0x00, 0xff, 0x00, 0xff, 0x00, 0xff, 0x00, 0xff, 0x00, 0xff, 0x00, 0xff, 0x00, 0xff, 0x00, 0xff, 0x00, 0xff, 0x00, 0xff, 0x00, 0xff, 0x00, 0xff, 0x00, 0xff, 0x00, 0xff, 0x00, 0xff, 0x00, 0xff, 0x00, 0xff, 0x00, 0xff, 
  0x00, 0xff, 0x00, 0xff, 0x00, 0xff, 0x00, 0xff, 0x00, 0xff, 0x00, 0xff, 0x00, 0xff, 0x00, 0xff, 0x00, 0xff, 0x00, 0xff, 0x00, 0xff, 0x00, 0xff, 0x00, 0xff, 0x00, 0xff, 0x00, 0xff, 0x00, 0xff, 0x00, 0xff, 0x00, 0xff, 0x00, 0xff, 0x00, 0xff, 0x00, 0xff, 0x00, 0xff, 0x00, 0xff, 0x00, 0xff, 0x00, 0xff, 0x00, 0xff, 0x00, 0xff, 0x00, 0xff, 0x00, 0xff, 0x00, 0xff, 0x00, 0xff, 0x00, 0xff, 0x00, 0xff, 0x00, 0xff, 0x00, 0xff, 0x00, 0xff, 
  0x00, 0xff, 0x00, 0xff, 0x00, 0xff, 0x00, 0xff, 0x00, 0xff, 0x00, 0xff, 0x00, 0xff, 0x00, 0xff, 0x00, 0xff, 0x00, 0xff, 0x00, 0xff, 0x00, 0xff, 0x00, 0xff, 0x00, 0xff, 0x00, 0xff, 0x00, 0xff, 0x00, 0xff, 0x00, 0xff, 0x00, 0xff, 0x00, 0xff, 0x00, 0xff, 0x00, 0xff, 0x00, 0xff, 0x00, 0xff, 0x00, 0xff, 0x00, 0xff, 0x00, 0xff, 0x00, 0xff, 0x00, 0xff, 0x00, 0xff, 0x00, 0xff, 0x00, 0xff, 0x00, 0xff, 0x00, 0xff, 0x00, 0xff, 0x00, 0xff, 
  0x00, 0xff, 0x00, 0xff, 0x00, 0xff, 0x00, 0xff, 0x00, 0xff, 0x00, 0xff, 0x00, 0xff, 0x00, 0xff, 0x00, 0xff, 0x00, 0xff, 0x00, 0xff, 0x00, 0xff, 0x00, 0xff, 0x00, 0xff, 0x00, 0xff, 0x00, 0xff, 0x00, 0xff, 0x00, 0xff, 0x00, 0xff, 0x00, 0xff, 0x00, 0xff, 0x00, 0xff, 0x00, 0xff, 0x00, 0xff, 0x00, 0xff, 0x00, 0xff, 0x00, 0xff, 0x00, 0xff, 0x00, 0xff, 0x00, 0xff, 0x00, 0xff, 0x00, 0xff, 0x00, 0xff, 0x00, 0xff, 0x00, 0xff, 0x00, 0xff, 
  0x00, 0xff, 0x00, 0xff, 0x00, 0xff, 0x00, 0xff, 0x00, 0xff, 0x00, 0xff, 0x00, 0xff, 0x00, 0xff, 0x00, 0xff, 0x00, 0xff, 0x00, 0xff, 0x00, 0xff, 0x00, 0xff, 0x00, 0xff, 0x00, 0xff, 0x00, 0xff, 0x00, 0xff, 0x00, 0xff, 0x00, 0xff, 0x00, 0xff, 0x00, 0xff, 0x00, 0xff, 0x00, 0xff, 0x00, 0xff, 0x00, 0xff, 0x00, 0xff, 0x00, 0xff, 0x00, 0xff, 0x00, 0xff, 0x00, 0xff, 0x00, 0xff, 0x00, 0xff, 0x00, 0xff, 0x00, 0xff, 0x00, 0xff, 0x00, 0xff, 
  0x00, 0xff, 0x00, 0xff, 0x00, 0xff, 0x00, 0xff, 0x00, 0xff, 0x00, 0xff, 0x00, 0xff, 0x00, 0xff, 0x00, 0xff, 0x00, 0xff, 0x00, 0xff, 0x00, 0xff, 0x00, 0xff, 0x00, 0xff, 0x00, 0xff, 0x00, 0xff, 0x00, 0xff, 0x00, 0xff, 0x00, 0xff, 0x00, 0xff, 0x00, 0xff, 0x00, 0xff, 0x00, 0xff, 0x00, 0xff, 0x00, 0xff, 0x00, 0xff, 0x00, 0xff, 0x00, 0xff, 0x00, 0xff, 0x00, 0xff, 0x00, 0xff, 0x00, 0xff, 0x00, 0xff, 0x00, 0xff, 0x00, 0xff, 0x00, 0xff, 
  0x00, 0xff, 0x00, 0xff, 0x00, 0xff, 0x00, 0xff, 0x00, 0xff, 0x00, 0xff, 0x00, 0xff, 0x00, 0xff, 0x00, 0xff, 0x00, 0xff, 0x00, 0xff, 0x00, 0xff, 0x00, 0xff, 0x00, 0xff, 0x00, 0xff, 0x00, 0xff, 0x00, 0xff, 0x00, 0xff, 0x00, 0xff, 0x00, 0xff, 0x00, 0xff, 0x00, 0xff, 0x00, 0xff, 0x00, 0xff, 0x00, 0xff, 0x00, 0xff, 0x00, 0xff, 0x00, 0xff, 0x00, 0xff, 0x00, 0xff, 0x00, 0xff, 0x00, 0xff, 0x00, 0xff, 0x00, 0xff, 0x00, 0xff, 0x00, 0xff, 
  0x00, 0xff, 0x00, 0xff, 0x00, 0xff, 0x00, 0xff, 0x00, 0xff, 0x00, 0xff, 0x00, 0xff, 0x00, 0xff, 0x00, 0xff, 0x00, 0xff, 0x00, 0xff, 0x00, 0xff, 0x00, 0xff, 0x00, 0xff, 0x00, 0xff, 0x00, 0xff, 0x00, 0xff, 0x00, 0xff, 0x00, 0xff, 0x00, 0xff, 0x00, 0xff, 0x00, 0xff, 0x00, 0xff, 0x00, 0xff, 0x00, 0xff, 0x00, 0xff, 0x00, 0xff, 0x00, 0xff, 0x00, 0xff, 0x00, 0xff, 0x00, 0xff, 0x00, 0xff, 0x00, 0xff, 0x00, 0xff, 0x00, 0xff, 0x00, 0xff, 
  0x00, 0xff, 0x00, 0xff, 0x00, 0xff, 0x00, 0xff, 0x00, 0xff, 0x00, 0xff, 0x00, 0xff, 0x00, 0xff, 0x00, 0xff, 0x00, 0xff, 0x00, 0xff, 0x00, 0xff, 0x00, 0xff, 0x00, 0xff, 0x00, 0xff, 0x00, 0xff, 0x00, 0xff, 0x00, 0xff, 0x00, 0xff, 0x00, 0xff, 0x00, 0xff, 0x00, 0xff, 0x00, 0xff, 0x00, 0xff, 0x00, 0xff, 0x00, 0xff, 0x00, 0xff, 0x00, 0xff, 0x00, 0xff, 0x00, 0xff, 0x00, 0xff, 0x00, 0xff, 0x00, 0xff, 0x00, 0xff, 0x00, 0xff, 0x00, 0xff, 
  0x00, 0xb0, 0x00, 0xff, 0x00, 0xff, 0x00, 0xff, 0x00, 0xff, 0x00, 0xff, 0x00, 0xff, 0x00, 0xff, 0x00, 0xff, 0x00, 0xff, 0x00, 0xff, 0x00, 0xff, 0x00, 0xff, 0x00, 0xff, 0x00, 0xff, 0x00, 0xff, 0x00, 0xff, 0x00, 0xff, 0x00, 0xff, 0x00, 0xff, 0x00, 0xff, 0x00, 0xff, 0x00, 0xff, 0x00, 0xff, 0x00, 0xff, 0x00, 0xff, 0x00, 0xff, 0x00, 0xff, 0x00, 0xff, 0x00, 0xff, 0x00, 0xff, 0x00, 0xff, 0x00, 0xff, 0x00, 0xff, 0x00, 0xb0, 0x00, 0xff, 
  0x00, 0x40, 0x00, 0xff, 0x00, 0xff, 0x00, 0xff, 0x00, 0xff, 0x00, 0xff, 0x00, 0xff, 0x00, 0xff, 0x00, 0xff, 0x00, 0xff, 0x00, 0xff, 0x00, 0xff, 0x00, 0xff, 0x00, 0xff, 0x00, 0xff, 0x00, 0xff, 0x00, 0xff, 0x00, 0xff, 0x00, 0xff, 0x00, 0xff, 0x00, 0xff, 0x00, 0xff, 0x00, 0xff, 0x00, 0xff, 0x00, 0xff, 0x00, 0xff, 0x00, 0xff, 0x00, 0xff, 0x00, 0xff, 0x00, 0xff, 0x00, 0xff, 0x00, 0xff, 0x00, 0xff, 0x00, 0xff, 0x00, 0x40, 0x00, 0xff, 
  0x00, 0x00, 0x00, 0xff, 0x00, 0x80, 0x00, 0xff, 0x00, 0xff, 0x00, 0xff, 0x00, 0xff, 0x00, 0xff, 0x00, 0xff, 0x00, 0xff, 0x00, 0xff, 0x00, 0xff, 0x00, 0xff, 0x00, 0xff, 0x00, 0xff, 0x00, 0xff, 0x00, 0xff, 0x00, 0xff, 0x00, 0xff, 0x00, 0xff, 0x00, 0xff, 0x00, 0xff, 0x00, 0xff, 0x00, 0xff, 0x00, 0xff, 0x00, 0xff, 0x00, 0xff, 0x00, 0xff, 0x00, 0xff, 0x00, 0xff, 0x00, 0xff, 0x00, 0xff, 0x00, 0x80, 0x00, 0xff, 0x00, 0x00, 0x00, 0xff, 
  0x00, 0x00, 0x00, 0xff, 0x00, 0x00, 0x00, 0xff, 0x00, 0x40, 0x00, 0xff, 0x00, 0xb0, 0x00, 0xff, 0x00, 0xff, 0x00, 0xff, 0x00, 0xff, 0x00, 0xff, 0x00, 0xff, 0x00, 0xff, 0x00, 0xff, 0x00, 0xff, 0x00, 0xff, 0x00, 0xff, 0x00, 0xff, 0x00, 0xff, 0x00, 0xff, 0x00, 0xff, 0x00, 0xff, 0x00, 0xff, 0x00, 0xff, 0x00, 0xff, 0x00, 0xff, 0x00, 0xff, 0x00, 0xb0, 0x00, 0xff, 0x00, 0x40, 0x00, 0xff, 0x00, 0x00, 0x00, 0xff, 0x00, 0x00, 0x00, 0xff, 
#endif
};

const lv_img_dsc_t ui_img_mo_on = {
  .header.cf = LV_IMG_CF_TRUE_COLOR,
  .header.always_zero = 0,
  .header.reserved = 0,
  .header.w = 18,
  .header.h = 296,
  .data_size = 5328 * LV_COLOR_SIZE / 8,
  .data = ui_img_mo_on_map,
};
